input.ajouai0207,input.ajouai0206,0.93504
input.ajouai0208,input.ajouai0206,0.41504
input.ajouai0209,input.ajouai0206,0.22148
input.ajouai0210,input.ajouai0206,0.93504
input.CARROT2A,input.ajouai0206,0.01809
input.CARROT2B,input.ajouai0206,1.00000
input.CARROT2C,input.ajouai0206,0.51437
input.CARROT2D,input.ajouai0206,1.00000
input.CARROT2E,input.ajouai0206,0.14235
input.csiro02td1,input.ajouai0206,0.07295
input.csiro02td2,input.ajouai0206,0.51437
input.csiro02td3,input.ajouai0206,0.14235
input.csiro02td4,input.ajouai0206,0.14235
input.csiro02td5,input.ajouai0206,0.12147
input.fduwt11b0,input.ajouai0206,0.00013
input.fduwt11o1,input.ajouai0206,0.00000
input.fduwt11o2,input.ajouai0206,0.00000
input.fduwt11t1,input.ajouai0206,0.00000
input.fduwt11t2,input.ajouai0206,0.00000
input.ibmHaifaAP,input.ajouai0206,0.00000
input.ibmHaifaBase,input.ajouai0206,0.00000
input.ibmHaifaPR,input.ajouai0206,0.00000
input.ibmHaifaT10,input.ajouai0206,0.00000
input.ibmHaifaT10D,input.ajouai0206,0.00000
input.icttd1,input.ajouai0206,0.00000
input.icttd2,input.ajouai0206,0.00000
input.icttd3,input.ajouai0206,0.00001
input.Mercah,input.ajouai0206,0.00000
input.Mercure,input.ajouai0206,0.00046
input.MercureLynx,input.ajouai0206,0.03408
input.MU111,input.ajouai0206,0.00000
input.MU212,input.ajouai0206,0.03408
input.MU313,input.ajouai0206,0.01448
input.MU525,input.ajouai0206,0.00000
input.MU624,input.ajouai0206,0.00001
input.pirc2Wd1,input.ajouai0206,0.28934
input.pirc2Wd2,input.ajouai0206,0.03408
input.pltr02wt1,input.ajouai0206,0.00000
input.pltr02wt2,input.ajouai0206,0.00000
input.pltr02wt3,input.ajouai0206,0.00000
input.pltr02wt4,input.ajouai0206,0.00000
input.pltr02wt5,input.ajouai0206,0.19220
input.TDtfidf,input.ajouai0206,0.68362
input.TDwsdtfidf,input.ajouai0206,0.51437
input.thutd1,input.ajouai0206,0.00000
input.thutd2,input.ajouai0206,0.00000
input.thutd3,input.ajouai0206,0.00000
input.thutd4,input.ajouai0206,0.00000
input.thutd5,input.ajouai0206,0.00000
input.UAmsT02WtA,input.ajouai0206,0.07295
input.UAmsT02WtAcs,input.ajouai0206,0.68362
input.UAmsT02WtAri,input.ajouai0206,0.74441
input.UAmsT02WtT,input.ajouai0206,0.00000
input.UAmsT02WtTri,input.ajouai0206,0.62482
input.uic0101,input.ajouai0206,0.07295
input.uic0102,input.ajouai0206,0.32804
input.uic0103,input.ajouai0206,0.16587
input.uic0104,input.ajouai0206,0.05045
input.UniNEdi1,input.ajouai0206,0.25383
input.UniNEdi2,input.ajouai0206,0.36995
input.UniNEdi3,input.ajouai0206,0.36995
input.UniNEdi4,input.ajouai0206,0.00046
input.UniNEdi5,input.ajouai0206,0.00000
input.uog01ctaialh,input.ajouai0206,0.00256
input.uog02ctadh,input.ajouai0206,0.01809
input.uog03ctadqh,input.ajouai0206,0.00000
input.uog04cta2dqh,input.ajouai0206,0.00000
input.uog05tad,input.ajouai0206,0.00000
input.yedi01,input.ajouai0206,0.00013
input.yedi01no,input.ajouai0206,0.00024
input.ajouai0208,input.ajouai0207,0.46322
input.ajouai0209,input.ajouai0207,0.25383
input.ajouai0210,input.ajouai0207,0.87051
input.CARROT2A,input.ajouai0207,0.01448
input.CARROT2B,input.ajouai0207,0.93504
input.CARROT2C,input.ajouai0207,0.46322
input.CARROT2D,input.ajouai0207,0.93504
input.CARROT2E,input.ajouai0207,0.16587
input.csiro02td1,input.ajouai0207,0.06084
input.csiro02td2,input.ajouai0207,0.46322
input.csiro02td3,input.ajouai0207,0.16587
input.csiro02td4,input.ajouai0207,0.16587
input.csiro02td5,input.ajouai0207,0.10308
input.fduwt11b0,input.ajouai0207,0.00009
input.fduwt11o1,input.ajouai0207,0.00000
input.fduwt11o2,input.ajouai0207,0.00000
input.fduwt11t1,input.ajouai0207,0.00000
input.fduwt11t2,input.ajouai0207,0.00000
input.ibmHaifaAP,input.ajouai0207,0.00000
input.ibmHaifaBase,input.ajouai0207,0.00000
input.ibmHaifaPR,input.ajouai0207,0.00000
input.ibmHaifaT10,input.ajouai0207,0.00000
input.ibmHaifaT10D,input.ajouai0207,0.00000
input.icttd1,input.ajouai0207,0.00000
input.icttd2,input.ajouai0207,0.00000
input.icttd3,input.ajouai0207,0.00001
input.Mercah,input.ajouai0207,0.00000
input.Mercure,input.ajouai0207,0.00034
input.MercureLynx,input.ajouai0207,0.02776
input.MU111,input.ajouai0207,0.00000
input.MU212,input.ajouai0207,0.02776
input.MU313,input.ajouai0207,0.01151
input.MU525,input.ajouai0207,0.00000
input.MU624,input.ajouai0207,0.00000
input.pirc2Wd1,input.ajouai0207,0.25383
input.pirc2Wd2,input.ajouai0207,0.02776
input.pltr02wt1,input.ajouai0207,0.00000
input.pltr02wt2,input.ajouai0207,0.00000
input.pltr02wt3,input.ajouai0207,0.00000
input.pltr02wt4,input.ajouai0207,0.00000
input.pltr02wt5,input.ajouai0207,0.16587
input.TDtfidf,input.ajouai0207,0.62482
input.TDwsdtfidf,input.ajouai0207,0.46322
input.thutd1,input.ajouai0207,0.00000
input.thutd2,input.ajouai0207,0.00000
input.thutd3,input.ajouai0207,0.00000
input.thutd4,input.ajouai0207,0.00000
input.thutd5,input.ajouai0207,0.00000
input.UAmsT02WtA,input.ajouai0207,0.06084
input.UAmsT02WtAcs,input.ajouai0207,0.62482
input.UAmsT02WtAri,input.ajouai0207,0.68362
input.UAmsT02WtT,input.ajouai0207,0.00000
input.UAmsT02WtTri,input.ajouai0207,0.56831
input.uic0101,input.ajouai0207,0.06084
input.uic0102,input.ajouai0207,0.28934
input.uic0103,input.ajouai0207,0.14235
input.uic0104,input.ajouai0207,0.04158
input.UniNEdi1,input.ajouai0207,0.22148
input.UniNEdi2,input.ajouai0207,0.41504
input.UniNEdi3,input.ajouai0207,0.32804
input.UniNEdi4,input.ajouai0207,0.00034
input.UniNEdi5,input.ajouai0207,0.00000
input.uog01ctaialh,input.ajouai0207,0.00195
input.uog02ctadh,input.ajouai0207,0.01448
input.uog03ctadqh,input.ajouai0207,0.00000
input.uog04cta2dqh,input.ajouai0207,0.00000
input.uog05tad,input.ajouai0207,0.00000
input.yedi01,input.ajouai0207,0.00009
input.yedi01no,input.ajouai0207,0.00018
input.ajouai0209,input.ajouai0208,0.68362
input.ajouai0210,input.ajouai0208,0.36995
input.CARROT2A,input.ajouai0208,0.00148
input.CARROT2B,input.ajouai0208,0.41504
input.CARROT2C,input.ajouai0208,0.14235
input.CARROT2D,input.ajouai0208,0.41504
input.CARROT2E,input.ajouai0208,0.51437
input.csiro02td1,input.ajouai0208,0.00910
input.csiro02td2,input.ajouai0208,0.14235
input.csiro02td3,input.ajouai0208,0.51437
input.csiro02td4,input.ajouai0208,0.51437
input.csiro02td5,input.ajouai0208,0.01809
input.fduwt11b0,input.ajouai0208,0.00000
input.fduwt11o1,input.ajouai0208,0.00000
input.fduwt11o2,input.ajouai0208,0.00000
input.fduwt11t1,input.ajouai0208,0.00000
input.fduwt11t2,input.ajouai0208,0.00000
input.ibmHaifaAP,input.ajouai0208,0.00000
input.ibmHaifaBase,input.ajouai0208,0.00000
input.ibmHaifaPR,input.ajouai0208,0.00000
input.ibmHaifaT10,input.ajouai0208,0.00000
input.ibmHaifaT10D,input.ajouai0208,0.00000
input.icttd1,input.ajouai0208,0.00000
input.icttd2,input.ajouai0208,0.00000
input.icttd3,input.ajouai0208,0.00000
input.Mercah,input.ajouai0208,0.00000
input.Mercure,input.ajouai0208,0.00002
input.MercureLynx,input.ajouai0208,0.00334
input.MU111,input.ajouai0208,0.00000
input.MU212,input.ajouai0208,0.00334
input.MU313,input.ajouai0208,0.00111
input.MU525,input.ajouai0208,0.00000
input.MU624,input.ajouai0208,0.00000
input.pirc2Wd1,input.ajouai0208,0.06084
input.pirc2Wd2,input.ajouai0208,0.00334
input.pltr02wt1,input.ajouai0208,0.00000
input.pltr02wt2,input.ajouai0208,0.00000
input.pltr02wt3,input.ajouai0208,0.00000
input.pltr02wt4,input.ajouai0208,0.00000
input.pltr02wt5,input.ajouai0208,0.03408
input.TDtfidf,input.ajouai0208,0.22148
input.TDwsdtfidf,input.ajouai0208,0.14235
input.thutd1,input.ajouai0208,0.00000
input.thutd2,input.ajouai0208,0.00000
input.thutd3,input.ajouai0208,0.00000
input.thutd4,input.ajouai0208,0.00000
input.thutd5,input.ajouai0208,0.00000
input.UAmsT02WtA,input.ajouai0208,0.00910
input.UAmsT02WtAcs,input.ajouai0208,0.22148
input.UAmsT02WtAri,input.ajouai0208,0.25383
input.UAmsT02WtT,input.ajouai0208,0.00000
input.UAmsT02WtTri,input.ajouai0208,0.19220
input.uic0101,input.ajouai0208,0.00910
input.uic0102,input.ajouai0208,0.07295
input.uic0103,input.ajouai0208,0.02776
input.uic0104,input.ajouai0208,0.00558
input.UniNEdi1,input.ajouai0208,0.05045
input.UniNEdi2,input.ajouai0208,0.93504
input.UniNEdi3,input.ajouai0208,0.08696
input.UniNEdi4,input.ajouai0208,0.00002
input.UniNEdi5,input.ajouai0208,0.00000
input.uog01ctaialh,input.ajouai0208,0.00013
input.uog02ctadh,input.ajouai0208,0.00148
input.uog03ctadqh,input.ajouai0208,0.00000
input.uog04cta2dqh,input.ajouai0208,0.00000
input.uog05tad,input.ajouai0208,0.00000
input.yedi01,input.ajouai0208,0.00000
input.yedi01no,input.ajouai0208,0.00001
input.ajouai0210,input.ajouai0209,0.19220
input.CARROT2A,input.ajouai0209,0.00034
input.CARROT2B,input.ajouai0209,0.22148
input.CARROT2C,input.ajouai0209,0.06084
input.CARROT2D,input.ajouai0209,0.22148
input.CARROT2E,input.ajouai0209,0.80683
input.csiro02td1,input.ajouai0209,0.00256
input.csiro02td2,input.ajouai0209,0.06084
input.csiro02td3,input.ajouai0209,0.80683
input.csiro02td4,input.ajouai0209,0.80683
input.csiro02td5,input.ajouai0209,0.00558
input.fduwt11b0,input.ajouai0209,0.00000
input.fduwt11o1,input.ajouai0209,0.00000
input.fduwt11o2,input.ajouai0209,0.00000
input.fduwt11t1,input.ajouai0209,0.00000
input.fduwt11t2,input.ajouai0209,0.00000
input.ibmHaifaAP,input.ajouai0209,0.00000
input.ibmHaifaBase,input.ajouai0209,0.00000
input.ibmHaifaPR,input.ajouai0209,0.00000
input.ibmHaifaT10,input.ajouai0209,0.00000
input.ibmHaifaT10D,input.ajouai0209,0.00000
input.icttd1,input.ajouai0209,0.00000
input.icttd2,input.ajouai0209,0.00000
input.icttd3,input.ajouai0209,0.00000
input.Mercah,input.ajouai0209,0.00000
input.Mercure,input.ajouai0209,0.00000
input.MercureLynx,input.ajouai0209,0.00083
input.MU111,input.ajouai0209,0.00000
input.MU212,input.ajouai0209,0.00083
input.MU313,input.ajouai0209,0.00024
input.MU525,input.ajouai0209,0.00000
input.MU624,input.ajouai0209,0.00000
input.pirc2Wd1,input.ajouai0209,0.02248
input.pirc2Wd2,input.ajouai0209,0.00083
input.pltr02wt1,input.ajouai0209,0.00000
input.pltr02wt2,input.ajouai0209,0.00000
input.pltr02wt3,input.ajouai0209,0.00000
input.pltr02wt4,input.ajouai0209,0.00000
input.pltr02wt5,input.ajouai0209,0.01151
input.TDtfidf,input.ajouai0209,0.10308
input.TDwsdtfidf,input.ajouai0209,0.06084
input.thutd1,input.ajouai0209,0.00000
input.thutd2,input.ajouai0209,0.00000
input.thutd3,input.ajouai0209,0.00000
input.thutd4,input.ajouai0209,0.00000
input.thutd5,input.ajouai0209,0.00000
input.UAmsT02WtA,input.ajouai0209,0.00256
input.UAmsT02WtAcs,input.ajouai0209,0.10308
input.UAmsT02WtAri,input.ajouai0209,0.12147
input.UAmsT02WtT,input.ajouai0209,0.00000
input.UAmsT02WtTri,input.ajouai0209,0.08696
input.uic0101,input.ajouai0209,0.00256
input.uic0102,input.ajouai0209,0.02776
input.uic0103,input.ajouai0209,0.00910
input.uic0104,input.ajouai0209,0.00148
input.UniNEdi1,input.ajouai0209,0.01809
input.UniNEdi2,input.ajouai0209,0.74441
input.UniNEdi3,input.ajouai0209,0.03408
input.UniNEdi4,input.ajouai0209,0.00000
input.UniNEdi5,input.ajouai0209,0.00000
input.uog01ctaialh,input.ajouai0209,0.00002
input.uog02ctadh,input.ajouai0209,0.00034
input.uog03ctadqh,input.ajouai0209,0.00000
input.uog04cta2dqh,input.ajouai0209,0.00000
input.uog05tad,input.ajouai0209,0.00000
input.yedi01,input.ajouai0209,0.00000
input.yedi01no,input.ajouai0209,0.00000
input.CARROT2A,input.ajouai0210,0.02248
input.CARROT2B,input.ajouai0210,0.93504
input.CARROT2C,input.ajouai0210,0.56831
input.CARROT2D,input.ajouai0210,0.93504
input.CARROT2E,input.ajouai0210,0.12147
input.csiro02td1,input.ajouai0210,0.08696
input.csiro02td2,input.ajouai0210,0.56831
input.csiro02td3,input.ajouai0210,0.12147
input.csiro02td4,input.ajouai0210,0.12147
input.csiro02td5,input.ajouai0210,0.14235
input.fduwt11b0,input.ajouai0210,0.00018
input.fduwt11o1,input.ajouai0210,0.00000
input.fduwt11o2,input.ajouai0210,0.00001
input.fduwt11t1,input.ajouai0210,0.00000
input.fduwt11t2,input.ajouai0210,0.00000
input.ibmHaifaAP,input.ajouai0210,0.00000
input.ibmHaifaBase,input.ajouai0210,0.00000
input.ibmHaifaPR,input.ajouai0210,0.00000
input.ibmHaifaT10,input.ajouai0210,0.00000
input.ibmHaifaT10D,input.ajouai0210,0.00000
input.icttd1,input.ajouai0210,0.00000
input.icttd2,input.ajouai0210,0.00000
input.icttd3,input.ajouai0210,0.00001
input.Mercah,input.ajouai0210,0.00000
input.Mercure,input.ajouai0210,0.00062
input.MercureLynx,input.ajouai0210,0.04158
input.MU111,input.ajouai0210,0.00000
input.MU212,input.ajouai0210,0.04158
input.MU313,input.ajouai0210,0.01809
input.MU525,input.ajouai0210,0.00000
input.MU624,input.ajouai0210,0.00001
input.pirc2Wd1,input.ajouai0210,0.32804
input.pirc2Wd2,input.ajouai0210,0.04158
input.pltr02wt1,input.ajouai0210,0.00000
input.pltr02wt2,input.ajouai0210,0.00000
input.pltr02wt3,input.ajouai0210,0.00000
input.pltr02wt4,input.ajouai0210,0.00000
input.pltr02wt5,input.ajouai0210,0.22148
input.TDtfidf,input.ajouai0210,0.74441
input.TDwsdtfidf,input.ajouai0210,0.56831
input.thutd1,input.ajouai0210,0.00000
input.thutd2,input.ajouai0210,0.00000
input.thutd3,input.ajouai0210,0.00000
input.thutd4,input.ajouai0210,0.00000
input.thutd5,input.ajouai0210,0.00000
input.UAmsT02WtA,input.ajouai0210,0.08696
input.UAmsT02WtAcs,input.ajouai0210,0.74441
input.UAmsT02WtAri,input.ajouai0210,0.80683
input.UAmsT02WtT,input.ajouai0210,0.00000
input.UAmsT02WtTri,input.ajouai0210,0.68362
input.uic0101,input.ajouai0210,0.08696
input.uic0102,input.ajouai0210,0.36995
input.uic0103,input.ajouai0210,0.19220
input.uic0104,input.ajouai0210,0.06084
input.UniNEdi1,input.ajouai0210,0.28934
input.UniNEdi2,input.ajouai0210,0.32804
input.UniNEdi3,input.ajouai0210,0.41504
input.UniNEdi4,input.ajouai0210,0.00062
input.UniNEdi5,input.ajouai0210,0.00000
input.uog01ctaialh,input.ajouai0210,0.00334
input.uog02ctadh,input.ajouai0210,0.02248
input.uog03ctadqh,input.ajouai0210,0.00000
input.uog04cta2dqh,input.ajouai0210,0.00000
input.uog05tad,input.ajouai0210,0.00000
input.yedi01,input.ajouai0210,0.00018
input.yedi01no,input.ajouai0210,0.00034
input.CARROT2B,input.CARROT2A,0.01809
input.CARROT2C,input.CARROT2A,0.08696
input.CARROT2D,input.CARROT2A,0.01809
input.CARROT2E,input.CARROT2A,0.00013
input.csiro02td1,input.CARROT2A,0.56831
input.csiro02td2,input.CARROT2A,0.08696
input.csiro02td3,input.CARROT2A,0.00013
input.csiro02td4,input.CARROT2A,0.00013
input.csiro02td5,input.CARROT2A,0.41504
input.fduwt11b0,input.CARROT2A,0.14235
input.fduwt11o1,input.CARROT2A,0.00148
input.fduwt11o2,input.CARROT2A,0.02248
input.fduwt11t1,input.CARROT2A,0.00148
input.fduwt11t2,input.CARROT2A,0.00148
input.ibmHaifaAP,input.CARROT2A,0.00148
input.ibmHaifaBase,input.CARROT2A,0.00256
input.ibmHaifaPR,input.CARROT2A,0.00001
input.ibmHaifaT10,input.CARROT2A,0.00009
input.ibmHaifaT10D,input.CARROT2A,0.00024
input.icttd1,input.CARROT2A,0.00000
input.icttd2,input.CARROT2A,0.01448
input.icttd3,input.CARROT2A,0.03408
input.Mercah,input.CARROT2A,0.00005
input.Mercure,input.CARROT2A,0.25383
input.MercureLynx,input.CARROT2A,0.80683
input.MU111,input.CARROT2A,0.00433
input.MU212,input.CARROT2A,0.80683
input.MU313,input.CARROT2A,0.93504
input.MU525,input.CARROT2A,0.00148
input.MU624,input.CARROT2A,0.02776
input.pirc2Wd1,input.CARROT2A,0.19220
input.pirc2Wd2,input.CARROT2A,0.80683
input.pltr02wt1,input.CARROT2A,0.00062
input.pltr02wt2,input.CARROT2A,0.00000
input.pltr02wt3,input.CARROT2A,0.01448
input.pltr02wt4,input.CARROT2A,0.00062
input.pltr02wt5,input.CARROT2A,0.28934
input.TDtfidf,input.CARROT2A,0.05045
input.TDwsdtfidf,input.CARROT2A,0.08696
input.thutd1,input.CARROT2A,0.00083
input.thutd2,input.CARROT2A,0.00001
input.thutd3,input.CARROT2A,0.00000
input.thutd4,input.CARROT2A,0.00007
input.thutd5,input.CARROT2A,0.00000
input.UAmsT02WtA,input.CARROT2A,0.56831
input.UAmsT02WtAcs,input.CARROT2A,0.05045
input.UAmsT02WtAri,input.CARROT2A,0.04158
input.UAmsT02WtT,input.CARROT2A,0.01448
input.UAmsT02WtTri,input.CARROT2A,0.06084
input.uic0101,input.CARROT2A,0.56831
input.uic0102,input.CARROT2A,0.16587
input.uic0103,input.CARROT2A,0.32804
input.uic0104,input.CARROT2A,0.68362
input.UniNEdi1,input.CARROT2A,0.22148
input.UniNEdi2,input.CARROT2A,0.00111
input.UniNEdi3,input.CARROT2A,0.14235
input.UniNEdi4,input.CARROT2A,0.25383
input.UniNEdi5,input.CARROT2A,0.00111
input.uog01ctaialh,input.CARROT2A,0.51437
input.uog02ctadh,input.CARROT2A,1.00000
input.uog03ctadqh,input.CARROT2A,0.00148
input.uog04cta2dqh,input.CARROT2A,0.00018
input.uog05tad,input.CARROT2A,0.00002
input.yedi01,input.CARROT2A,0.14235
input.yedi01no,input.CARROT2A,0.19220
input.CARROT2C,input.CARROT2B,0.51437
input.CARROT2D,input.CARROT2B,1.00000
input.CARROT2E,input.CARROT2B,0.14235
input.csiro02td1,input.CARROT2B,0.07295
input.csiro02td2,input.CARROT2B,0.51437
input.csiro02td3,input.CARROT2B,0.14235
input.csiro02td4,input.CARROT2B,0.14235
input.csiro02td5,input.CARROT2B,0.12147
input.fduwt11b0,input.CARROT2B,0.00013
input.fduwt11o1,input.CARROT2B,0.00000
input.fduwt11o2,input.CARROT2B,0.00000
input.fduwt11t1,input.CARROT2B,0.00000
input.fduwt11t2,input.CARROT2B,0.00000
input.ibmHaifaAP,input.CARROT2B,0.00000
input.ibmHaifaBase,input.CARROT2B,0.00000
input.ibmHaifaPR,input.CARROT2B,0.00000
input.ibmHaifaT10,input.CARROT2B,0.00000
input.ibmHaifaT10D,input.CARROT2B,0.00000
input.icttd1,input.CARROT2B,0.00000
input.icttd2,input.CARROT2B,0.00000
input.icttd3,input.CARROT2B,0.00001
input.Mercah,input.CARROT2B,0.00000
input.Mercure,input.CARROT2B,0.00046
input.MercureLynx,input.CARROT2B,0.03408
input.MU111,input.CARROT2B,0.00000
input.MU212,input.CARROT2B,0.03408
input.MU313,input.CARROT2B,0.01448
input.MU525,input.CARROT2B,0.00000
input.MU624,input.CARROT2B,0.00001
input.pirc2Wd1,input.CARROT2B,0.28934
input.pirc2Wd2,input.CARROT2B,0.03408
input.pltr02wt1,input.CARROT2B,0.00000
input.pltr02wt2,input.CARROT2B,0.00000
input.pltr02wt3,input.CARROT2B,0.00000
input.pltr02wt4,input.CARROT2B,0.00000
input.pltr02wt5,input.CARROT2B,0.19220
input.TDtfidf,input.CARROT2B,0.68362
input.TDwsdtfidf,input.CARROT2B,0.51437
input.thutd1,input.CARROT2B,0.00000
input.thutd2,input.CARROT2B,0.00000
input.thutd3,input.CARROT2B,0.00000
input.thutd4,input.CARROT2B,0.00000
input.thutd5,input.CARROT2B,0.00000
input.UAmsT02WtA,input.CARROT2B,0.07295
input.UAmsT02WtAcs,input.CARROT2B,0.68362
input.UAmsT02WtAri,input.CARROT2B,0.74441
input.UAmsT02WtT,input.CARROT2B,0.00000
input.UAmsT02WtTri,input.CARROT2B,0.62482
input.uic0101,input.CARROT2B,0.07295
input.uic0102,input.CARROT2B,0.32804
input.uic0103,input.CARROT2B,0.16587
input.uic0104,input.CARROT2B,0.05045
input.UniNEdi1,input.CARROT2B,0.25383
input.UniNEdi2,input.CARROT2B,0.36995
input.UniNEdi3,input.CARROT2B,0.36995
input.UniNEdi4,input.CARROT2B,0.00046
input.UniNEdi5,input.CARROT2B,0.00000
input.uog01ctaialh,input.CARROT2B,0.00256
input.uog02ctadh,input.CARROT2B,0.01809
input.uog03ctadqh,input.CARROT2B,0.00000
input.uog04cta2dqh,input.CARROT2B,0.00000
input.uog05tad,input.CARROT2B,0.00000
input.yedi01,input.CARROT2B,0.00013
input.yedi01no,input.CARROT2B,0.00024
input.CARROT2D,input.CARROT2C,0.51437
input.CARROT2E,input.CARROT2C,0.03408
input.csiro02td1,input.CARROT2C,0.25383
input.csiro02td2,input.CARROT2C,1.00000
input.csiro02td3,input.CARROT2C,0.03408
input.csiro02td4,input.CARROT2C,0.03408
input.csiro02td5,input.CARROT2C,0.36995
input.fduwt11b0,input.CARROT2C,0.00148
input.fduwt11o1,input.CARROT2C,0.00000
input.fduwt11o2,input.CARROT2C,0.00007
input.fduwt11t1,input.CARROT2C,0.00000
input.fduwt11t2,input.CARROT2C,0.00000
input.ibmHaifaAP,input.CARROT2C,0.00000
input.ibmHaifaBase,input.CARROT2C,0.00000
input.ibmHaifaPR,input.CARROT2C,0.00000
input.ibmHaifaT10,input.CARROT2C,0.00000
input.ibmHaifaT10D,input.CARROT2C,0.00000
input.icttd1,input.CARROT2C,0.00000
input.icttd2,input.CARROT2C,0.00003
input.icttd3,input.CARROT2C,0.00013
input.Mercah,input.CARROT2C,0.00000
input.Mercure,input.CARROT2C,0.00433
input.MercureLynx,input.CARROT2C,0.14235
input.MU111,input.CARROT2C,0.00001
input.MU212,input.CARROT2C,0.14235
input.MU313,input.CARROT2C,0.07295
input.MU525,input.CARROT2C,0.00000
input.MU624,input.CARROT2C,0.00009
input.pirc2Wd1,input.CARROT2C,0.68362
input.pirc2Wd2,input.CARROT2C,0.14235
input.pltr02wt1,input.CARROT2C,0.00000
input.pltr02wt2,input.CARROT2C,0.00000
input.pltr02wt3,input.CARROT2C,0.00003
input.pltr02wt4,input.CARROT2C,0.00000
input.pltr02wt5,input.CARROT2C,0.51437
input.TDtfidf,input.CARROT2C,0.80683
input.TDwsdtfidf,input.CARROT2C,1.00000
input.thutd1,input.CARROT2C,0.00000
input.thutd2,input.CARROT2C,0.00000
input.thutd3,input.CARROT2C,0.00000
input.thutd4,input.CARROT2C,0.00000
input.thutd5,input.CARROT2C,0.00000
input.UAmsT02WtA,input.CARROT2C,0.25383
input.UAmsT02WtAcs,input.CARROT2C,0.80683
input.UAmsT02WtAri,input.CARROT2C,0.74441
input.UAmsT02WtT,input.CARROT2C,0.00003
input.UAmsT02WtTri,input.CARROT2C,0.87051
input.uic0101,input.CARROT2C,0.25383
input.uic0102,input.CARROT2C,0.74441
input.uic0103,input.CARROT2C,0.46322
input.uic0104,input.CARROT2C,0.19220
input.UniNEdi1,input.CARROT2C,0.62482
input.UniNEdi2,input.CARROT2C,0.12147
input.UniNEdi3,input.CARROT2C,0.80683
input.UniNEdi4,input.CARROT2C,0.00433
input.UniNEdi5,input.CARROT2C,0.00000
input.uog01ctaialh,input.CARROT2C,0.01809
input.uog02ctadh,input.CARROT2C,0.08696
input.uog03ctadqh,input.CARROT2C,0.00000
input.uog04cta2dqh,input.CARROT2C,0.00000
input.uog05tad,input.CARROT2C,0.00000
input.yedi01,input.CARROT2C,0.00148
input.yedi01no,input.CARROT2C,0.00256
input.CARROT2E,input.CARROT2D,0.14235
input.csiro02td1,input.CARROT2D,0.07295
input.csiro02td2,input.CARROT2D,0.51437
input.csiro02td3,input.CARROT2D,0.14235
input.csiro02td4,input.CARROT2D,0.14235
input.csiro02td5,input.CARROT2D,0.12147
input.fduwt11b0,input.CARROT2D,0.00013
input.fduwt11o1,input.CARROT2D,0.00000
input.fduwt11o2,input.CARROT2D,0.00000
input.fduwt11t1,input.CARROT2D,0.00000
input.fduwt11t2,input.CARROT2D,0.00000
input.ibmHaifaAP,input.CARROT2D,0.00000
input.ibmHaifaBase,input.CARROT2D,0.00000
input.ibmHaifaPR,input.CARROT2D,0.00000
input.ibmHaifaT10,input.CARROT2D,0.00000
input.ibmHaifaT10D,input.CARROT2D,0.00000
input.icttd1,input.CARROT2D,0.00000
input.icttd2,input.CARROT2D,0.00000
input.icttd3,input.CARROT2D,0.00001
input.Mercah,input.CARROT2D,0.00000
input.Mercure,input.CARROT2D,0.00046
input.MercureLynx,input.CARROT2D,0.03408
input.MU111,input.CARROT2D,0.00000
input.MU212,input.CARROT2D,0.03408
input.MU313,input.CARROT2D,0.01448
input.MU525,input.CARROT2D,0.00000
input.MU624,input.CARROT2D,0.00001
input.pirc2Wd1,input.CARROT2D,0.28934
input.pirc2Wd2,input.CARROT2D,0.03408
input.pltr02wt1,input.CARROT2D,0.00000
input.pltr02wt2,input.CARROT2D,0.00000
input.pltr02wt3,input.CARROT2D,0.00000
input.pltr02wt4,input.CARROT2D,0.00000
input.pltr02wt5,input.CARROT2D,0.19220
input.TDtfidf,input.CARROT2D,0.68362
input.TDwsdtfidf,input.CARROT2D,0.51437
input.thutd1,input.CARROT2D,0.00000
input.thutd2,input.CARROT2D,0.00000
input.thutd3,input.CARROT2D,0.00000
input.thutd4,input.CARROT2D,0.00000
input.thutd5,input.CARROT2D,0.00000
input.UAmsT02WtA,input.CARROT2D,0.07295
input.UAmsT02WtAcs,input.CARROT2D,0.68362
input.UAmsT02WtAri,input.CARROT2D,0.74441
input.UAmsT02WtT,input.CARROT2D,0.00000
input.UAmsT02WtTri,input.CARROT2D,0.62482
input.uic0101,input.CARROT2D,0.07295
input.uic0102,input.CARROT2D,0.32804
input.uic0103,input.CARROT2D,0.16587
input.uic0104,input.CARROT2D,0.05045
input.UniNEdi1,input.CARROT2D,0.25383
input.UniNEdi2,input.CARROT2D,0.36995
input.UniNEdi3,input.CARROT2D,0.36995
input.UniNEdi4,input.CARROT2D,0.00046
input.UniNEdi5,input.CARROT2D,0.00000
input.uog01ctaialh,input.CARROT2D,0.00256
input.uog02ctadh,input.CARROT2D,0.01809
input.uog03ctadqh,input.CARROT2D,0.00000
input.uog04cta2dqh,input.CARROT2D,0.00000
input.uog05tad,input.CARROT2D,0.00000
input.yedi01,input.CARROT2D,0.00013
input.yedi01no,input.CARROT2D,0.00024
input.csiro02td1,input.CARROT2E,0.00111
input.csiro02td2,input.CARROT2E,0.03408
input.csiro02td3,input.CARROT2E,1.00000
input.csiro02td4,input.CARROT2E,1.00000
input.csiro02td5,input.CARROT2E,0.00256
input.fduwt11b0,input.CARROT2E,0.00000
input.fduwt11o1,input.CARROT2E,0.00000
input.fduwt11o2,input.CARROT2E,0.00000
input.fduwt11t1,input.CARROT2E,0.00000
input.fduwt11t2,input.CARROT2E,0.00000
input.ibmHaifaAP,input.CARROT2E,0.00000
input.ibmHaifaBase,input.CARROT2E,0.00000
input.ibmHaifaPR,input.CARROT2E,0.00000
input.ibmHaifaT10,input.CARROT2E,0.00000
input.ibmHaifaT10D,input.CARROT2E,0.00000
input.icttd1,input.CARROT2E,0.00000
input.icttd2,input.CARROT2E,0.00000
input.icttd3,input.CARROT2E,0.00000
input.Mercah,input.CARROT2E,0.00000
input.Mercure,input.CARROT2E,0.00000
input.MercureLynx,input.CARROT2E,0.00034
input.MU111,input.CARROT2E,0.00000
input.MU212,input.CARROT2E,0.00034
input.MU313,input.CARROT2E,0.00009
input.MU525,input.CARROT2E,0.00000
input.MU624,input.CARROT2E,0.00000
input.pirc2Wd1,input.CARROT2E,0.01151
input.pirc2Wd2,input.CARROT2E,0.00034
input.pltr02wt1,input.CARROT2E,0.00000
input.pltr02wt2,input.CARROT2E,0.00000
input.pltr02wt3,input.CARROT2E,0.00000
input.pltr02wt4,input.CARROT2E,0.00000
input.pltr02wt5,input.CARROT2E,0.00558
input.TDtfidf,input.CARROT2E,0.06084
input.TDwsdtfidf,input.CARROT2E,0.03408
input.thutd1,input.CARROT2E,0.00000
input.thutd2,input.CARROT2E,0.00000
input.thutd3,input.CARROT2E,0.00000
input.thutd4,input.CARROT2E,0.00000
input.thutd5,input.CARROT2E,0.00000
input.UAmsT02WtA,input.CARROT2E,0.00111
input.UAmsT02WtAcs,input.CARROT2E,0.06084
input.UAmsT02WtAri,input.CARROT2E,0.07295
input.UAmsT02WtT,input.CARROT2E,0.00000
input.UAmsT02WtTri,input.CARROT2E,0.05045
input.uic0101,input.CARROT2E,0.00111
input.uic0102,input.CARROT2E,0.01448
input.uic0103,input.CARROT2E,0.00433
input.uic0104,input.CARROT2E,0.00062
input.UniNEdi1,input.CARROT2E,0.00910
input.UniNEdi2,input.CARROT2E,0.56831
input.UniNEdi3,input.CARROT2E,0.01809
input.UniNEdi4,input.CARROT2E,0.00000
input.UniNEdi5,input.CARROT2E,0.00000
input.uog01ctaialh,input.CARROT2E,0.00001
input.uog02ctadh,input.CARROT2E,0.00013
input.uog03ctadqh,input.CARROT2E,0.00000
input.uog04cta2dqh,input.CARROT2E,0.00000
input.uog05tad,input.CARROT2E,0.00000
input.yedi01,input.CARROT2E,0.00000
input.yedi01no,input.CARROT2E,0.00000
input.csiro02td2,input.csiro02td1,0.25383
input.csiro02td3,input.csiro02td1,0.00111
input.csiro02td4,input.csiro02td1,0.00111
input.csiro02td5,input.csiro02td1,0.80683
input.fduwt11b0,input.csiro02td1,0.04158
input.fduwt11o1,input.csiro02td1,0.00018
input.fduwt11o2,input.csiro02td1,0.00433
input.fduwt11t1,input.csiro02td1,0.00018
input.fduwt11t2,input.csiro02td1,0.00018
input.ibmHaifaAP,input.csiro02td1,0.00018
input.ibmHaifaBase,input.csiro02td1,0.00034
input.ibmHaifaPR,input.csiro02td1,0.00000
input.ibmHaifaT10,input.csiro02td1,0.00001
input.ibmHaifaT10D,input.csiro02td1,0.00002
input.icttd1,input.csiro02td1,0.00000
input.icttd2,input.csiro02td1,0.00256
input.icttd3,input.csiro02td1,0.00715
input.Mercah,input.csiro02td1,0.00000
input.Mercure,input.csiro02td1,0.08696
input.MercureLynx,input.csiro02td1,0.74441
input.MU111,input.csiro02td1,0.00062
input.MU212,input.csiro02td1,0.74441
input.MU313,input.csiro02td1,0.51437
input.MU525,input.csiro02td1,0.00018
input.MU624,input.csiro02td1,0.00558
input.pirc2Wd1,input.csiro02td1,0.46322
input.pirc2Wd2,input.csiro02td1,0.74441
input.pltr02wt1,input.csiro02td1,0.00007
input.pltr02wt2,input.csiro02td1,0.00000
input.pltr02wt3,input.csiro02td1,0.00256
input.pltr02wt4,input.csiro02td1,0.00007
input.pltr02wt5,input.csiro02td1,0.62482
input.TDtfidf,input.csiro02td1,0.16587
input.TDwsdtfidf,input.csiro02td1,0.25383
input.thutd1,input.csiro02td1,0.00009
input.thutd2,input.csiro02td1,0.00000
input.thutd3,input.csiro02td1,0.00000
input.thutd4,input.csiro02td1,0.00001
input.thutd5,input.csiro02td1,0.00000
input.UAmsT02WtA,input.csiro02td1,1.00000
input.UAmsT02WtAcs,input.csiro02td1,0.16587
input.UAmsT02WtAri,input.csiro02td1,0.14235
input.UAmsT02WtT,input.csiro02td1,0.00256
input.UAmsT02WtTri,input.csiro02td1,0.19220
input.uic0101,input.csiro02td1,1.00000
input.uic0102,input.csiro02td1,0.41504
input.uic0103,input.csiro02td1,0.68362
input.uic0104,input.csiro02td1,0.87051
input.UniNEdi1,input.csiro02td1,0.51437
input.UniNEdi2,input.csiro02td1,0.00715
input.UniNEdi3,input.csiro02td1,0.36995
input.UniNEdi4,input.csiro02td1,0.08696
input.UniNEdi5,input.csiro02td1,0.00013
input.uog01ctaialh,input.csiro02td1,0.22148
input.uog02ctadh,input.csiro02td1,0.56831
input.uog03ctadqh,input.csiro02td1,0.00018
input.uog04cta2dqh,input.csiro02td1,0.00002
input.uog05tad,input.csiro02td1,0.00000
input.yedi01,input.csiro02td1,0.04158
input.yedi01no,input.csiro02td1,0.06084
input.csiro02td3,input.csiro02td2,0.03408
input.csiro02td4,input.csiro02td2,0.03408
input.csiro02td5,input.csiro02td2,0.36995
input.fduwt11b0,input.csiro02td2,0.00148
input.fduwt11o1,input.csiro02td2,0.00000
input.fduwt11o2,input.csiro02td2,0.00007
input.fduwt11t1,input.csiro02td2,0.00000
input.fduwt11t2,input.csiro02td2,0.00000
input.ibmHaifaAP,input.csiro02td2,0.00000
input.ibmHaifaBase,input.csiro02td2,0.00000
input.ibmHaifaPR,input.csiro02td2,0.00000
input.ibmHaifaT10,input.csiro02td2,0.00000
input.ibmHaifaT10D,input.csiro02td2,0.00000
input.icttd1,input.csiro02td2,0.00000
input.icttd2,input.csiro02td2,0.00003
input.icttd3,input.csiro02td2,0.00013
input.Mercah,input.csiro02td2,0.00000
input.Mercure,input.csiro02td2,0.00433
input.MercureLynx,input.csiro02td2,0.14235
input.MU111,input.csiro02td2,0.00001
input.MU212,input.csiro02td2,0.14235
input.MU313,input.csiro02td2,0.07295
input.MU525,input.csiro02td2,0.00000
input.MU624,input.csiro02td2,0.00009
input.pirc2Wd1,input.csiro02td2,0.68362
input.pirc2Wd2,input.csiro02td2,0.14235
input.pltr02wt1,input.csiro02td2,0.00000
input.pltr02wt2,input.csiro02td2,0.00000
input.pltr02wt3,input.csiro02td2,0.00003
input.pltr02wt4,input.csiro02td2,0.00000
input.pltr02wt5,input.csiro02td2,0.51437
input.TDtfidf,input.csiro02td2,0.80683
input.TDwsdtfidf,input.csiro02td2,1.00000
input.thutd1,input.csiro02td2,0.00000
input.thutd2,input.csiro02td2,0.00000
input.thutd3,input.csiro02td2,0.00000
input.thutd4,input.csiro02td2,0.00000
input.thutd5,input.csiro02td2,0.00000
input.UAmsT02WtA,input.csiro02td2,0.25383
input.UAmsT02WtAcs,input.csiro02td2,0.80683
input.UAmsT02WtAri,input.csiro02td2,0.74441
input.UAmsT02WtT,input.csiro02td2,0.00003
input.UAmsT02WtTri,input.csiro02td2,0.87051
input.uic0101,input.csiro02td2,0.25383
input.uic0102,input.csiro02td2,0.74441
input.uic0103,input.csiro02td2,0.46322
input.uic0104,input.csiro02td2,0.19220
input.UniNEdi1,input.csiro02td2,0.62482
input.UniNEdi2,input.csiro02td2,0.12147
input.UniNEdi3,input.csiro02td2,0.80683
input.UniNEdi4,input.csiro02td2,0.00433
input.UniNEdi5,input.csiro02td2,0.00000
input.uog01ctaialh,input.csiro02td2,0.01809
input.uog02ctadh,input.csiro02td2,0.08696
input.uog03ctadqh,input.csiro02td2,0.00000
input.uog04cta2dqh,input.csiro02td2,0.00000
input.uog05tad,input.csiro02td2,0.00000
input.yedi01,input.csiro02td2,0.00148
input.yedi01no,input.csiro02td2,0.00256
input.csiro02td4,input.csiro02td3,1.00000
input.csiro02td5,input.csiro02td3,0.00256
input.fduwt11b0,input.csiro02td3,0.00000
input.fduwt11o1,input.csiro02td3,0.00000
input.fduwt11o2,input.csiro02td3,0.00000
input.fduwt11t1,input.csiro02td3,0.00000
input.fduwt11t2,input.csiro02td3,0.00000
input.ibmHaifaAP,input.csiro02td3,0.00000
input.ibmHaifaBase,input.csiro02td3,0.00000
input.ibmHaifaPR,input.csiro02td3,0.00000
input.ibmHaifaT10,input.csiro02td3,0.00000
input.ibmHaifaT10D,input.csiro02td3,0.00000
input.icttd1,input.csiro02td3,0.00000
input.icttd2,input.csiro02td3,0.00000
input.icttd3,input.csiro02td3,0.00000
input.Mercah,input.csiro02td3,0.00000
input.Mercure,input.csiro02td3,0.00000
input.MercureLynx,input.csiro02td3,0.00034
input.MU111,input.csiro02td3,0.00000
input.MU212,input.csiro02td3,0.00034
input.MU313,input.csiro02td3,0.00009
input.MU525,input.csiro02td3,0.00000
input.MU624,input.csiro02td3,0.00000
input.pirc2Wd1,input.csiro02td3,0.01151
input.pirc2Wd2,input.csiro02td3,0.00034
input.pltr02wt1,input.csiro02td3,0.00000
input.pltr02wt2,input.csiro02td3,0.00000
input.pltr02wt3,input.csiro02td3,0.00000
input.pltr02wt4,input.csiro02td3,0.00000
input.pltr02wt5,input.csiro02td3,0.00558
input.TDtfidf,input.csiro02td3,0.06084
input.TDwsdtfidf,input.csiro02td3,0.03408
input.thutd1,input.csiro02td3,0.00000
input.thutd2,input.csiro02td3,0.00000
input.thutd3,input.csiro02td3,0.00000
input.thutd4,input.csiro02td3,0.00000
input.thutd5,input.csiro02td3,0.00000
input.UAmsT02WtA,input.csiro02td3,0.00111
input.UAmsT02WtAcs,input.csiro02td3,0.06084
input.UAmsT02WtAri,input.csiro02td3,0.07295
input.UAmsT02WtT,input.csiro02td3,0.00000
input.UAmsT02WtTri,input.csiro02td3,0.05045
input.uic0101,input.csiro02td3,0.00111
input.uic0102,input.csiro02td3,0.01448
input.uic0103,input.csiro02td3,0.00433
input.uic0104,input.csiro02td3,0.00062
input.UniNEdi1,input.csiro02td3,0.00910
input.UniNEdi2,input.csiro02td3,0.56831
input.UniNEdi3,input.csiro02td3,0.01809
input.UniNEdi4,input.csiro02td3,0.00000
input.UniNEdi5,input.csiro02td3,0.00000
input.uog01ctaialh,input.csiro02td3,0.00001
input.uog02ctadh,input.csiro02td3,0.00013
input.uog03ctadqh,input.csiro02td3,0.00000
input.uog04cta2dqh,input.csiro02td3,0.00000
input.uog05tad,input.csiro02td3,0.00000
input.yedi01,input.csiro02td3,0.00000
input.yedi01no,input.csiro02td3,0.00000
input.csiro02td5,input.csiro02td4,0.00256
input.fduwt11b0,input.csiro02td4,0.00000
input.fduwt11o1,input.csiro02td4,0.00000
input.fduwt11o2,input.csiro02td4,0.00000
input.fduwt11t1,input.csiro02td4,0.00000
input.fduwt11t2,input.csiro02td4,0.00000
input.ibmHaifaAP,input.csiro02td4,0.00000
input.ibmHaifaBase,input.csiro02td4,0.00000
input.ibmHaifaPR,input.csiro02td4,0.00000
input.ibmHaifaT10,input.csiro02td4,0.00000
input.ibmHaifaT10D,input.csiro02td4,0.00000
input.icttd1,input.csiro02td4,0.00000
input.icttd2,input.csiro02td4,0.00000
input.icttd3,input.csiro02td4,0.00000
input.Mercah,input.csiro02td4,0.00000
input.Mercure,input.csiro02td4,0.00000
input.MercureLynx,input.csiro02td4,0.00034
input.MU111,input.csiro02td4,0.00000
input.MU212,input.csiro02td4,0.00034
input.MU313,input.csiro02td4,0.00009
input.MU525,input.csiro02td4,0.00000
input.MU624,input.csiro02td4,0.00000
input.pirc2Wd1,input.csiro02td4,0.01151
input.pirc2Wd2,input.csiro02td4,0.00034
input.pltr02wt1,input.csiro02td4,0.00000
input.pltr02wt2,input.csiro02td4,0.00000
input.pltr02wt3,input.csiro02td4,0.00000
input.pltr02wt4,input.csiro02td4,0.00000
input.pltr02wt5,input.csiro02td4,0.00558
input.TDtfidf,input.csiro02td4,0.06084
input.TDwsdtfidf,input.csiro02td4,0.03408
input.thutd1,input.csiro02td4,0.00000
input.thutd2,input.csiro02td4,0.00000
input.thutd3,input.csiro02td4,0.00000
input.thutd4,input.csiro02td4,0.00000
input.thutd5,input.csiro02td4,0.00000
input.UAmsT02WtA,input.csiro02td4,0.00111
input.UAmsT02WtAcs,input.csiro02td4,0.06084
input.UAmsT02WtAri,input.csiro02td4,0.07295
input.UAmsT02WtT,input.csiro02td4,0.00000
input.UAmsT02WtTri,input.csiro02td4,0.05045
input.uic0101,input.csiro02td4,0.00111
input.uic0102,input.csiro02td4,0.01448
input.uic0103,input.csiro02td4,0.00433
input.uic0104,input.csiro02td4,0.00062
input.UniNEdi1,input.csiro02td4,0.00910
input.UniNEdi2,input.csiro02td4,0.56831
input.UniNEdi3,input.csiro02td4,0.01809
input.UniNEdi4,input.csiro02td4,0.00000
input.UniNEdi5,input.csiro02td4,0.00000
input.uog01ctaialh,input.csiro02td4,0.00001
input.uog02ctadh,input.csiro02td4,0.00013
input.uog03ctadqh,input.csiro02td4,0.00000
input.uog04cta2dqh,input.csiro02td4,0.00000
input.uog05tad,input.csiro02td4,0.00000
input.yedi01,input.csiro02td4,0.00000
input.yedi01no,input.csiro02td4,0.00000
input.fduwt11b0,input.csiro02td5,0.02248
input.fduwt11o1,input.csiro02td5,0.00007
input.fduwt11o2,input.csiro02td5,0.00195
input.fduwt11t1,input.csiro02td5,0.00007
input.fduwt11t2,input.csiro02td5,0.00007
input.ibmHaifaAP,input.csiro02td5,0.00007
input.ibmHaifaBase,input.csiro02td5,0.00013
input.ibmHaifaPR,input.csiro02td5,0.00000
input.ibmHaifaT10,input.csiro02td5,0.00000
input.ibmHaifaT10D,input.csiro02td5,0.00001
input.icttd1,input.csiro02td5,0.00000
input.icttd2,input.csiro02td5,0.00111
input.icttd3,input.csiro02td5,0.00334
input.Mercah,input.csiro02td5,0.00000
input.Mercure,input.csiro02td5,0.05045
input.MercureLynx,input.csiro02td5,0.56831
input.MU111,input.csiro02td5,0.00024
input.MU212,input.csiro02td5,0.56831
input.MU313,input.csiro02td5,0.36995
input.MU525,input.csiro02td5,0.00007
input.MU624,input.csiro02td5,0.00256
input.pirc2Wd1,input.csiro02td5,0.62482
input.pirc2Wd2,input.csiro02td5,0.56831
input.pltr02wt1,input.csiro02td5,0.00002
input.pltr02wt2,input.csiro02td5,0.00000
input.pltr02wt3,input.csiro02td5,0.00111
input.pltr02wt4,input.csiro02td5,0.00002
input.pltr02wt5,input.csiro02td5,0.80683
input.TDtfidf,input.csiro02td5,0.25383
input.TDwsdtfidf,input.csiro02td5,0.36995
input.thutd1,input.csiro02td5,0.00003
input.thutd2,input.csiro02td5,0.00000
input.thutd3,input.csiro02td5,0.00000
input.thutd4,input.csiro02td5,0.00000
input.thutd5,input.csiro02td5,0.00000
input.UAmsT02WtA,input.csiro02td5,0.80683
input.UAmsT02WtAcs,input.csiro02td5,0.25383
input.UAmsT02WtAri,input.csiro02td5,0.22148
input.UAmsT02WtT,input.csiro02td5,0.00111
input.UAmsT02WtTri,input.csiro02td5,0.28934
input.uic0101,input.csiro02td5,0.80683
input.uic0102,input.csiro02td5,0.56831
input.uic0103,input.csiro02td5,0.87051
input.uic0104,input.csiro02td5,0.68362
input.UniNEdi1,input.csiro02td5,0.68362
input.UniNEdi2,input.csiro02td5,0.01448
input.UniNEdi3,input.csiro02td5,0.51437
input.UniNEdi4,input.csiro02td5,0.05045
input.UniNEdi5,input.csiro02td5,0.00005
input.uog01ctaialh,input.csiro02td5,0.14235
input.uog02ctadh,input.csiro02td5,0.41504
input.uog03ctadqh,input.csiro02td5,0.00007
input.uog04cta2dqh,input.csiro02td5,0.00001
input.uog05tad,input.csiro02td5,0.00000
input.yedi01,input.csiro02td5,0.02248
input.yedi01no,input.csiro02td5,0.03408
input.fduwt11o1,input.fduwt11b0,0.08696
input.fduwt11o2,input.fduwt11b0,0.41504
input.fduwt11t1,input.fduwt11b0,0.08696
input.fduwt11t2,input.fduwt11b0,0.08696
input.ibmHaifaAP,input.fduwt11b0,0.08696
input.ibmHaifaBase,input.fduwt11b0,0.12147
input.ibmHaifaPR,input.fduwt11b0,0.00195
input.ibmHaifaT10,input.fduwt11b0,0.01448
input.ibmHaifaT10D,input.fduwt11b0,0.02776
input.icttd1,input.fduwt11b0,0.00148
input.icttd2,input.fduwt11b0,0.32804
input.icttd3,input.fduwt11b0,0.51437
input.Mercah,input.fduwt11b0,0.00910
input.Mercure,input.fduwt11b0,0.74441
input.MercureLynx,input.fduwt11b0,0.08696
input.MU111,input.fduwt11b0,0.16587
input.MU212,input.fduwt11b0,0.08696
input.MU313,input.fduwt11b0,0.16587
input.MU525,input.fduwt11b0,0.08696
input.MU624,input.fduwt11b0,0.46322
input.pirc2Wd1,input.fduwt11b0,0.00558
input.pirc2Wd2,input.fduwt11b0,0.08696
input.pltr02wt1,input.fduwt11b0,0.05045
input.pltr02wt2,input.fduwt11b0,0.00034
input.pltr02wt3,input.fduwt11b0,0.32804
input.pltr02wt4,input.fduwt11b0,0.05045
input.pltr02wt5,input.fduwt11b0,0.01151
input.TDtfidf,input.fduwt11b0,0.00062
input.TDwsdtfidf,input.fduwt11b0,0.00148
input.thutd1,input.fduwt11b0,0.06084
input.thutd2,input.fduwt11b0,0.00334
input.thutd3,input.fduwt11b0,0.00148
input.thutd4,input.fduwt11b0,0.01151
input.thutd5,input.fduwt11b0,0.00007
input.UAmsT02WtA,input.fduwt11b0,0.04158
input.UAmsT02WtAcs,input.fduwt11b0,0.00062
input.UAmsT02WtAri,input.fduwt11b0,0.00046
input.UAmsT02WtT,input.fduwt11b0,0.32804
input.UAmsT02WtTri,input.fduwt11b0,0.00083
input.uic0101,input.fduwt11b0,0.04158
input.uic0102,input.fduwt11b0,0.00433
input.uic0103,input.fduwt11b0,0.01448
input.uic0104,input.fduwt11b0,0.06084
input.UniNEdi1,input.fduwt11b0,0.00715
input.UniNEdi2,input.fduwt11b0,0.00000
input.UniNEdi3,input.fduwt11b0,0.00334
input.UniNEdi4,input.fduwt11b0,0.74441
input.UniNEdi5,input.fduwt11b0,0.07295
input.uog01ctaialh,input.fduwt11b0,0.41504
input.uog02ctadh,input.fduwt11b0,0.14235
input.uog03ctadqh,input.fduwt11b0,0.08696
input.uog04cta2dqh,input.fduwt11b0,0.02248
input.uog05tad,input.fduwt11b0,0.00433
input.yedi01,input.fduwt11b0,1.00000
input.yedi01no,input.fduwt11b0,0.87051
input.fduwt11o2,input.fduwt11o1,0.36995
input.fduwt11t1,input.fduwt11o1,1.00000
input.fduwt11t2,input.fduwt11o1,1.00000
input.ibmHaifaAP,input.fduwt11o1,1.00000
input.ibmHaifaBase,input.fduwt11o1,0.87051
input.ibmHaifaPR,input.fduwt11o1,0.16587
input.ibmHaifaT10,input.fduwt11o1,0.46322
input.ibmHaifaT10D,input.fduwt11o1,0.62482
input.icttd1,input.fduwt11o1,0.14235
input.icttd2,input.fduwt11o1,0.46322
input.icttd3,input.fduwt11o1,0.28934
input.Mercah,input.fduwt11o1,0.36995
input.Mercure,input.fduwt11o1,0.04158
input.MercureLynx,input.fduwt11o1,0.00062
input.MU111,input.fduwt11o1,0.74441
input.MU212,input.fduwt11o1,0.00062
input.MU313,input.fduwt11o1,0.00195
input.MU525,input.fduwt11o1,1.00000
input.MU624,input.fduwt11o1,0.32804
input.pirc2Wd1,input.fduwt11o1,0.00001
input.pirc2Wd2,input.fduwt11o1,0.00062
input.pltr02wt1,input.fduwt11o1,0.80683
input.pltr02wt2,input.fduwt11o1,0.06084
input.pltr02wt3,input.fduwt11o1,0.46322
input.pltr02wt4,input.fduwt11o1,0.80683
input.pltr02wt5,input.fduwt11o1,0.00002
input.TDtfidf,input.fduwt11o1,0.00000
input.TDwsdtfidf,input.fduwt11o1,0.00000
input.thutd1,input.fduwt11o1,0.87051
input.thutd2,input.fduwt11o1,0.22148
input.thutd3,input.fduwt11o1,0.14235
input.thutd4,input.fduwt11o1,0.41504
input.thutd5,input.fduwt11o1,0.02248
input.UAmsT02WtA,input.fduwt11o1,0.00018
input.UAmsT02WtAcs,input.fduwt11o1,0.00000
input.UAmsT02WtAri,input.fduwt11o1,0.00000
input.UAmsT02WtT,input.fduwt11o1,0.46322
input.UAmsT02WtTri,input.fduwt11o1,0.00000
input.uic0101,input.fduwt11o1,0.00018
input.uic0102,input.fduwt11o1,0.00001
input.uic0103,input.fduwt11o1,0.00003
input.uic0104,input.fduwt11o1,0.00034
input.UniNEdi1,input.fduwt11o1,0.00001
input.UniNEdi2,input.fduwt11o1,0.00000
input.UniNEdi3,input.fduwt11o1,0.00000
input.UniNEdi4,input.fduwt11o1,0.04158
input.UniNEdi5,input.fduwt11o1,0.93504
input.uog01ctaialh,input.fduwt11o1,0.01151
input.uog02ctadh,input.fduwt11o1,0.00148
input.uog03ctadqh,input.fduwt11o1,1.00000
input.uog04cta2dqh,input.fduwt11o1,0.56831
input.uog05tad,input.fduwt11o1,0.25383
input.yedi01,input.fduwt11o1,0.08696
input.yedi01no,input.fduwt11o1,0.06084
input.fduwt11t1,input.fduwt11o2,0.36995
input.fduwt11t2,input.fduwt11o2,0.36995
input.ibmHaifaAP,input.fduwt11o2,0.36995
input.ibmHaifaBase,input.fduwt11o2,0.46322
input.ibmHaifaPR,input.fduwt11o2,0.02248
input.ibmHaifaT10,input.fduwt11o2,0.10308
input.ibmHaifaT10D,input.fduwt11o2,0.16587
input.icttd1,input.fduwt11o2,0.01809
input.icttd2,input.fduwt11o2,0.87051
input.icttd3,input.fduwt11o2,0.87051
input.Mercah,input.fduwt11o2,0.07295
input.Mercure,input.fduwt11o2,0.25383
input.MercureLynx,input.fduwt11o2,0.01151
input.MU111,input.fduwt11o2,0.56831
input.MU212,input.fduwt11o2,0.01151
input.MU313,input.fduwt11o2,0.02776
input.MU525,input.fduwt11o2,0.36995
input.MU624,input.fduwt11o2,0.93504
input.pirc2Wd1,input.fduwt11o2,0.00034
input.pirc2Wd2,input.fduwt11o2,0.01151
input.pltr02wt1,input.fduwt11o2,0.25383
input.pltr02wt2,input.fduwt11o2,0.00558
input.pltr02wt3,input.fduwt11o2,0.87051
input.pltr02wt4,input.fduwt11o2,0.25383
input.pltr02wt5,input.fduwt11o2,0.00083
input.TDtfidf,input.fduwt11o2,0.00002
input.TDwsdtfidf,input.fduwt11o2,0.00007
input.thutd1,input.fduwt11o2,0.28934
input.thutd2,input.fduwt11o2,0.03408
input.thutd3,input.fduwt11o2,0.01809
input.thutd4,input.fduwt11o2,0.08696
input.thutd5,input.fduwt11o2,0.00148
input.UAmsT02WtA,input.fduwt11o2,0.00433
input.UAmsT02WtAcs,input.fduwt11o2,0.00002
input.UAmsT02WtAri,input.fduwt11o2,0.00002
input.UAmsT02WtT,input.fduwt11o2,0.87051
input.UAmsT02WtTri,input.fduwt11o2,0.00003
input.uic0101,input.fduwt11o2,0.00433
input.uic0102,input.fduwt11o2,0.00024
input.uic0103,input.fduwt11o2,0.00111
input.uic0104,input.fduwt11o2,0.00715
input.UniNEdi1,input.fduwt11o2,0.00046
input.UniNEdi2,input.fduwt11o2,0.00000
input.UniNEdi3,input.fduwt11o2,0.00018
input.UniNEdi4,input.fduwt11o2,0.25383
input.UniNEdi5,input.fduwt11o2,0.32804
input.uog01ctaialh,input.fduwt11o2,0.10308
input.uog02ctadh,input.fduwt11o2,0.02248
input.uog03ctadqh,input.fduwt11o2,0.36995
input.uog04cta2dqh,input.fduwt11o2,0.14235
input.uog05tad,input.fduwt11o2,0.04158
input.yedi01,input.fduwt11o2,0.41504
input.yedi01no,input.fduwt11o2,0.32804
input.fduwt11t2,input.fduwt11t1,1.00000
input.ibmHaifaAP,input.fduwt11t1,1.00000
input.ibmHaifaBase,input.fduwt11t1,0.87051
input.ibmHaifaPR,input.fduwt11t1,0.16587
input.ibmHaifaT10,input.fduwt11t1,0.46322
input.ibmHaifaT10D,input.fduwt11t1,0.62482
input.icttd1,input.fduwt11t1,0.14235
input.icttd2,input.fduwt11t1,0.46322
input.icttd3,input.fduwt11t1,0.28934
input.Mercah,input.fduwt11t1,0.36995
input.Mercure,input.fduwt11t1,0.04158
input.MercureLynx,input.fduwt11t1,0.00062
input.MU111,input.fduwt11t1,0.74441
input.MU212,input.fduwt11t1,0.00062
input.MU313,input.fduwt11t1,0.00195
input.MU525,input.fduwt11t1,1.00000
input.MU624,input.fduwt11t1,0.32804
input.pirc2Wd1,input.fduwt11t1,0.00001
input.pirc2Wd2,input.fduwt11t1,0.00062
input.pltr02wt1,input.fduwt11t1,0.80683
input.pltr02wt2,input.fduwt11t1,0.06084
input.pltr02wt3,input.fduwt11t1,0.46322
input.pltr02wt4,input.fduwt11t1,0.80683
input.pltr02wt5,input.fduwt11t1,0.00002
input.TDtfidf,input.fduwt11t1,0.00000
input.TDwsdtfidf,input.fduwt11t1,0.00000
input.thutd1,input.fduwt11t1,0.87051
input.thutd2,input.fduwt11t1,0.22148
input.thutd3,input.fduwt11t1,0.14235
input.thutd4,input.fduwt11t1,0.41504
input.thutd5,input.fduwt11t1,0.02248
input.UAmsT02WtA,input.fduwt11t1,0.00018
input.UAmsT02WtAcs,input.fduwt11t1,0.00000
input.UAmsT02WtAri,input.fduwt11t1,0.00000
input.UAmsT02WtT,input.fduwt11t1,0.46322
input.UAmsT02WtTri,input.fduwt11t1,0.00000
input.uic0101,input.fduwt11t1,0.00018
input.uic0102,input.fduwt11t1,0.00001
input.uic0103,input.fduwt11t1,0.00003
input.uic0104,input.fduwt11t1,0.00034
input.UniNEdi1,input.fduwt11t1,0.00001
input.UniNEdi2,input.fduwt11t1,0.00000
input.UniNEdi3,input.fduwt11t1,0.00000
input.UniNEdi4,input.fduwt11t1,0.04158
input.UniNEdi5,input.fduwt11t1,0.93504
input.uog01ctaialh,input.fduwt11t1,0.01151
input.uog02ctadh,input.fduwt11t1,0.00148
input.uog03ctadqh,input.fduwt11t1,1.00000
input.uog04cta2dqh,input.fduwt11t1,0.56831
input.uog05tad,input.fduwt11t1,0.25383
input.yedi01,input.fduwt11t1,0.08696
input.yedi01no,input.fduwt11t1,0.06084
input.ibmHaifaAP,input.fduwt11t2,1.00000
input.ibmHaifaBase,input.fduwt11t2,0.87051
input.ibmHaifaPR,input.fduwt11t2,0.16587
input.ibmHaifaT10,input.fduwt11t2,0.46322
input.ibmHaifaT10D,input.fduwt11t2,0.62482
input.icttd1,input.fduwt11t2,0.14235
input.icttd2,input.fduwt11t2,0.46322
input.icttd3,input.fduwt11t2,0.28934
input.Mercah,input.fduwt11t2,0.36995
input.Mercure,input.fduwt11t2,0.04158
input.MercureLynx,input.fduwt11t2,0.00062
input.MU111,input.fduwt11t2,0.74441
input.MU212,input.fduwt11t2,0.00062
input.MU313,input.fduwt11t2,0.00195
input.MU525,input.fduwt11t2,1.00000
input.MU624,input.fduwt11t2,0.32804
input.pirc2Wd1,input.fduwt11t2,0.00001
input.pirc2Wd2,input.fduwt11t2,0.00062
input.pltr02wt1,input.fduwt11t2,0.80683
input.pltr02wt2,input.fduwt11t2,0.06084
input.pltr02wt3,input.fduwt11t2,0.46322
input.pltr02wt4,input.fduwt11t2,0.80683
input.pltr02wt5,input.fduwt11t2,0.00002
input.TDtfidf,input.fduwt11t2,0.00000
input.TDwsdtfidf,input.fduwt11t2,0.00000
input.thutd1,input.fduwt11t2,0.87051
input.thutd2,input.fduwt11t2,0.22148
input.thutd3,input.fduwt11t2,0.14235
input.thutd4,input.fduwt11t2,0.41504
input.thutd5,input.fduwt11t2,0.02248
input.UAmsT02WtA,input.fduwt11t2,0.00018
input.UAmsT02WtAcs,input.fduwt11t2,0.00000
input.UAmsT02WtAri,input.fduwt11t2,0.00000
input.UAmsT02WtT,input.fduwt11t2,0.46322
input.UAmsT02WtTri,input.fduwt11t2,0.00000
input.uic0101,input.fduwt11t2,0.00018
input.uic0102,input.fduwt11t2,0.00001
input.uic0103,input.fduwt11t2,0.00003
input.uic0104,input.fduwt11t2,0.00034
input.UniNEdi1,input.fduwt11t2,0.00001
input.UniNEdi2,input.fduwt11t2,0.00000
input.UniNEdi3,input.fduwt11t2,0.00000
input.UniNEdi4,input.fduwt11t2,0.04158
input.UniNEdi5,input.fduwt11t2,0.93504
input.uog01ctaialh,input.fduwt11t2,0.01151
input.uog02ctadh,input.fduwt11t2,0.00148
input.uog03ctadqh,input.fduwt11t2,1.00000
input.uog04cta2dqh,input.fduwt11t2,0.56831
input.uog05tad,input.fduwt11t2,0.25383
input.yedi01,input.fduwt11t2,0.08696
input.yedi01no,input.fduwt11t2,0.06084
input.ibmHaifaBase,input.ibmHaifaAP,0.87051
input.ibmHaifaPR,input.ibmHaifaAP,0.16587
input.ibmHaifaT10,input.ibmHaifaAP,0.46322
input.ibmHaifaT10D,input.ibmHaifaAP,0.62482
input.icttd1,input.ibmHaifaAP,0.14235
input.icttd2,input.ibmHaifaAP,0.46322
input.icttd3,input.ibmHaifaAP,0.28934
input.Mercah,input.ibmHaifaAP,0.36995
input.Mercure,input.ibmHaifaAP,0.04158
input.MercureLynx,input.ibmHaifaAP,0.00062
input.MU111,input.ibmHaifaAP,0.74441
input.MU212,input.ibmHaifaAP,0.00062
input.MU313,input.ibmHaifaAP,0.00195
input.MU525,input.ibmHaifaAP,1.00000
input.MU624,input.ibmHaifaAP,0.32804
input.pirc2Wd1,input.ibmHaifaAP,0.00001
input.pirc2Wd2,input.ibmHaifaAP,0.00062
input.pltr02wt1,input.ibmHaifaAP,0.80683
input.pltr02wt2,input.ibmHaifaAP,0.06084
input.pltr02wt3,input.ibmHaifaAP,0.46322
input.pltr02wt4,input.ibmHaifaAP,0.80683
input.pltr02wt5,input.ibmHaifaAP,0.00002
input.TDtfidf,input.ibmHaifaAP,0.00000
input.TDwsdtfidf,input.ibmHaifaAP,0.00000
input.thutd1,input.ibmHaifaAP,0.87051
input.thutd2,input.ibmHaifaAP,0.22148
input.thutd3,input.ibmHaifaAP,0.14235
input.thutd4,input.ibmHaifaAP,0.41504
input.thutd5,input.ibmHaifaAP,0.02248
input.UAmsT02WtA,input.ibmHaifaAP,0.00018
input.UAmsT02WtAcs,input.ibmHaifaAP,0.00000
input.UAmsT02WtAri,input.ibmHaifaAP,0.00000
input.UAmsT02WtT,input.ibmHaifaAP,0.46322
input.UAmsT02WtTri,input.ibmHaifaAP,0.00000
input.uic0101,input.ibmHaifaAP,0.00018
input.uic0102,input.ibmHaifaAP,0.00001
input.uic0103,input.ibmHaifaAP,0.00003
input.uic0104,input.ibmHaifaAP,0.00034
input.UniNEdi1,input.ibmHaifaAP,0.00001
input.UniNEdi2,input.ibmHaifaAP,0.00000
input.UniNEdi3,input.ibmHaifaAP,0.00000
input.UniNEdi4,input.ibmHaifaAP,0.04158
input.UniNEdi5,input.ibmHaifaAP,0.93504
input.uog01ctaialh,input.ibmHaifaAP,0.01151
input.uog02ctadh,input.ibmHaifaAP,0.00148
input.uog03ctadqh,input.ibmHaifaAP,1.00000
input.uog04cta2dqh,input.ibmHaifaAP,0.56831
input.uog05tad,input.ibmHaifaAP,0.25383
input.yedi01,input.ibmHaifaAP,0.08696
input.yedi01no,input.ibmHaifaAP,0.06084
input.ibmHaifaPR,input.ibmHaifaBase,0.12147
input.ibmHaifaT10,input.ibmHaifaBase,0.36995
input.ibmHaifaT10D,input.ibmHaifaBase,0.51437
input.icttd1,input.ibmHaifaBase,0.10308
input.icttd2,input.ibmHaifaBase,0.56831
input.icttd3,input.ibmHaifaBase,0.36995
input.Mercah,input.ibmHaifaBase,0.28934
input.Mercure,input.ibmHaifaBase,0.06084
input.MercureLynx,input.ibmHaifaBase,0.00111
input.MU111,input.ibmHaifaBase,0.87051
input.MU212,input.ibmHaifaBase,0.00111
input.MU313,input.ibmHaifaBase,0.00334
input.MU525,input.ibmHaifaBase,0.87051
input.MU624,input.ibmHaifaBase,0.41504
input.pirc2Wd1,input.ibmHaifaBase,0.00002
input.pirc2Wd2,input.ibmHaifaBase,0.00111
input.pltr02wt1,input.ibmHaifaBase,0.68362
input.pltr02wt2,input.ibmHaifaBase,0.04158
input.pltr02wt3,input.ibmHaifaBase,0.56831
input.pltr02wt4,input.ibmHaifaBase,0.68362
input.pltr02wt5,input.ibmHaifaBase,0.00005
input.TDtfidf,input.ibmHaifaBase,0.00000
input.TDwsdtfidf,input.ibmHaifaBase,0.00000
input.thutd1,input.ibmHaifaBase,0.74441
input.thutd2,input.ibmHaifaBase,0.16587
input.thutd3,input.ibmHaifaBase,0.10308
input.thutd4,input.ibmHaifaBase,0.32804
input.thutd5,input.ibmHaifaBase,0.01448
input.UAmsT02WtA,input.ibmHaifaBase,0.00034
input.UAmsT02WtAcs,input.ibmHaifaBase,0.00000
input.UAmsT02WtAri,input.ibmHaifaBase,0.00000
input.UAmsT02WtT,input.ibmHaifaBase,0.56831
input.UAmsT02WtTri,input.ibmHaifaBase,0.00000
input.uic0101,input.ibmHaifaBase,0.00034
input.uic0102,input.ibmHaifaBase,0.00001
input.uic0103,input.ibmHaifaBase,0.00007
input.uic0104,input.ibmHaifaBase,0.00062
input.UniNEdi1,input.ibmHaifaBase,0.00002
input.UniNEdi2,input.ibmHaifaBase,0.00000
input.UniNEdi3,input.ibmHaifaBase,0.00001
input.UniNEdi4,input.ibmHaifaBase,0.06084
input.UniNEdi5,input.ibmHaifaBase,0.80683
input.uog01ctaialh,input.ibmHaifaBase,0.01809
input.uog02ctadh,input.ibmHaifaBase,0.00256
input.uog03ctadqh,input.ibmHaifaBase,0.87051
input.uog04cta2dqh,input.ibmHaifaBase,0.46322
input.uog05tad,input.ibmHaifaBase,0.19220
input.yedi01,input.ibmHaifaBase,0.12147
input.yedi01no,input.ibmHaifaBase,0.08696
input.ibmHaifaT10,input.ibmHaifaPR,0.51437
input.ibmHaifaT10D,input.ibmHaifaPR,0.36995
input.icttd1,input.ibmHaifaPR,0.93504
input.icttd2,input.ibmHaifaPR,0.03408
input.icttd3,input.ibmHaifaPR,0.01448
input.Mercah,input.ibmHaifaPR,0.62482
input.Mercure,input.ibmHaifaPR,0.00062
input.MercureLynx,input.ibmHaifaPR,0.00000
input.MU111,input.ibmHaifaPR,0.08696
input.MU212,input.ibmHaifaPR,0.00000
input.MU313,input.ibmHaifaPR,0.00001
input.MU525,input.ibmHaifaPR,0.16587
input.MU624,input.ibmHaifaPR,0.01809
input.pirc2Wd1,input.ibmHaifaPR,0.00000
input.pirc2Wd2,input.ibmHaifaPR,0.00000
input.pltr02wt1,input.ibmHaifaPR,0.25383
input.pltr02wt2,input.ibmHaifaPR,0.62482
input.pltr02wt3,input.ibmHaifaPR,0.03408
input.pltr02wt4,input.ibmHaifaPR,0.25383
input.pltr02wt5,input.ibmHaifaPR,0.00000
input.TDtfidf,input.ibmHaifaPR,0.00000
input.TDwsdtfidf,input.ibmHaifaPR,0.00000
input.thutd1,input.ibmHaifaPR,0.22148
input.thutd2,input.ibmHaifaPR,0.87051
input.thutd3,input.ibmHaifaPR,0.93504
input.thutd4,input.ibmHaifaPR,0.56831
input.thutd5,input.ibmHaifaPR,0.36995
input.UAmsT02WtA,input.ibmHaifaPR,0.00000
input.UAmsT02WtAcs,input.ibmHaifaPR,0.00000
input.UAmsT02WtAri,input.ibmHaifaPR,0.00000
input.UAmsT02WtT,input.ibmHaifaPR,0.03408
input.UAmsT02WtTri,input.ibmHaifaPR,0.00000
input.uic0101,input.ibmHaifaPR,0.00000
input.uic0102,input.ibmHaifaPR,0.00000
input.uic0103,input.ibmHaifaPR,0.00000
input.uic0104,input.ibmHaifaPR,0.00000
input.UniNEdi1,input.ibmHaifaPR,0.00000
input.UniNEdi2,input.ibmHaifaPR,0.00000
input.UniNEdi3,input.ibmHaifaPR,0.00000
input.UniNEdi4,input.ibmHaifaPR,0.00062
input.UniNEdi5,input.ibmHaifaPR,0.19220
input.uog01ctaialh,input.ibmHaifaPR,0.00009
input.uog02ctadh,input.ibmHaifaPR,0.00001
input.uog03ctadqh,input.ibmHaifaPR,0.16587
input.uog04cta2dqh,input.ibmHaifaPR,0.41504
input.uog05tad,input.ibmHaifaPR,0.80683
input.yedi01,input.ibmHaifaPR,0.00195
input.yedi01no,input.ibmHaifaPR,0.00111
input.ibmHaifaT10D,input.ibmHaifaT10,0.80683
input.icttd1,input.ibmHaifaT10,0.46322
input.icttd2,input.ibmHaifaT10,0.14235
input.icttd3,input.ibmHaifaT10,0.07295
input.Mercah,input.ibmHaifaT10,0.87051
input.Mercure,input.ibmHaifaT10,0.00558
input.MercureLynx,input.ibmHaifaT10,0.00003
input.MU111,input.ibmHaifaT10,0.28934
input.MU212,input.ibmHaifaT10,0.00003
input.MU313,input.ibmHaifaT10,0.00013
input.MU525,input.ibmHaifaT10,0.46322
input.MU624,input.ibmHaifaT10,0.08696
input.pirc2Wd1,input.ibmHaifaT10,0.00000
input.pirc2Wd2,input.ibmHaifaT10,0.00003
input.pltr02wt1,input.ibmHaifaT10,0.62482
input.pltr02wt2,input.ibmHaifaT10,0.25383
input.pltr02wt3,input.ibmHaifaT10,0.14235
input.pltr02wt4,input.ibmHaifaT10,0.62482
input.pltr02wt5,input.ibmHaifaT10,0.00000
input.TDtfidf,input.ibmHaifaT10,0.00000
input.TDwsdtfidf,input.ibmHaifaT10,0.00000
input.thutd1,input.ibmHaifaT10,0.56831
input.thutd2,input.ibmHaifaT10,0.62482
input.thutd3,input.ibmHaifaT10,0.46322
input.thutd4,input.ibmHaifaT10,0.93504
input.thutd5,input.ibmHaifaT10,0.12147
input.UAmsT02WtA,input.ibmHaifaT10,0.00001
input.UAmsT02WtAcs,input.ibmHaifaT10,0.00000
input.UAmsT02WtAri,input.ibmHaifaT10,0.00000
input.UAmsT02WtT,input.ibmHaifaT10,0.14235
input.UAmsT02WtTri,input.ibmHaifaT10,0.00000
input.uic0101,input.ibmHaifaT10,0.00001
input.uic0102,input.ibmHaifaT10,0.00000
input.uic0103,input.ibmHaifaT10,0.00000
input.uic0104,input.ibmHaifaT10,0.00002
input.UniNEdi1,input.ibmHaifaT10,0.00000
input.UniNEdi2,input.ibmHaifaT10,0.00000
input.UniNEdi3,input.ibmHaifaT10,0.00000
input.UniNEdi4,input.ibmHaifaT10,0.00558
input.UniNEdi5,input.ibmHaifaT10,0.51437
input.uog01ctaialh,input.ibmHaifaT10,0.00111
input.uog02ctadh,input.ibmHaifaT10,0.00009
input.uog03ctadqh,input.ibmHaifaT10,0.46322
input.uog04cta2dqh,input.ibmHaifaT10,0.87051
input.uog05tad,input.ibmHaifaT10,0.68362
input.yedi01,input.ibmHaifaT10,0.01448
input.yedi01no,input.ibmHaifaT10,0.00910
input.icttd1,input.ibmHaifaT10D,0.32804
input.icttd2,input.ibmHaifaT10D,0.22148
input.icttd3,input.ibmHaifaT10D,0.12147
input.Mercah,input.ibmHaifaT10D,0.68362
input.Mercure,input.ibmHaifaT10D,0.01151
input.MercureLynx,input.ibmHaifaT10D,0.00009
input.MU111,input.ibmHaifaT10D,0.41504
input.MU212,input.ibmHaifaT10D,0.00009
input.MU313,input.ibmHaifaT10D,0.00034
input.MU525,input.ibmHaifaT10D,0.62482
input.MU624,input.ibmHaifaT10D,0.14235
input.pirc2Wd1,input.ibmHaifaT10D,0.00000
input.pirc2Wd2,input.ibmHaifaT10D,0.00009
input.pltr02wt1,input.ibmHaifaT10D,0.80683
input.pltr02wt2,input.ibmHaifaT10D,0.16587
input.pltr02wt3,input.ibmHaifaT10D,0.22148
input.pltr02wt4,input.ibmHaifaT10D,0.80683
input.pltr02wt5,input.ibmHaifaT10D,0.00000
input.TDtfidf,input.ibmHaifaT10D,0.00000
input.TDwsdtfidf,input.ibmHaifaT10D,0.00000
input.thutd1,input.ibmHaifaT10D,0.74441
input.thutd2,input.ibmHaifaT10D,0.46322
input.thutd3,input.ibmHaifaT10D,0.32804
input.thutd4,input.ibmHaifaT10D,0.74441
input.thutd5,input.ibmHaifaT10D,0.07295
input.UAmsT02WtA,input.ibmHaifaT10D,0.00002
input.UAmsT02WtAcs,input.ibmHaifaT10D,0.00000
input.UAmsT02WtAri,input.ibmHaifaT10D,0.00000
input.UAmsT02WtT,input.ibmHaifaT10D,0.22148
input.UAmsT02WtTri,input.ibmHaifaT10D,0.00000
input.uic0101,input.ibmHaifaT10D,0.00002
input.uic0102,input.ibmHaifaT10D,0.00000
input.uic0103,input.ibmHaifaT10D,0.00000
input.uic0104,input.ibmHaifaT10D,0.00005
input.UniNEdi1,input.ibmHaifaT10D,0.00000
input.UniNEdi2,input.ibmHaifaT10D,0.00000
input.UniNEdi3,input.ibmHaifaT10D,0.00000
input.UniNEdi4,input.ibmHaifaT10D,0.01151
input.UniNEdi5,input.ibmHaifaT10D,0.68362
input.uog01ctaialh,input.ibmHaifaT10D,0.00256
input.uog02ctadh,input.ibmHaifaT10D,0.00024
input.uog03ctadqh,input.ibmHaifaT10D,0.62482
input.uog04cta2dqh,input.ibmHaifaT10D,0.93504
input.uog05tad,input.ibmHaifaT10D,0.51437
input.yedi01,input.ibmHaifaT10D,0.02776
input.yedi01no,input.ibmHaifaT10D,0.01809
input.icttd2,input.icttd1,0.02776
input.icttd3,input.icttd1,0.01151
input.Mercah,input.icttd1,0.56831
input.Mercure,input.icttd1,0.00046
input.MercureLynx,input.icttd1,0.00000
input.MU111,input.icttd1,0.07295
input.MU212,input.icttd1,0.00000
input.MU313,input.icttd1,0.00001
input.MU525,input.icttd1,0.14235
input.MU624,input.icttd1,0.01448
input.pirc2Wd1,input.icttd1,0.00000
input.pirc2Wd2,input.icttd1,0.00000
input.pltr02wt1,input.icttd1,0.22148
input.pltr02wt2,input.icttd1,0.68362
input.pltr02wt3,input.icttd1,0.02776
input.pltr02wt4,input.icttd1,0.22148
input.pltr02wt5,input.icttd1,0.00000
input.TDtfidf,input.icttd1,0.00000
input.TDwsdtfidf,input.icttd1,0.00000
input.thutd1,input.icttd1,0.19220
input.thutd2,input.icttd1,0.80683
input.thutd3,input.icttd1,1.00000
input.thutd4,input.icttd1,0.51437
input.thutd5,input.icttd1,0.41504
input.UAmsT02WtA,input.icttd1,0.00000
input.UAmsT02WtAcs,input.icttd1,0.00000
input.UAmsT02WtAri,input.icttd1,0.00000
input.UAmsT02WtT,input.icttd1,0.02776
input.UAmsT02WtTri,input.icttd1,0.00000
input.uic0101,input.icttd1,0.00000
input.uic0102,input.icttd1,0.00000
input.uic0103,input.icttd1,0.00000
input.uic0104,input.icttd1,0.00000
input.UniNEdi1,input.icttd1,0.00000
input.UniNEdi2,input.icttd1,0.00000
input.UniNEdi3,input.icttd1,0.00000
input.UniNEdi4,input.icttd1,0.00046
input.UniNEdi5,input.icttd1,0.16587
input.uog01ctaialh,input.icttd1,0.00007
input.uog02ctadh,input.icttd1,0.00000
input.uog03ctadqh,input.icttd1,0.14235
input.uog04cta2dqh,input.icttd1,0.36995
input.uog05tad,input.icttd1,0.74441
input.yedi01,input.icttd1,0.00148
input.yedi01no,input.icttd1,0.00083
input.icttd3,input.icttd2,0.74441
input.Mercah,input.icttd2,0.10308
input.Mercure,input.icttd2,0.19220
input.MercureLynx,input.icttd2,0.00715
input.MU111,input.icttd2,0.68362
input.MU212,input.icttd2,0.00715
input.MU313,input.icttd2,0.01809
input.MU525,input.icttd2,0.46322
input.MU624,input.icttd2,0.80683
input.pirc2Wd1,input.icttd2,0.00018
input.pirc2Wd2,input.icttd2,0.00715
input.pltr02wt1,input.icttd2,0.32804
input.pltr02wt2,input.icttd2,0.00910
input.pltr02wt3,input.icttd2,1.00000
input.pltr02wt4,input.icttd2,0.32804
input.pltr02wt5,input.icttd2,0.00046
input.TDtfidf,input.icttd2,0.00001
input.TDwsdtfidf,input.icttd2,0.00003
input.thutd1,input.icttd2,0.36995
input.thutd2,input.icttd2,0.05045
input.thutd3,input.icttd2,0.02776
input.thutd4,input.icttd2,0.12147
input.thutd5,input.icttd2,0.00256
input.UAmsT02WtA,input.icttd2,0.00256
input.UAmsT02WtAcs,input.icttd2,0.00001
input.UAmsT02WtAri,input.icttd2,0.00001
input.UAmsT02WtT,input.icttd2,1.00000
input.UAmsT02WtTri,input.icttd2,0.00002
input.uic0101,input.icttd2,0.00256
input.uic0102,input.icttd2,0.00013
input.uic0103,input.icttd2,0.00062
input.uic0104,input.icttd2,0.00433
input.UniNEdi1,input.icttd2,0.00024
input.UniNEdi2,input.icttd2,0.00000
input.UniNEdi3,input.icttd2,0.00009
input.UniNEdi4,input.icttd2,0.19220
input.UniNEdi5,input.icttd2,0.41504
input.uog01ctaialh,input.icttd2,0.07295
input.uog02ctadh,input.icttd2,0.01448
input.uog03ctadqh,input.icttd2,0.46322
input.uog04cta2dqh,input.icttd2,0.19220
input.uog05tad,input.icttd2,0.06084
input.yedi01,input.icttd2,0.32804
input.yedi01no,input.icttd2,0.25383
input.Mercah,input.icttd3,0.05045
input.Mercure,input.icttd3,0.32804
input.MercureLynx,input.icttd3,0.01809
input.MU111,input.icttd3,0.46322
input.MU212,input.icttd3,0.01809
input.MU313,input.icttd3,0.04158
input.MU525,input.icttd3,0.28934
input.MU624,input.icttd3,0.93504
input.pirc2Wd1,input.icttd3,0.00062
input.pirc2Wd2,input.icttd3,0.01809
input.pltr02wt1,input.icttd3,0.19220
input.pltr02wt2,input.icttd3,0.00334
input.pltr02wt3,input.icttd3,0.74441
input.pltr02wt4,input.icttd3,0.19220
input.pltr02wt5,input.icttd3,0.00148
input.TDtfidf,input.icttd3,0.00005
input.TDwsdtfidf,input.icttd3,0.00013
input.thutd1,input.icttd3,0.22148
input.thutd2,input.icttd3,0.02248
input.thutd3,input.icttd3,0.01151
input.thutd4,input.icttd3,0.06084
input.thutd5,input.icttd3,0.00083
input.UAmsT02WtA,input.icttd3,0.00715
input.UAmsT02WtAcs,input.icttd3,0.00005
input.UAmsT02WtAri,input.icttd3,0.00003
input.UAmsT02WtT,input.icttd3,0.74441
input.UAmsT02WtTri,input.icttd3,0.00007
input.uic0101,input.icttd3,0.00715
input.uic0102,input.icttd3,0.00046
input.uic0103,input.icttd3,0.00195
input.uic0104,input.icttd3,0.01151
input.UniNEdi1,input.icttd3,0.00083
input.UniNEdi2,input.icttd3,0.00000
input.UniNEdi3,input.icttd3,0.00034
input.UniNEdi4,input.icttd3,0.32804
input.UniNEdi5,input.icttd3,0.25383
input.uog01ctaialh,input.icttd3,0.14235
input.uog02ctadh,input.icttd3,0.03408
input.uog03ctadqh,input.icttd3,0.28934
input.uog04cta2dqh,input.icttd3,0.10308
input.uog05tad,input.icttd3,0.02776
input.yedi01,input.icttd3,0.51437
input.yedi01no,input.icttd3,0.41504
input.Mercure,input.Mercah,0.00334
input.MercureLynx,input.Mercah,0.00002
input.MU111,input.Mercah,0.22148
input.MU212,input.Mercah,0.00002
input.MU313,input.Mercah,0.00007
input.MU525,input.Mercah,0.36995
input.MU624,input.Mercah,0.06084
input.pirc2Wd1,input.Mercah,0.00000
input.pirc2Wd2,input.Mercah,0.00002
input.pltr02wt1,input.Mercah,0.51437
input.pltr02wt2,input.Mercah,0.32804
input.pltr02wt3,input.Mercah,0.10308
input.pltr02wt4,input.Mercah,0.51437
input.pltr02wt5,input.Mercah,0.00000
input.TDtfidf,input.Mercah,0.00000
input.TDwsdtfidf,input.Mercah,0.00000
input.thutd1,input.Mercah,0.46322
input.thutd2,input.Mercah,0.74441
input.thutd3,input.Mercah,0.56831
input.thutd4,input.Mercah,0.93504
input.thutd5,input.Mercah,0.16587
input.UAmsT02WtA,input.Mercah,0.00000
input.UAmsT02WtAcs,input.Mercah,0.00000
input.UAmsT02WtAri,input.Mercah,0.00000
input.UAmsT02WtT,input.Mercah,0.10308
input.UAmsT02WtTri,input.Mercah,0.00000
input.uic0101,input.Mercah,0.00000
input.uic0102,input.Mercah,0.00000
input.uic0103,input.Mercah,0.00000
input.uic0104,input.Mercah,0.00001
input.UniNEdi1,input.Mercah,0.00000
input.UniNEdi2,input.Mercah,0.00000
input.UniNEdi3,input.Mercah,0.00000
input.UniNEdi4,input.Mercah,0.00334
input.UniNEdi5,input.Mercah,0.41504
input.uog01ctaialh,input.Mercah,0.00062
input.uog02ctadh,input.Mercah,0.00005
input.uog03ctadqh,input.Mercah,0.36995
input.uog04cta2dqh,input.Mercah,0.74441
input.uog05tad,input.Mercah,0.80683
input.yedi01,input.Mercah,0.00910
input.yedi01no,input.Mercah,0.00558
input.MercureLynx,input.Mercure,0.16587
input.MU111,input.Mercure,0.08696
input.MU212,input.Mercure,0.16587
input.MU313,input.Mercure,0.28934
input.MU525,input.Mercure,0.04158
input.MU624,input.Mercure,0.28934
input.pirc2Wd1,input.Mercure,0.01448
input.pirc2Wd2,input.Mercure,0.16587
input.pltr02wt1,input.Mercure,0.02248
input.pltr02wt2,input.Mercure,0.00009
input.pltr02wt3,input.Mercure,0.19220
input.pltr02wt4,input.Mercure,0.02248
input.pltr02wt5,input.Mercure,0.02776
input.TDtfidf,input.Mercure,0.00195
input.TDwsdtfidf,input.Mercure,0.00433
input.thutd1,input.Mercure,0.02776
input.thutd2,input.Mercure,0.00111
input.thutd3,input.Mercure,0.00046
input.thutd4,input.Mercure,0.00433
input.thutd5,input.Mercure,0.00002
input.UAmsT02WtA,input.Mercure,0.08696
input.UAmsT02WtAcs,input.Mercure,0.00195
input.UAmsT02WtAri,input.Mercure,0.00148
input.UAmsT02WtT,input.Mercure,0.19220
input.UAmsT02WtTri,input.Mercure,0.00256
input.uic0101,input.Mercure,0.08696
input.uic0102,input.Mercure,0.01151
input.uic0103,input.Mercure,0.03408
input.uic0104,input.Mercure,0.12147
input.UniNEdi1,input.Mercure,0.01809
input.UniNEdi2,input.Mercure,0.00001
input.UniNEdi3,input.Mercure,0.00910
input.UniNEdi4,input.Mercure,1.00000
input.UniNEdi5,input.Mercure,0.03408
input.uog01ctaialh,input.Mercure,0.62482
input.uog02ctadh,input.Mercure,0.25383
input.uog03ctadqh,input.Mercure,0.04158
input.uog04cta2dqh,input.Mercure,0.00910
input.uog05tad,input.Mercure,0.00148
input.yedi01,input.Mercure,0.74441
input.yedi01no,input.Mercure,0.87051
input.MU111,input.MercureLynx,0.00195
input.MU212,input.MercureLynx,1.00000
input.MU313,input.MercureLynx,0.74441
input.MU525,input.MercureLynx,0.00062
input.MU624,input.MercureLynx,0.01448
input.pirc2Wd1,input.MercureLynx,0.28934
input.pirc2Wd2,input.MercureLynx,1.00000
input.pltr02wt1,input.MercureLynx,0.00024
input.pltr02wt2,input.MercureLynx,0.00000
input.pltr02wt3,input.MercureLynx,0.00715
input.pltr02wt4,input.MercureLynx,0.00024
input.pltr02wt5,input.MercureLynx,0.41504
input.TDtfidf,input.MercureLynx,0.08696
input.TDwsdtfidf,input.MercureLynx,0.14235
input.thutd1,input.MercureLynx,0.00034
input.thutd2,input.MercureLynx,0.00000
input.thutd3,input.MercureLynx,0.00000
input.thutd4,input.MercureLynx,0.00002
input.thutd5,input.MercureLynx,0.00000
input.UAmsT02WtA,input.MercureLynx,0.74441
input.UAmsT02WtAcs,input.MercureLynx,0.08696
input.UAmsT02WtAri,input.MercureLynx,0.07295
input.UAmsT02WtT,input.MercureLynx,0.00715
input.UAmsT02WtTri,input.MercureLynx,0.10308
input.uic0101,input.MercureLynx,0.74441
input.uic0102,input.MercureLynx,0.25383
input.uic0103,input.MercureLynx,0.46322
input.uic0104,input.MercureLynx,0.87051
input.UniNEdi1,input.MercureLynx,0.32804
input.UniNEdi2,input.MercureLynx,0.00256
input.UniNEdi3,input.MercureLynx,0.22148
input.UniNEdi4,input.MercureLynx,0.16587
input.UniNEdi5,input.MercureLynx,0.00046
input.uog01ctaialh,input.MercureLynx,0.36995
input.uog02ctadh,input.MercureLynx,0.80683
input.uog03ctadqh,input.MercureLynx,0.00062
input.uog04cta2dqh,input.MercureLynx,0.00007
input.uog05tad,input.MercureLynx,0.00001
input.yedi01,input.MercureLynx,0.08696
input.yedi01no,input.MercureLynx,0.12147
input.MU212,input.MU111,0.00195
input.MU313,input.MU111,0.00558
input.MU525,input.MU111,0.74441
input.MU624,input.MU111,0.51437
input.pirc2Wd1,input.MU111,0.00003
input.pirc2Wd2,input.MU111,0.00195
input.pltr02wt1,input.MU111,0.56831
input.pltr02wt2,input.MU111,0.02776
input.pltr02wt3,input.MU111,0.68362
input.pltr02wt4,input.MU111,0.56831
input.pltr02wt5,input.MU111,0.00009
input.TDtfidf,input.MU111,0.00000
input.TDwsdtfidf,input.MU111,0.00001
input.thutd1,input.MU111,0.62482
input.thutd2,input.MU111,0.12147
input.thutd3,input.MU111,0.07295
input.thutd4,input.MU111,0.25383
input.thutd5,input.MU111,0.00910
input.UAmsT02WtA,input.MU111,0.00062
input.UAmsT02WtAcs,input.MU111,0.00000
input.UAmsT02WtAri,input.MU111,0.00000
input.UAmsT02WtT,input.MU111,0.68362
input.UAmsT02WtTri,input.MU111,0.00000
input.uic0101,input.MU111,0.00062
input.uic0102,input.MU111,0.00002
input.uic0103,input.MU111,0.00013
input.uic0104,input.MU111,0.00111
input.UniNEdi1,input.MU111,0.00005
input.UniNEdi2,input.MU111,0.00000
input.UniNEdi3,input.MU111,0.00002
input.UniNEdi4,input.MU111,0.08696
input.UniNEdi5,input.MU111,0.68362
input.uog01ctaialh,input.MU111,0.02776
input.uog02ctadh,input.MU111,0.00433
input.uog03ctadqh,input.MU111,0.74441
input.uog04cta2dqh,input.MU111,0.36995
input.uog05tad,input.MU111,0.14235
input.yedi01,input.MU111,0.16587
input.yedi01no,input.MU111,0.12147
input.MU313,input.MU212,0.74441
input.MU525,input.MU212,0.00062
input.MU624,input.MU212,0.01448
input.pirc2Wd1,input.MU212,0.28934
input.pirc2Wd2,input.MU212,1.00000
input.pltr02wt1,input.MU212,0.00024
input.pltr02wt2,input.MU212,0.00000
input.pltr02wt3,input.MU212,0.00715
input.pltr02wt4,input.MU212,0.00024
input.pltr02wt5,input.MU212,0.41504
input.TDtfidf,input.MU212,0.08696
input.TDwsdtfidf,input.MU212,0.14235
input.thutd1,input.MU212,0.00034
input.thutd2,input.MU212,0.00000
input.thutd3,input.MU212,0.00000
input.thutd4,input.MU212,0.00002
input.thutd5,input.MU212,0.00000
input.UAmsT02WtA,input.MU212,0.74441
input.UAmsT02WtAcs,input.MU212,0.08696
input.UAmsT02WtAri,input.MU212,0.07295
input.UAmsT02WtT,input.MU212,0.00715
input.UAmsT02WtTri,input.MU212,0.10308
input.uic0101,input.MU212,0.74441
input.uic0102,input.MU212,0.25383
input.uic0103,input.MU212,0.46322
input.uic0104,input.MU212,0.87051
input.UniNEdi1,input.MU212,0.32804
input.UniNEdi2,input.MU212,0.00256
input.UniNEdi3,input.MU212,0.22148
input.UniNEdi4,input.MU212,0.16587
input.UniNEdi5,input.MU212,0.00046
input.uog01ctaialh,input.MU212,0.36995
input.uog02ctadh,input.MU212,0.80683
input.uog03ctadqh,input.MU212,0.00062
input.uog04cta2dqh,input.MU212,0.00007
input.uog05tad,input.MU212,0.00001
input.yedi01,input.MU212,0.08696
input.yedi01no,input.MU212,0.12147
input.MU525,input.MU313,0.00195
input.MU624,input.MU313,0.03408
input.pirc2Wd1,input.MU313,0.16587
input.pirc2Wd2,input.MU313,0.74441
input.pltr02wt1,input.MU313,0.00083
input.pltr02wt2,input.MU313,0.00000
input.pltr02wt3,input.MU313,0.01809
input.pltr02wt4,input.MU313,0.00083
input.pltr02wt5,input.MU313,0.25383
input.TDtfidf,input.MU313,0.04158
input.TDwsdtfidf,input.MU313,0.07295
input.thutd1,input.MU313,0.00111
input.thutd2,input.MU313,0.00002
input.thutd3,input.MU313,0.00001
input.thutd4,input.MU313,0.00009
input.thutd5,input.MU313,0.00000
input.UAmsT02WtA,input.MU313,0.51437
input.UAmsT02WtAcs,input.MU313,0.04158
input.UAmsT02WtAri,input.MU313,0.03408
input.UAmsT02WtT,input.MU313,0.01809
input.UAmsT02WtTri,input.MU313,0.05045
input.uic0101,input.MU313,0.51437
input.uic0102,input.MU313,0.14235
input.uic0103,input.MU313,0.28934
input.uic0104,input.MU313,0.62482
input.UniNEdi1,input.MU313,0.19220
input.UniNEdi2,input.MU313,0.00083
input.UniNEdi3,input.MU313,0.12147
input.UniNEdi4,input.MU313,0.28934
input.UniNEdi5,input.MU313,0.00148
input.uog01ctaialh,input.MU313,0.56831
input.uog02ctadh,input.MU313,0.93504
input.uog03ctadqh,input.MU313,0.00195
input.uog04cta2dqh,input.MU313,0.00024
input.uog05tad,input.MU313,0.00002
input.yedi01,input.MU313,0.16587
input.yedi01no,input.MU313,0.22148
input.MU624,input.MU525,0.32804
input.pirc2Wd1,input.MU525,0.00001
input.pirc2Wd2,input.MU525,0.00062
input.pltr02wt1,input.MU525,0.80683
input.pltr02wt2,input.MU525,0.06084
input.pltr02wt3,input.MU525,0.46322
input.pltr02wt4,input.MU525,0.80683
input.pltr02wt5,input.MU525,0.00002
input.TDtfidf,input.MU525,0.00000
input.TDwsdtfidf,input.MU525,0.00000
input.thutd1,input.MU525,0.87051
input.thutd2,input.MU525,0.22148
input.thutd3,input.MU525,0.14235
input.thutd4,input.MU525,0.41504
input.thutd5,input.MU525,0.02248
input.UAmsT02WtA,input.MU525,0.00018
input.UAmsT02WtAcs,input.MU525,0.00000
input.UAmsT02WtAri,input.MU525,0.00000
input.UAmsT02WtT,input.MU525,0.46322
input.UAmsT02WtTri,input.MU525,0.00000
input.uic0101,input.MU525,0.00018
input.uic0102,input.MU525,0.00001
input.uic0103,input.MU525,0.00003
input.uic0104,input.MU525,0.00034
input.UniNEdi1,input.MU525,0.00001
input.UniNEdi2,input.MU525,0.00000
input.UniNEdi3,input.MU525,0.00000
input.UniNEdi4,input.MU525,0.04158
input.UniNEdi5,input.MU525,0.93504
input.uog01ctaialh,input.MU525,0.01151
input.uog02ctadh,input.MU525,0.00148
input.uog03ctadqh,input.MU525,1.00000
input.uog04cta2dqh,input.MU525,0.56831
input.uog05tad,input.MU525,0.25383
input.yedi01,input.MU525,0.08696
input.yedi01no,input.MU525,0.06084
input.pirc2Wd1,input.MU624,0.00046
input.pirc2Wd2,input.MU624,0.01448
input.pltr02wt1,input.MU624,0.22148
input.pltr02wt2,input.MU624,0.00433
input.pltr02wt3,input.MU624,0.80683
input.pltr02wt4,input.MU624,0.22148
input.pltr02wt5,input.MU624,0.00111
input.TDtfidf,input.MU624,0.00003
input.TDwsdtfidf,input.MU624,0.00009
input.thutd1,input.MU624,0.25383
input.thutd2,input.MU624,0.02776
input.thutd3,input.MU624,0.01448
input.thutd4,input.MU624,0.07295
input.thutd5,input.MU624,0.00111
input.UAmsT02WtA,input.MU624,0.00558
input.UAmsT02WtAcs,input.MU624,0.00003
input.UAmsT02WtAri,input.MU624,0.00002
input.UAmsT02WtT,input.MU624,0.80683
input.UAmsT02WtTri,input.MU624,0.00005
input.uic0101,input.MU624,0.00558
input.uic0102,input.MU624,0.00034
input.uic0103,input.MU624,0.00148
input.uic0104,input.MU624,0.00910
input.UniNEdi1,input.MU624,0.00062
input.UniNEdi2,input.MU624,0.00000
input.UniNEdi3,input.MU624,0.00024
input.UniNEdi4,input.MU624,0.28934
input.UniNEdi5,input.MU624,0.28934
input.uog01ctaialh,input.MU624,0.12147
input.uog02ctadh,input.MU624,0.02776
input.uog03ctadqh,input.MU624,0.32804
input.uog04cta2dqh,input.MU624,0.12147
input.uog05tad,input.MU624,0.03408
input.yedi01,input.MU624,0.46322
input.yedi01no,input.MU624,0.36995
input.pirc2Wd2,input.pirc2Wd1,0.28934
input.pltr02wt1,input.pirc2Wd1,0.00000
input.pltr02wt2,input.pirc2Wd1,0.00000
input.pltr02wt3,input.pirc2Wd1,0.00018
input.pltr02wt4,input.pirc2Wd1,0.00000
input.pltr02wt5,input.pirc2Wd1,0.80683
input.TDtfidf,input.pirc2Wd1,0.51437
input.TDwsdtfidf,input.pirc2Wd1,0.68362
input.thutd1,input.pirc2Wd1,0.00000
input.thutd2,input.pirc2Wd1,0.00000
input.thutd3,input.pirc2Wd1,0.00000
input.thutd4,input.pirc2Wd1,0.00000
input.thutd5,input.pirc2Wd1,0.00000
input.UAmsT02WtA,input.pirc2Wd1,0.46322
input.UAmsT02WtAcs,input.pirc2Wd1,0.51437
input.UAmsT02WtAri,input.pirc2Wd1,0.46322
input.UAmsT02WtT,input.pirc2Wd1,0.00018
input.UAmsT02WtTri,input.pirc2Wd1,0.56831
input.uic0101,input.pirc2Wd1,0.46322
input.uic0102,input.pirc2Wd1,0.93504
input.uic0103,input.pirc2Wd1,0.74441
input.uic0104,input.pirc2Wd1,0.36995
input.UniNEdi1,input.pirc2Wd1,0.93504
input.UniNEdi2,input.pirc2Wd1,0.05045
input.UniNEdi3,input.pirc2Wd1,0.87051
input.UniNEdi4,input.pirc2Wd1,0.01448
input.UniNEdi5,input.pirc2Wd1,0.00001
input.uog01ctaialh,input.pirc2Wd1,0.05045
input.uog02ctadh,input.pirc2Wd1,0.19220
input.uog03ctadqh,input.pirc2Wd1,0.00001
input.uog04cta2dqh,input.pirc2Wd1,0.00000
input.uog05tad,input.pirc2Wd1,0.00000
input.yedi01,input.pirc2Wd1,0.00558
input.yedi01no,input.pirc2Wd1,0.00910
input.pltr02wt1,input.pirc2Wd2,0.00024
input.pltr02wt2,input.pirc2Wd2,0.00000
input.pltr02wt3,input.pirc2Wd2,0.00715
input.pltr02wt4,input.pirc2Wd2,0.00024
input.pltr02wt5,input.pirc2Wd2,0.41504
input.TDtfidf,input.pirc2Wd2,0.08696
input.TDwsdtfidf,input.pirc2Wd2,0.14235
input.thutd1,input.pirc2Wd2,0.00034
input.thutd2,input.pirc2Wd2,0.00000
input.thutd3,input.pirc2Wd2,0.00000
input.thutd4,input.pirc2Wd2,0.00002
input.thutd5,input.pirc2Wd2,0.00000
input.UAmsT02WtA,input.pirc2Wd2,0.74441
input.UAmsT02WtAcs,input.pirc2Wd2,0.08696
input.UAmsT02WtAri,input.pirc2Wd2,0.07295
input.UAmsT02WtT,input.pirc2Wd2,0.00715
input.UAmsT02WtTri,input.pirc2Wd2,0.10308
input.uic0101,input.pirc2Wd2,0.74441
input.uic0102,input.pirc2Wd2,0.25383
input.uic0103,input.pirc2Wd2,0.46322
input.uic0104,input.pirc2Wd2,0.87051
input.UniNEdi1,input.pirc2Wd2,0.32804
input.UniNEdi2,input.pirc2Wd2,0.00256
input.UniNEdi3,input.pirc2Wd2,0.22148
input.UniNEdi4,input.pirc2Wd2,0.16587
input.UniNEdi5,input.pirc2Wd2,0.00046
input.uog01ctaialh,input.pirc2Wd2,0.36995
input.uog02ctadh,input.pirc2Wd2,0.80683
input.uog03ctadqh,input.pirc2Wd2,0.00062
input.uog04cta2dqh,input.pirc2Wd2,0.00007
input.uog05tad,input.pirc2Wd2,0.00001
input.yedi01,input.pirc2Wd2,0.08696
input.yedi01no,input.pirc2Wd2,0.12147
input.pltr02wt2,input.pltr02wt1,0.10308
input.pltr02wt3,input.pltr02wt1,0.32804
input.pltr02wt4,input.pltr02wt1,1.00000
input.pltr02wt5,input.pltr02wt1,0.00001
input.TDtfidf,input.pltr02wt1,0.00000
input.TDwsdtfidf,input.pltr02wt1,0.00000
input.thutd1,input.pltr02wt1,0.93504
input.thutd2,input.pltr02wt1,0.32804
input.thutd3,input.pltr02wt1,0.22148
input.thutd4,input.pltr02wt1,0.56831
input.thutd5,input.pltr02wt1,0.04158
input.UAmsT02WtA,input.pltr02wt1,0.00007
input.UAmsT02WtAcs,input.pltr02wt1,0.00000
input.UAmsT02WtAri,input.pltr02wt1,0.00000
input.UAmsT02WtT,input.pltr02wt1,0.32804
input.UAmsT02WtTri,input.pltr02wt1,0.00000
input.uic0101,input.pltr02wt1,0.00007
input.uic0102,input.pltr02wt1,0.00000
input.uic0103,input.pltr02wt1,0.00001
input.uic0104,input.pltr02wt1,0.00013
input.UniNEdi1,input.pltr02wt1,0.00000
input.UniNEdi2,input.pltr02wt1,0.00000
input.UniNEdi3,input.pltr02wt1,0.00000
input.UniNEdi4,input.pltr02wt1,0.02248
input.UniNEdi5,input.pltr02wt1,0.87051
input.uog01ctaialh,input.pltr02wt1,0.00558
input.uog02ctadh,input.pltr02wt1,0.00062
input.uog03ctadqh,input.pltr02wt1,0.80683
input.uog04cta2dqh,input.pltr02wt1,0.74441
input.uog05tad,input.pltr02wt1,0.36995
input.yedi01,input.pltr02wt1,0.05045
input.yedi01no,input.pltr02wt1,0.03408
input.pltr02wt3,input.pltr02wt2,0.00910
input.pltr02wt4,input.pltr02wt2,0.10308
input.pltr02wt5,input.pltr02wt2,0.00000
input.TDtfidf,input.pltr02wt2,0.00000
input.TDwsdtfidf,input.pltr02wt2,0.00000
input.thutd1,input.pltr02wt2,0.08696
input.thutd2,input.pltr02wt2,0.51437
input.thutd3,input.pltr02wt2,0.68362
input.thutd4,input.pltr02wt2,0.28934
input.thutd5,input.pltr02wt2,0.68362
input.UAmsT02WtA,input.pltr02wt2,0.00000
input.UAmsT02WtAcs,input.pltr02wt2,0.00000
input.UAmsT02WtAri,input.pltr02wt2,0.00000
input.UAmsT02WtT,input.pltr02wt2,0.00910
input.UAmsT02WtTri,input.pltr02wt2,0.00000
input.uic0101,input.pltr02wt2,0.00000
input.uic0102,input.pltr02wt2,0.00000
input.uic0103,input.pltr02wt2,0.00000
input.uic0104,input.pltr02wt2,0.00000
input.UniNEdi1,input.pltr02wt2,0.00000
input.UniNEdi2,input.pltr02wt2,0.00000
input.UniNEdi3,input.pltr02wt2,0.00000
input.UniNEdi4,input.pltr02wt2,0.00009
input.UniNEdi5,input.pltr02wt2,0.07295
input.uog01ctaialh,input.pltr02wt2,0.00001
input.uog02ctadh,input.pltr02wt2,0.00000
input.uog03ctadqh,input.pltr02wt2,0.06084
input.uog04cta2dqh,input.pltr02wt2,0.19220
input.uog05tad,input.pltr02wt2,0.46322
input.yedi01,input.pltr02wt2,0.00034
input.yedi01no,input.pltr02wt2,0.00018
input.pltr02wt4,input.pltr02wt3,0.32804
input.pltr02wt5,input.pltr02wt3,0.00046
input.TDtfidf,input.pltr02wt3,0.00001
input.TDwsdtfidf,input.pltr02wt3,0.00003
input.thutd1,input.pltr02wt3,0.36995
input.thutd2,input.pltr02wt3,0.05045
input.thutd3,input.pltr02wt3,0.02776
input.thutd4,input.pltr02wt3,0.12147
input.thutd5,input.pltr02wt3,0.00256
input.UAmsT02WtA,input.pltr02wt3,0.00256
input.UAmsT02WtAcs,input.pltr02wt3,0.00001
input.UAmsT02WtAri,input.pltr02wt3,0.00001
input.UAmsT02WtT,input.pltr02wt3,1.00000
input.UAmsT02WtTri,input.pltr02wt3,0.00002
input.uic0101,input.pltr02wt3,0.00256
input.uic0102,input.pltr02wt3,0.00013
input.uic0103,input.pltr02wt3,0.00062
input.uic0104,input.pltr02wt3,0.00433
input.UniNEdi1,input.pltr02wt3,0.00024
input.UniNEdi2,input.pltr02wt3,0.00000
input.UniNEdi3,input.pltr02wt3,0.00009
input.UniNEdi4,input.pltr02wt3,0.19220
input.UniNEdi5,input.pltr02wt3,0.41504
input.uog01ctaialh,input.pltr02wt3,0.07295
input.uog02ctadh,input.pltr02wt3,0.01448
input.uog03ctadqh,input.pltr02wt3,0.46322
input.uog04cta2dqh,input.pltr02wt3,0.19220
input.uog05tad,input.pltr02wt3,0.06084
input.yedi01,input.pltr02wt3,0.32804
input.yedi01no,input.pltr02wt3,0.25383
input.pltr02wt5,input.pltr02wt4,0.00001
input.TDtfidf,input.pltr02wt4,0.00000
input.TDwsdtfidf,input.pltr02wt4,0.00000
input.thutd1,input.pltr02wt4,0.93504
input.thutd2,input.pltr02wt4,0.32804
input.thutd3,input.pltr02wt4,0.22148
input.thutd4,input.pltr02wt4,0.56831
input.thutd5,input.pltr02wt4,0.04158
input.UAmsT02WtA,input.pltr02wt4,0.00007
input.UAmsT02WtAcs,input.pltr02wt4,0.00000
input.UAmsT02WtAri,input.pltr02wt4,0.00000
input.UAmsT02WtT,input.pltr02wt4,0.32804
input.UAmsT02WtTri,input.pltr02wt4,0.00000
input.uic0101,input.pltr02wt4,0.00007
input.uic0102,input.pltr02wt4,0.00000
input.uic0103,input.pltr02wt4,0.00001
input.uic0104,input.pltr02wt4,0.00013
input.UniNEdi1,input.pltr02wt4,0.00000
input.UniNEdi2,input.pltr02wt4,0.00000
input.UniNEdi3,input.pltr02wt4,0.00000
input.UniNEdi4,input.pltr02wt4,0.02248
input.UniNEdi5,input.pltr02wt4,0.87051
input.uog01ctaialh,input.pltr02wt4,0.00558
input.uog02ctadh,input.pltr02wt4,0.00062
input.uog03ctadqh,input.pltr02wt4,0.80683
input.uog04cta2dqh,input.pltr02wt4,0.74441
input.uog05tad,input.pltr02wt4,0.36995
input.yedi01,input.pltr02wt4,0.05045
input.yedi01no,input.pltr02wt4,0.03408
input.TDtfidf,input.pltr02wt5,0.36995
input.TDwsdtfidf,input.pltr02wt5,0.51437
input.thutd1,input.pltr02wt5,0.00001
input.thutd2,input.pltr02wt5,0.00000
input.thutd3,input.pltr02wt5,0.00000
input.thutd4,input.pltr02wt5,0.00000
input.thutd5,input.pltr02wt5,0.00000
input.UAmsT02WtA,input.pltr02wt5,0.62482
input.UAmsT02WtAcs,input.pltr02wt5,0.36995
input.UAmsT02WtAri,input.pltr02wt5,0.32804
input.UAmsT02WtT,input.pltr02wt5,0.00046
input.UAmsT02WtTri,input.pltr02wt5,0.41504
input.uic0101,input.pltr02wt5,0.62482
input.uic0102,input.pltr02wt5,0.74441
input.uic0103,input.pltr02wt5,0.93504
input.uic0104,input.pltr02wt5,0.51437
input.UniNEdi1,input.pltr02wt5,0.87051
input.UniNEdi2,input.pltr02wt5,0.02776
input.UniNEdi3,input.pltr02wt5,0.68362
input.UniNEdi4,input.pltr02wt5,0.02776
input.UniNEdi5,input.pltr02wt5,0.00002
input.uog01ctaialh,input.pltr02wt5,0.08696
input.uog02ctadh,input.pltr02wt5,0.28934
input.uog03ctadqh,input.pltr02wt5,0.00002
input.uog04cta2dqh,input.pltr02wt5,0.00000
input.uog05tad,input.pltr02wt5,0.00000
input.yedi01,input.pltr02wt5,0.01151
input.yedi01no,input.pltr02wt5,0.01809
input.TDwsdtfidf,input.TDtfidf,0.80683
input.thutd1,input.TDtfidf,0.00000
input.thutd2,input.TDtfidf,0.00000
input.thutd3,input.TDtfidf,0.00000
input.thutd4,input.TDtfidf,0.00000
input.thutd5,input.TDtfidf,0.00000
input.UAmsT02WtA,input.TDtfidf,0.16587
input.UAmsT02WtAcs,input.TDtfidf,1.00000
input.UAmsT02WtAri,input.TDtfidf,0.93504
input.UAmsT02WtT,input.TDtfidf,0.00001
input.UAmsT02WtTri,input.TDtfidf,0.93504
input.uic0101,input.TDtfidf,0.16587
input.uic0102,input.TDtfidf,0.56831
input.uic0103,input.TDtfidf,0.32804
input.uic0104,input.TDtfidf,0.12147
input.UniNEdi1,input.TDtfidf,0.46322
input.UniNEdi2,input.TDtfidf,0.19220
input.UniNEdi3,input.TDtfidf,0.62482
input.UniNEdi4,input.TDtfidf,0.00195
input.UniNEdi5,input.TDtfidf,0.00000
input.uog01ctaialh,input.TDtfidf,0.00910
input.uog02ctadh,input.TDtfidf,0.05045
input.uog03ctadqh,input.TDtfidf,0.00000
input.uog04cta2dqh,input.TDtfidf,0.00000
input.uog05tad,input.TDtfidf,0.00000
input.yedi01,input.TDtfidf,0.00062
input.yedi01no,input.TDtfidf,0.00111
input.thutd1,input.TDwsdtfidf,0.00000
input.thutd2,input.TDwsdtfidf,0.00000
input.thutd3,input.TDwsdtfidf,0.00000
input.thutd4,input.TDwsdtfidf,0.00000
input.thutd5,input.TDwsdtfidf,0.00000
input.UAmsT02WtA,input.TDwsdtfidf,0.25383
input.UAmsT02WtAcs,input.TDwsdtfidf,0.80683
input.UAmsT02WtAri,input.TDwsdtfidf,0.74441
input.UAmsT02WtT,input.TDwsdtfidf,0.00003
input.UAmsT02WtTri,input.TDwsdtfidf,0.87051
input.uic0101,input.TDwsdtfidf,0.25383
input.uic0102,input.TDwsdtfidf,0.74441
input.uic0103,input.TDwsdtfidf,0.46322
input.uic0104,input.TDwsdtfidf,0.19220
input.UniNEdi1,input.TDwsdtfidf,0.62482
input.UniNEdi2,input.TDwsdtfidf,0.12147
input.UniNEdi3,input.TDwsdtfidf,0.80683
input.UniNEdi4,input.TDwsdtfidf,0.00433
input.UniNEdi5,input.TDwsdtfidf,0.00000
input.uog01ctaialh,input.TDwsdtfidf,0.01809
input.uog02ctadh,input.TDwsdtfidf,0.08696
input.uog03ctadqh,input.TDwsdtfidf,0.00000
input.uog04cta2dqh,input.TDwsdtfidf,0.00000
input.uog05tad,input.TDwsdtfidf,0.00000
input.yedi01,input.TDwsdtfidf,0.00148
input.yedi01no,input.TDwsdtfidf,0.00256
input.thutd2,input.thutd1,0.28934
input.thutd3,input.thutd1,0.19220
input.thutd4,input.thutd1,0.51437
input.thutd5,input.thutd1,0.03408
input.UAmsT02WtA,input.thutd1,0.00009
input.UAmsT02WtAcs,input.thutd1,0.00000
input.UAmsT02WtAri,input.thutd1,0.00000
input.UAmsT02WtT,input.thutd1,0.36995
input.UAmsT02WtTri,input.thutd1,0.00000
input.uic0101,input.thutd1,0.00009
input.uic0102,input.thutd1,0.00000
input.uic0103,input.thutd1,0.00002
input.uic0104,input.thutd1,0.00018
input.UniNEdi1,input.thutd1,0.00001
input.UniNEdi2,input.thutd1,0.00000
input.UniNEdi3,input.thutd1,0.00000
input.UniNEdi4,input.thutd1,0.02776
input.UniNEdi5,input.thutd1,0.93504
input.uog01ctaialh,input.thutd1,0.00715
input.uog02ctadh,input.thutd1,0.00083
input.uog03ctadqh,input.thutd1,0.87051
input.uog04cta2dqh,input.thutd1,0.68362
input.uog05tad,input.thutd1,0.32804
input.yedi01,input.thutd1,0.06084
input.yedi01no,input.thutd1,0.04158
input.thutd3,input.thutd2,0.80683
input.thutd4,input.thutd2,0.68362
input.thutd5,input.thutd2,0.28934
input.UAmsT02WtA,input.thutd2,0.00000
input.UAmsT02WtAcs,input.thutd2,0.00000
input.UAmsT02WtAri,input.thutd2,0.00000
input.UAmsT02WtT,input.thutd2,0.05045
input.UAmsT02WtTri,input.thutd2,0.00000
input.uic0101,input.thutd2,0.00000
input.uic0102,input.thutd2,0.00000
input.uic0103,input.thutd2,0.00000
input.uic0104,input.thutd2,0.00000
input.UniNEdi1,input.thutd2,0.00000
input.UniNEdi2,input.thutd2,0.00000
input.UniNEdi3,input.thutd2,0.00000
input.UniNEdi4,input.thutd2,0.00111
input.UniNEdi5,input.thutd2,0.25383
input.uog01ctaialh,input.thutd2,0.00018
input.uog02ctadh,input.thutd2,0.00001
input.uog03ctadqh,input.thutd2,0.22148
input.uog04cta2dqh,input.thutd2,0.51437
input.uog05tad,input.thutd2,0.93504
input.yedi01,input.thutd2,0.00334
input.yedi01no,input.thutd2,0.00195
input.thutd4,input.thutd3,0.51437
input.thutd5,input.thutd3,0.41504
input.UAmsT02WtA,input.thutd3,0.00000
input.UAmsT02WtAcs,input.thutd3,0.00000
input.UAmsT02WtAri,input.thutd3,0.00000
input.UAmsT02WtT,input.thutd3,0.02776
input.UAmsT02WtTri,input.thutd3,0.00000
input.uic0101,input.thutd3,0.00000
input.uic0102,input.thutd3,0.00000
input.uic0103,input.thutd3,0.00000
input.uic0104,input.thutd3,0.00000
input.UniNEdi1,input.thutd3,0.00000
input.UniNEdi2,input.thutd3,0.00000
input.UniNEdi3,input.thutd3,0.00000
input.UniNEdi4,input.thutd3,0.00046
input.UniNEdi5,input.thutd3,0.16587
input.uog01ctaialh,input.thutd3,0.00007
input.uog02ctadh,input.thutd3,0.00000
input.uog03ctadqh,input.thutd3,0.14235
input.uog04cta2dqh,input.thutd3,0.36995
input.uog05tad,input.thutd3,0.74441
input.yedi01,input.thutd3,0.00148
input.yedi01no,input.thutd3,0.00083
input.thutd5,input.thutd4,0.14235
input.UAmsT02WtA,input.thutd4,0.00001
input.UAmsT02WtAcs,input.thutd4,0.00000
input.UAmsT02WtAri,input.thutd4,0.00000
input.UAmsT02WtT,input.thutd4,0.12147
input.UAmsT02WtTri,input.thutd4,0.00000
input.uic0101,input.thutd4,0.00001
input.uic0102,input.thutd4,0.00000
input.uic0103,input.thutd4,0.00000
input.uic0104,input.thutd4,0.00001
input.UniNEdi1,input.thutd4,0.00000
input.UniNEdi2,input.thutd4,0.00000
input.UniNEdi3,input.thutd4,0.00000
input.UniNEdi4,input.thutd4,0.00433
input.UniNEdi5,input.thutd4,0.46322
input.uog01ctaialh,input.thutd4,0.00083
input.uog02ctadh,input.thutd4,0.00007
input.uog03ctadqh,input.thutd4,0.41504
input.uog04cta2dqh,input.thutd4,0.80683
input.uog05tad,input.thutd4,0.74441
input.yedi01,input.thutd4,0.01151
input.yedi01no,input.thutd4,0.00715
input.UAmsT02WtA,input.thutd5,0.00000
input.UAmsT02WtAcs,input.thutd5,0.00000
input.UAmsT02WtAri,input.thutd5,0.00000
input.UAmsT02WtT,input.thutd5,0.00256
input.UAmsT02WtTri,input.thutd5,0.00000
input.uic0101,input.thutd5,0.00000
input.uic0102,input.thutd5,0.00000
input.uic0103,input.thutd5,0.00000
input.uic0104,input.thutd5,0.00000
input.UniNEdi1,input.thutd5,0.00000
input.UniNEdi2,input.thutd5,0.00000
input.UniNEdi3,input.thutd5,0.00000
input.UniNEdi4,input.thutd5,0.00002
input.UniNEdi5,input.thutd5,0.02776
input.uog01ctaialh,input.thutd5,0.00000
input.uog02ctadh,input.thutd5,0.00000
input.uog03ctadqh,input.thutd5,0.02248
input.uog04cta2dqh,input.thutd5,0.08696
input.uog05tad,input.thutd5,0.25383
input.yedi01,input.thutd5,0.00007
input.yedi01no,input.thutd5,0.00003
input.UAmsT02WtAcs,input.UAmsT02WtA,0.16587
input.UAmsT02WtAri,input.UAmsT02WtA,0.14235
input.UAmsT02WtT,input.UAmsT02WtA,0.00256
input.UAmsT02WtTri,input.UAmsT02WtA,0.19220
input.uic0101,input.UAmsT02WtA,1.00000
input.uic0102,input.UAmsT02WtA,0.41504
input.uic0103,input.UAmsT02WtA,0.68362
input.uic0104,input.UAmsT02WtA,0.87051
input.UniNEdi1,input.UAmsT02WtA,0.51437
input.UniNEdi2,input.UAmsT02WtA,0.00715
input.UniNEdi3,input.UAmsT02WtA,0.36995
input.UniNEdi4,input.UAmsT02WtA,0.08696
input.UniNEdi5,input.UAmsT02WtA,0.00013
input.uog01ctaialh,input.UAmsT02WtA,0.22148
input.uog02ctadh,input.UAmsT02WtA,0.56831
input.uog03ctadqh,input.UAmsT02WtA,0.00018
input.uog04cta2dqh,input.UAmsT02WtA,0.00002
input.uog05tad,input.UAmsT02WtA,0.00000
input.yedi01,input.UAmsT02WtA,0.04158
input.yedi01no,input.UAmsT02WtA,0.06084
input.UAmsT02WtAri,input.UAmsT02WtAcs,0.93504
input.UAmsT02WtT,input.UAmsT02WtAcs,0.00001
input.UAmsT02WtTri,input.UAmsT02WtAcs,0.93504
input.uic0101,input.UAmsT02WtAcs,0.16587
input.uic0102,input.UAmsT02WtAcs,0.56831
input.uic0103,input.UAmsT02WtAcs,0.32804
input.uic0104,input.UAmsT02WtAcs,0.12147
input.UniNEdi1,input.UAmsT02WtAcs,0.46322
input.UniNEdi2,input.UAmsT02WtAcs,0.19220
input.UniNEdi3,input.UAmsT02WtAcs,0.62482
input.UniNEdi4,input.UAmsT02WtAcs,0.00195
input.UniNEdi5,input.UAmsT02WtAcs,0.00000
input.uog01ctaialh,input.UAmsT02WtAcs,0.00910
input.uog02ctadh,input.UAmsT02WtAcs,0.05045
input.uog03ctadqh,input.UAmsT02WtAcs,0.00000
input.uog04cta2dqh,input.UAmsT02WtAcs,0.00000
input.uog05tad,input.UAmsT02WtAcs,0.00000
input.yedi01,input.UAmsT02WtAcs,0.00062
input.yedi01no,input.UAmsT02WtAcs,0.00111
input.UAmsT02WtT,input.UAmsT02WtAri,0.00001
input.UAmsT02WtTri,input.UAmsT02WtAri,0.87051
input.uic0101,input.UAmsT02WtAri,0.14235
input.uic0102,input.UAmsT02WtAri,0.51437
input.uic0103,input.UAmsT02WtAri,0.28934
input.uic0104,input.UAmsT02WtAri,0.10308
input.UniNEdi1,input.UAmsT02WtAri,0.41504
input.UniNEdi2,input.UAmsT02WtAri,0.22148
input.UniNEdi3,input.UAmsT02WtAri,0.56831
input.UniNEdi4,input.UAmsT02WtAri,0.00148
input.UniNEdi5,input.UAmsT02WtAri,0.00000
input.uog01ctaialh,input.UAmsT02WtAri,0.00715
input.uog02ctadh,input.UAmsT02WtAri,0.04158
input.uog03ctadqh,input.UAmsT02WtAri,0.00000
input.uog04cta2dqh,input.UAmsT02WtAri,0.00000
input.uog05tad,input.UAmsT02WtAri,0.00000
input.yedi01,input.UAmsT02WtAri,0.00046
input.yedi01no,input.UAmsT02WtAri,0.00083
input.UAmsT02WtTri,input.UAmsT02WtT,0.00002
input.uic0101,input.UAmsT02WtT,0.00256
input.uic0102,input.UAmsT02WtT,0.00013
input.uic0103,input.UAmsT02WtT,0.00062
input.uic0104,input.UAmsT02WtT,0.00433
input.UniNEdi1,input.UAmsT02WtT,0.00024
input.UniNEdi2,input.UAmsT02WtT,0.00000
input.UniNEdi3,input.UAmsT02WtT,0.00009
input.UniNEdi4,input.UAmsT02WtT,0.19220
input.UniNEdi5,input.UAmsT02WtT,0.41504
input.uog01ctaialh,input.UAmsT02WtT,0.07295
input.uog02ctadh,input.UAmsT02WtT,0.01448
input.uog03ctadqh,input.UAmsT02WtT,0.46322
input.uog04cta2dqh,input.UAmsT02WtT,0.19220
input.uog05tad,input.UAmsT02WtT,0.06084
input.yedi01,input.UAmsT02WtT,0.32804
input.yedi01no,input.UAmsT02WtT,0.25383
input.uic0101,input.UAmsT02WtTri,0.19220
input.uic0102,input.UAmsT02WtTri,0.62482
input.uic0103,input.UAmsT02WtTri,0.36995
input.uic0104,input.UAmsT02WtTri,0.14235
input.UniNEdi1,input.UAmsT02WtTri,0.51437
input.UniNEdi2,input.UAmsT02WtTri,0.16587
input.UniNEdi3,input.UAmsT02WtTri,0.68362
input.UniNEdi4,input.UAmsT02WtTri,0.00256
input.UniNEdi5,input.UAmsT02WtTri,0.00000
input.uog01ctaialh,input.UAmsT02WtTri,0.01151
input.uog02ctadh,input.UAmsT02WtTri,0.06084
input.uog03ctadqh,input.UAmsT02WtTri,0.00000
input.uog04cta2dqh,input.UAmsT02WtTri,0.00000
input.uog05tad,input.UAmsT02WtTri,0.00000
input.yedi01,input.UAmsT02WtTri,0.00083
input.yedi01no,input.UAmsT02WtTri,0.00148
input.uic0102,input.uic0101,0.41504
input.uic0103,input.uic0101,0.68362
input.uic0104,input.uic0101,0.87051
input.UniNEdi1,input.uic0101,0.51437
input.UniNEdi2,input.uic0101,0.00715
input.UniNEdi3,input.uic0101,0.36995
input.UniNEdi4,input.uic0101,0.08696
input.UniNEdi5,input.uic0101,0.00013
input.uog01ctaialh,input.uic0101,0.22148
input.uog02ctadh,input.uic0101,0.56831
input.uog03ctadqh,input.uic0101,0.00018
input.uog04cta2dqh,input.uic0101,0.00002
input.uog05tad,input.uic0101,0.00000
input.yedi01,input.uic0101,0.04158
input.yedi01no,input.uic0101,0.06084
input.uic0103,input.uic0102,0.68362
input.uic0104,input.uic0102,0.32804
input.UniNEdi1,input.uic0102,0.87051
input.UniNEdi2,input.uic0102,0.06084
input.UniNEdi3,input.uic0102,0.93504
input.UniNEdi4,input.uic0102,0.01151
input.UniNEdi5,input.uic0102,0.00000
input.uog01ctaialh,input.uic0102,0.04158
input.uog02ctadh,input.uic0102,0.16587
input.uog03ctadqh,input.uic0102,0.00001
input.uog04cta2dqh,input.uic0102,0.00000
input.uog05tad,input.uic0102,0.00000
input.yedi01,input.uic0102,0.00433
input.yedi01no,input.uic0102,0.00715
input.uic0104,input.uic0103,0.56831
input.UniNEdi1,input.uic0103,0.80683
input.UniNEdi2,input.uic0103,0.02248
input.UniNEdi3,input.uic0103,0.62482
input.UniNEdi4,input.uic0103,0.03408
input.UniNEdi5,input.uic0103,0.00002
input.uog01ctaialh,input.uic0103,0.10308
input.uog02ctadh,input.uic0103,0.32804
input.uog03ctadqh,input.uic0103,0.00003
input.uog04cta2dqh,input.uic0103,0.00000
input.uog05tad,input.uic0103,0.00000
input.yedi01,input.uic0103,0.01448
input.yedi01no,input.uic0103,0.02248
input.UniNEdi1,input.uic0104,0.41504
input.UniNEdi2,input.uic0104,0.00433
input.UniNEdi3,input.uic0104,0.28934
input.UniNEdi4,input.uic0104,0.12147
input.UniNEdi5,input.uic0104,0.00024
input.uog01ctaialh,input.uic0104,0.28934
input.uog02ctadh,input.uic0104,0.68362
input.uog03ctadqh,input.uic0104,0.00034
input.uog04cta2dqh,input.uic0104,0.00003
input.uog05tad,input.uic0104,0.00000
input.yedi01,input.uic0104,0.06084
input.yedi01no,input.uic0104,0.08696
input.UniNEdi2,input.UniNEdi1,0.04158
input.UniNEdi3,input.UniNEdi1,0.80683
input.UniNEdi4,input.UniNEdi1,0.01809
input.UniNEdi5,input.UniNEdi1,0.00001
input.uog01ctaialh,input.UniNEdi1,0.06084
input.uog02ctadh,input.UniNEdi1,0.22148
input.uog03ctadqh,input.UniNEdi1,0.00001
input.uog04cta2dqh,input.UniNEdi1,0.00000
input.uog05tad,input.UniNEdi1,0.00000
input.yedi01,input.UniNEdi1,0.00715
input.yedi01no,input.UniNEdi1,0.01151
input.UniNEdi3,input.UniNEdi2,0.07295
input.UniNEdi4,input.UniNEdi2,0.00001
input.UniNEdi5,input.UniNEdi2,0.00000
input.uog01ctaialh,input.UniNEdi2,0.00009
input.uog02ctadh,input.UniNEdi2,0.00111
input.uog03ctadqh,input.UniNEdi2,0.00000
input.uog04cta2dqh,input.UniNEdi2,0.00000
input.uog05tad,input.UniNEdi2,0.00000
input.yedi01,input.UniNEdi2,0.00000
input.yedi01no,input.UniNEdi2,0.00001
input.UniNEdi4,input.UniNEdi3,0.00910
input.UniNEdi5,input.UniNEdi3,0.00000
input.uog01ctaialh,input.UniNEdi3,0.03408
input.uog02ctadh,input.UniNEdi3,0.14235
input.uog03ctadqh,input.UniNEdi3,0.00000
input.uog04cta2dqh,input.UniNEdi3,0.00000
input.uog05tad,input.UniNEdi3,0.00000
input.yedi01,input.UniNEdi3,0.00334
input.yedi01no,input.UniNEdi3,0.00558
input.UniNEdi5,input.UniNEdi4,0.03408
input.uog01ctaialh,input.UniNEdi4,0.62482
input.uog02ctadh,input.UniNEdi4,0.25383
input.uog03ctadqh,input.UniNEdi4,0.04158
input.uog04cta2dqh,input.UniNEdi4,0.00910
input.uog05tad,input.UniNEdi4,0.00148
input.yedi01,input.UniNEdi4,0.74441
input.yedi01no,input.UniNEdi4,0.87051
input.uog01ctaialh,input.UniNEdi5,0.00910
input.uog02ctadh,input.UniNEdi5,0.00111
input.uog03ctadqh,input.UniNEdi5,0.93504
input.uog04cta2dqh,input.UniNEdi5,0.62482
input.uog05tad,input.UniNEdi5,0.28934
input.yedi01,input.UniNEdi5,0.07295
input.yedi01no,input.UniNEdi5,0.05045
input.uog02ctadh,input.uog01ctaialh,0.51437
input.uog03ctadqh,input.uog01ctaialh,0.01151
input.uog04cta2dqh,input.uog01ctaialh,0.00195
input.uog05tad,input.uog01ctaialh,0.00024
input.yedi01,input.uog01ctaialh,0.41504
input.yedi01no,input.uog01ctaialh,0.51437
input.uog03ctadqh,input.uog02ctadh,0.00148
input.uog04cta2dqh,input.uog02ctadh,0.00018
input.uog05tad,input.uog02ctadh,0.00002
input.yedi01,input.uog02ctadh,0.14235
input.yedi01no,input.uog02ctadh,0.19220
input.uog04cta2dqh,input.uog03ctadqh,0.56831
input.uog05tad,input.uog03ctadqh,0.25383
input.yedi01,input.uog03ctadqh,0.08696
input.yedi01no,input.uog03ctadqh,0.06084
input.uog05tad,input.uog04cta2dqh,0.56831
input.yedi01,input.uog04cta2dqh,0.02248
input.yedi01no,input.uog04cta2dqh,0.01448
input.yedi01,input.uog05tad,0.00433
input.yedi01no,input.uog05tad,0.00256
input.yedi01no,input.yedi01,0.87051
