input.CCP1,input.CCP0,0.00818
input.DUTAdHoc1,input.CCP0,0.00110
input.DUTAdHoc2,input.CCP0,0.00238
input.MARYGEN1,input.CCP0,0.57366
input.NCBIMAN,input.CCP0,0.43085
input.NCBITHQ,input.CCP0,0.57366
input.NLMfusionA,input.CCP0,0.00110
input.NLMfusionB,input.CCP0,0.00060
input.NTUgah1,input.CCP0,0.00286
input.NTUgah2,input.CCP0,0.00163
input.OHSUall,input.CCP0,0.21576
input.OHSUkey,input.CCP0,0.01330
input.PDSESe02,input.CCP0,0.28503
input.PDnoSE,input.CCP0,0.04280
input.SFUshi,input.CCP0,0.10273
input.THUIRgen1S,input.CCP0,0.00013
input.THUIRgen2P,input.CCP0,0.00032
input.UAmscombGeFb,input.CCP0,0.00025
input.UAmscombGeMl,input.CCP0,0.04891
input.UBIgeneA,input.CCP0,0.02820
input.UICgen1,input.CCP0,0.49954
input.UIUCgAuto,input.CCP0,0.00039
input.UIUCgInt,input.CCP0,0.00013
input.UIowa05GN101,input.CCP0,0.95513
input.UIowa05GN102,input.CCP0,0.86595
input.UMD01,input.CCP0,0.28503
input.UMD02,input.CCP0,0.00286
input.UniGe2,input.CCP0,0.00411
input.UniGeNe,input.CCP0,0.14348
input.UniNeHug2,input.CCP0,0.00163
input.UniNeHug2c,input.CCP0,0.00411
input.YAMAHASHI1,input.CCP0,0.39866
input.YAMAHASHI2,input.CCP0,0.61257
input.asubaral,input.CCP0,0.73566
input.dcu1,input.CCP0,0.00692
input.dcu2,input.CCP0,0.00197
input.dpsearch1,input.CCP0,0.43085
input.dpsearch2,input.CCP0,0.57366
input.genome1,input.CCP0,0.26044
input.genome2,input.CCP0,0.69368
input.i2r1,input.CCP0,0.00343
input.i2r2,input.CCP0,0.00411
input.iasl1,input.CCP0,0.00163
input.iasl2,input.CCP0,0.00692
input.ibmadz05bs,input.CCP0,0.00000
input.ibmadz05us,input.CCP0,0.00000
input.iitprf011003,input.CCP0,0.03250
input.tnog10,input.CCP0,0.00490
input.tnog10p,input.CCP0,0.00110
input.uta05a,input.CCP0,0.00025
input.uta05i,input.CCP0,0.00060
input.uwmtEg05,input.CCP0,0.00032
input.uwmtEg05fb,input.CCP0,0.00411
input.wim1,input.CCP0,0.15952
input.wim2,input.CCP0,0.65261
input.york05ga1,input.CCP0,0.00000
input.york05ga2,input.CCP0,0.00090
input.york05ga3,input.CCP0,0.00001
input.york05ga4,input.CCP0,0.00238
input.york05ga5,input.CCP0,0.00134
input.york05gm1,input.CCP0,0.00000
input.DUTAdHoc1,input.CCP1,0.00000
input.DUTAdHoc2,input.CCP1,0.00000
input.MARYGEN1,input.CCP1,0.00134
input.NCBIMAN,input.CCP1,0.00060
input.NCBITHQ,input.CCP1,0.00134
input.NLMfusionA,input.CCP1,0.00000
input.NLMfusionB,input.CCP1,0.00000
input.NTUgah1,input.CCP1,0.00000
input.NTUgah2,input.CCP1,0.00000
input.OHSUall,input.CCP1,0.00010
input.OHSUkey,input.CCP1,0.00000
input.PDSESe02,input.CCP1,0.00020
input.PDnoSE,input.CCP1,0.00000
input.SFUshi,input.CCP1,0.00002
input.THUIRgen1S,input.CCP1,0.00000
input.THUIRgen2P,input.CCP1,0.00000
input.UAmscombGeFb,input.CCP1,0.00000
input.UAmscombGeMl,input.CCP1,0.00000
input.UBIgeneA,input.CCP1,0.00000
input.UICgen1,input.CCP1,0.00090
input.UIUCgAuto,input.CCP1,0.00000
input.UIUCgInt,input.CCP1,0.00000
input.UIowa05GN101,input.CCP1,0.00692
input.UIowa05GN102,input.CCP1,0.00490
input.UMD01,input.CCP1,0.00020
input.UMD02,input.CCP1,0.73566
input.UniGe2,input.CCP1,0.00000
input.UniGeNe,input.CCP1,0.00004
input.UniNeHug2,input.CCP1,0.00000
input.UniNeHug2c,input.CCP1,0.00000
input.YAMAHASHI1,input.CCP1,0.07177
input.YAMAHASHI2,input.CCP1,0.03250
input.asubaral,input.CCP1,0.02106
input.dcu1,input.CCP1,0.00000
input.dcu2,input.CCP1,0.00000
input.dpsearch1,input.CCP1,0.06334
input.dpsearch2,input.CCP1,0.03735
input.genome1,input.CCP1,0.00016
input.genome2,input.CCP1,0.00238
input.i2r1,input.CCP1,0.00000
input.i2r2,input.CCP1,0.00000
input.iasl1,input.CCP1,0.00000
input.iasl2,input.CCP1,0.00000
input.ibmadz05bs,input.CCP1,0.00000
input.ibmadz05us,input.CCP1,0.00000
input.iitprf011003,input.CCP1,0.00000
input.tnog10,input.CCP1,0.00000
input.tnog10p,input.CCP1,0.00000
input.uta05a,input.CCP1,0.00000
input.uta05i,input.CCP1,0.00000
input.uwmtEg05,input.CCP1,0.00000
input.uwmtEg05fb,input.CCP1,0.00000
input.wim1,input.CCP1,0.00005
input.wim2,input.CCP1,0.00197
input.york05ga1,input.CCP1,0.00000
input.york05ga2,input.CCP1,0.00000
input.york05ga3,input.CCP1,0.00000
input.york05ga4,input.CCP1,0.00000
input.york05ga5,input.CCP1,0.00000
input.york05gm1,input.CCP1,0.00000
input.DUTAdHoc2,input.DUTAdHoc1,0.82193
input.MARYGEN1,input.DUTAdHoc1,0.00692
input.NCBIMAN,input.DUTAdHoc1,0.01330
input.NCBITHQ,input.DUTAdHoc1,0.00692
input.NLMfusionA,input.DUTAdHoc1,1.00000
input.NLMfusionB,input.DUTAdHoc1,0.86595
input.NTUgah1,input.DUTAdHoc1,0.77845
input.NTUgah2,input.DUTAdHoc1,0.91040
input.OHSUall,input.DUTAdHoc1,0.04280
input.OHSUkey,input.DUTAdHoc1,0.43085
input.PDSESe02,input.DUTAdHoc1,0.02820
input.PDnoSE,input.DUTAdHoc1,0.21576
input.SFUshi,input.DUTAdHoc1,0.10273
input.THUIRgen1S,input.DUTAdHoc1,0.57366
input.THUIRgen2P,input.DUTAdHoc1,0.73566
input.UAmscombGeFb,input.DUTAdHoc1,0.69368
input.UAmscombGeMl,input.DUTAdHoc1,0.19561
input.UBIgeneA,input.DUTAdHoc1,0.28503
input.UICgen1,input.DUTAdHoc1,0.00965
input.UIUCgAuto,input.DUTAdHoc1,0.77845
input.UIUCgInt,input.DUTAdHoc1,0.57366
input.UIowa05GN101,input.DUTAdHoc1,0.00134
input.UIowa05GN102,input.DUTAdHoc1,0.00197
input.UMD01,input.DUTAdHoc1,0.02820
input.UMD02,input.DUTAdHoc1,0.00000
input.UniGe2,input.DUTAdHoc1,0.69368
input.UniGeNe,input.DUTAdHoc1,0.07177
input.UniNeHug2,input.DUTAdHoc1,0.91040
input.UniNeHug2c,input.DUTAdHoc1,0.69368
input.YAMAHASHI1,input.DUTAdHoc1,0.00004
input.YAMAHASHI2,input.DUTAdHoc1,0.00016
input.asubaral,input.DUTAdHoc1,0.00032
input.dcu1,input.DUTAdHoc1,0.57366
input.dcu2,input.DUTAdHoc1,0.86595
input.dpsearch1,input.DUTAdHoc1,0.00005
input.dpsearch2,input.DUTAdHoc1,0.00013
input.genome1,input.DUTAdHoc1,0.03250
input.genome2,input.DUTAdHoc1,0.00411
input.i2r1,input.DUTAdHoc1,0.73566
input.i2r2,input.DUTAdHoc1,0.69368
input.iasl1,input.DUTAdHoc1,0.91040
input.iasl2,input.DUTAdHoc1,0.57366
input.ibmadz05bs,input.DUTAdHoc1,0.06334
input.ibmadz05us,input.DUTAdHoc1,0.04891
input.iitprf011003,input.DUTAdHoc1,0.26044
input.tnog10,input.DUTAdHoc1,0.65261
input.tnog10p,input.DUTAdHoc1,1.00000
input.uta05a,input.DUTAdHoc1,0.69368
input.uta05i,input.DUTAdHoc1,0.86595
input.uwmtEg05,input.DUTAdHoc1,0.73566
input.uwmtEg05fb,input.DUTAdHoc1,0.69368
input.wim1,input.DUTAdHoc1,0.06334
input.wim2,input.DUTAdHoc1,0.00490
input.york05ga1,input.DUTAdHoc1,0.11514
input.york05ga2,input.DUTAdHoc1,0.95513
input.york05ga3,input.DUTAdHoc1,0.28503
input.york05ga4,input.DUTAdHoc1,0.82193
input.york05ga5,input.DUTAdHoc1,0.95513
input.york05gm1,input.DUTAdHoc1,0.14348
input.MARYGEN1,input.DUTAdHoc2,0.01330
input.NCBIMAN,input.DUTAdHoc2,0.02440
input.NCBITHQ,input.DUTAdHoc2,0.01330
input.NLMfusionA,input.DUTAdHoc2,0.82193
input.NLMfusionB,input.DUTAdHoc2,0.69368
input.NTUgah1,input.DUTAdHoc2,0.95513
input.NTUgah2,input.DUTAdHoc2,0.91040
input.OHSUall,input.DUTAdHoc2,0.07177
input.OHSUkey,input.DUTAdHoc2,0.57366
input.PDSESe02,input.DUTAdHoc2,0.04891
input.PDnoSE,input.DUTAdHoc2,0.31115
input.SFUshi,input.DUTAdHoc2,0.15952
input.THUIRgen1S,input.DUTAdHoc2,0.43085
input.THUIRgen2P,input.DUTAdHoc2,0.57366
input.UAmscombGeFb,input.DUTAdHoc2,0.53595
input.UAmscombGeMl,input.DUTAdHoc2,0.28503
input.UBIgeneA,input.DUTAdHoc2,0.39866
input.UICgen1,input.DUTAdHoc2,0.01812
input.UIUCgAuto,input.DUTAdHoc2,0.61257
input.UIUCgInt,input.DUTAdHoc2,0.43085
input.UIowa05GN101,input.DUTAdHoc2,0.00286
input.UIowa05GN102,input.DUTAdHoc2,0.00411
input.UMD01,input.DUTAdHoc2,0.04891
input.UMD02,input.DUTAdHoc2,0.00000
input.UniGe2,input.DUTAdHoc2,0.86595
input.UniGeNe,input.DUTAdHoc2,0.11514
input.UniNeHug2,input.DUTAdHoc2,0.91040
input.UniNeHug2c,input.DUTAdHoc2,0.86595
input.YAMAHASHI1,input.DUTAdHoc2,0.00010
input.YAMAHASHI2,input.DUTAdHoc2,0.00039
input.asubaral,input.DUTAdHoc2,0.00074
input.dcu1,input.DUTAdHoc2,0.73566
input.dcu2,input.DUTAdHoc2,0.95513
input.dpsearch1,input.DUTAdHoc2,0.00013
input.dpsearch2,input.DUTAdHoc2,0.00032
input.genome1,input.DUTAdHoc2,0.05574
input.genome2,input.DUTAdHoc2,0.00818
input.i2r1,input.DUTAdHoc2,0.91040
input.i2r2,input.DUTAdHoc2,0.86595
input.iasl1,input.DUTAdHoc2,0.91040
input.iasl2,input.DUTAdHoc2,0.73566
input.ibmadz05bs,input.DUTAdHoc2,0.03735
input.ibmadz05us,input.DUTAdHoc2,0.02820
input.iitprf011003,input.DUTAdHoc2,0.36797
input.tnog10,input.DUTAdHoc2,0.82193
input.tnog10p,input.DUTAdHoc2,0.82193
input.uta05a,input.DUTAdHoc2,0.53595
input.uta05i,input.DUTAdHoc2,0.69368
input.uwmtEg05,input.DUTAdHoc2,0.57366
input.uwmtEg05fb,input.DUTAdHoc2,0.86595
input.wim1,input.DUTAdHoc2,0.10273
input.wim2,input.DUTAdHoc2,0.00965
input.york05ga1,input.DUTAdHoc2,0.07177
input.york05ga2,input.DUTAdHoc2,0.77845
input.york05ga3,input.DUTAdHoc2,0.19561
input.york05ga4,input.DUTAdHoc2,1.00000
input.york05ga5,input.DUTAdHoc2,0.86595
input.york05gm1,input.DUTAdHoc2,0.09141
input.NCBIMAN,input.MARYGEN1,0.82193
input.NCBITHQ,input.MARYGEN1,1.00000
input.NLMfusionA,input.MARYGEN1,0.00692
input.NLMfusionB,input.MARYGEN1,0.00411
input.NTUgah1,input.MARYGEN1,0.01554
input.NTUgah2,input.MARYGEN1,0.00965
input.OHSUall,input.MARYGEN1,0.49954
input.OHSUkey,input.MARYGEN1,0.05574
input.PDSESe02,input.MARYGEN1,0.61257
input.PDnoSE,input.MARYGEN1,0.14348
input.SFUshi,input.MARYGEN1,0.28503
input.THUIRgen1S,input.MARYGEN1,0.00110
input.THUIRgen2P,input.MARYGEN1,0.00238
input.UAmscombGeFb,input.MARYGEN1,0.00197
input.UAmscombGeMl,input.MARYGEN1,0.15952
input.UBIgeneA,input.MARYGEN1,0.10273
input.UICgen1,input.MARYGEN1,0.91040
input.UIUCgAuto,input.MARYGEN1,0.00286
input.UIUCgInt,input.MARYGEN1,0.00110
input.UIowa05GN101,input.MARYGEN1,0.61257
input.UIowa05GN102,input.MARYGEN1,0.69368
input.UMD01,input.MARYGEN1,0.61257
input.UMD02,input.MARYGEN1,0.00039
input.UniGe2,input.MARYGEN1,0.02106
input.UniGeNe,input.MARYGEN1,0.36797
input.UniNeHug2,input.MARYGEN1,0.00965
input.UniNeHug2c,input.MARYGEN1,0.02106
input.YAMAHASHI1,input.MARYGEN1,0.15952
input.YAMAHASHI2,input.MARYGEN1,0.28503
input.asubaral,input.MARYGEN1,0.36797
input.dcu1,input.MARYGEN1,0.03250
input.dcu2,input.MARYGEN1,0.01134
input.dpsearch1,input.MARYGEN1,0.17688
input.dpsearch2,input.MARYGEN1,0.26044
input.genome1,input.MARYGEN1,0.57366
input.genome2,input.MARYGEN1,0.86595
input.i2r1,input.MARYGEN1,0.01812
input.i2r2,input.MARYGEN1,0.02106
input.iasl1,input.MARYGEN1,0.00965
input.iasl2,input.MARYGEN1,0.03250
input.ibmadz05bs,input.MARYGEN1,0.00001
input.ibmadz05us,input.MARYGEN1,0.00000
input.iitprf011003,input.MARYGEN1,0.11514
input.tnog10,input.MARYGEN1,0.02440
input.tnog10p,input.MARYGEN1,0.00692
input.uta05a,input.MARYGEN1,0.00197
input.uta05i,input.MARYGEN1,0.00411
input.uwmtEg05,input.MARYGEN1,0.00238
input.uwmtEg05fb,input.MARYGEN1,0.02106
input.wim1,input.MARYGEN1,0.39866
input.wim2,input.MARYGEN1,0.91040
input.york05ga1,input.MARYGEN1,0.00002
input.york05ga2,input.MARYGEN1,0.00583
input.york05ga3,input.MARYGEN1,0.00016
input.york05ga4,input.MARYGEN1,0.01330
input.york05ga5,input.MARYGEN1,0.00818
input.york05gm1,input.MARYGEN1,0.00003
input.NCBITHQ,input.NCBIMAN,0.82193
input.NLMfusionA,input.NCBIMAN,0.01330
input.NLMfusionB,input.NCBIMAN,0.00818
input.NTUgah1,input.NCBIMAN,0.02820
input.NTUgah2,input.NCBIMAN,0.01812
input.OHSUall,input.NCBIMAN,0.65261
input.OHSUkey,input.NCBIMAN,0.09141
input.PDSESe02,input.NCBIMAN,0.77845
input.PDnoSE,input.NCBIMAN,0.21576
input.SFUshi,input.NCBIMAN,0.39866
input.THUIRgen1S,input.NCBIMAN,0.00238
input.THUIRgen2P,input.NCBIMAN,0.00490
input.UAmscombGeFb,input.NCBIMAN,0.00411
input.UAmscombGeMl,input.NCBIMAN,0.23736
input.UBIgeneA,input.NCBIMAN,0.15952
input.UICgen1,input.NCBIMAN,0.91040
input.UIUCgAuto,input.NCBIMAN,0.00583
input.UIUCgInt,input.NCBIMAN,0.00238
input.UIowa05GN101,input.NCBIMAN,0.46449
input.UIowa05GN102,input.NCBIMAN,0.53595
input.UMD01,input.NCBIMAN,0.77845
input.UMD02,input.NCBIMAN,0.00016
input.UniGe2,input.NCBIMAN,0.03735
input.UniGeNe,input.NCBIMAN,0.49954
input.UniNeHug2,input.NCBIMAN,0.01812
input.UniNeHug2c,input.NCBIMAN,0.03735
input.YAMAHASHI1,input.NCBIMAN,0.10273
input.YAMAHASHI2,input.NCBIMAN,0.19561
input.asubaral,input.NCBIMAN,0.26044
input.dcu1,input.NCBIMAN,0.05574
input.dcu2,input.NCBIMAN,0.02106
input.dpsearch1,input.NCBIMAN,0.11514
input.dpsearch2,input.NCBIMAN,0.17688
input.genome1,input.NCBIMAN,0.73566
input.genome2,input.NCBIMAN,0.69368
input.i2r1,input.NCBIMAN,0.03250
input.i2r2,input.NCBIMAN,0.03735
input.iasl1,input.NCBIMAN,0.01812
input.iasl2,input.NCBIMAN,0.05574
input.ibmadz05bs,input.NCBIMAN,0.00001
input.ibmadz05us,input.NCBIMAN,0.00001
input.iitprf011003,input.NCBIMAN,0.17688
input.tnog10,input.NCBIMAN,0.04280
input.tnog10p,input.NCBIMAN,0.01330
input.uta05a,input.NCBIMAN,0.00411
input.uta05i,input.NCBIMAN,0.00818
input.uwmtEg05,input.NCBIMAN,0.00490
input.uwmtEg05fb,input.NCBIMAN,0.03735
input.wim1,input.NCBIMAN,0.53595
input.wim2,input.NCBIMAN,0.73566
input.york05ga1,input.NCBIMAN,0.00005
input.york05ga2,input.NCBIMAN,0.01134
input.york05ga3,input.NCBIMAN,0.00039
input.york05ga4,input.NCBIMAN,0.02440
input.york05ga5,input.NCBIMAN,0.01554
input.york05gm1,input.NCBIMAN,0.00008
input.NLMfusionA,input.NCBITHQ,0.00692
input.NLMfusionB,input.NCBITHQ,0.00411
input.NTUgah1,input.NCBITHQ,0.01554
input.NTUgah2,input.NCBITHQ,0.00965
input.OHSUall,input.NCBITHQ,0.49954
input.OHSUkey,input.NCBITHQ,0.05574
input.PDSESe02,input.NCBITHQ,0.61257
input.PDnoSE,input.NCBITHQ,0.14348
input.SFUshi,input.NCBITHQ,0.28503
input.THUIRgen1S,input.NCBITHQ,0.00110
input.THUIRgen2P,input.NCBITHQ,0.00238
input.UAmscombGeFb,input.NCBITHQ,0.00197
input.UAmscombGeMl,input.NCBITHQ,0.15952
input.UBIgeneA,input.NCBITHQ,0.10273
input.UICgen1,input.NCBITHQ,0.91040
input.UIUCgAuto,input.NCBITHQ,0.00286
input.UIUCgInt,input.NCBITHQ,0.00110
input.UIowa05GN101,input.NCBITHQ,0.61257
input.UIowa05GN102,input.NCBITHQ,0.69368
input.UMD01,input.NCBITHQ,0.61257
input.UMD02,input.NCBITHQ,0.00039
input.UniGe2,input.NCBITHQ,0.02106
input.UniGeNe,input.NCBITHQ,0.36797
input.UniNeHug2,input.NCBITHQ,0.00965
input.UniNeHug2c,input.NCBITHQ,0.02106
input.YAMAHASHI1,input.NCBITHQ,0.15952
input.YAMAHASHI2,input.NCBITHQ,0.28503
input.asubaral,input.NCBITHQ,0.36797
input.dcu1,input.NCBITHQ,0.03250
input.dcu2,input.NCBITHQ,0.01134
input.dpsearch1,input.NCBITHQ,0.17688
input.dpsearch2,input.NCBITHQ,0.26044
input.genome1,input.NCBITHQ,0.57366
input.genome2,input.NCBITHQ,0.86595
input.i2r1,input.NCBITHQ,0.01812
input.i2r2,input.NCBITHQ,0.02106
input.iasl1,input.NCBITHQ,0.00965
input.iasl2,input.NCBITHQ,0.03250
input.ibmadz05bs,input.NCBITHQ,0.00001
input.ibmadz05us,input.NCBITHQ,0.00000
input.iitprf011003,input.NCBITHQ,0.11514
input.tnog10,input.NCBITHQ,0.02440
input.tnog10p,input.NCBITHQ,0.00692
input.uta05a,input.NCBITHQ,0.00197
input.uta05i,input.NCBITHQ,0.00411
input.uwmtEg05,input.NCBITHQ,0.00238
input.uwmtEg05fb,input.NCBITHQ,0.02106
input.wim1,input.NCBITHQ,0.39866
input.wim2,input.NCBITHQ,0.91040
input.york05ga1,input.NCBITHQ,0.00002
input.york05ga2,input.NCBITHQ,0.00583
input.york05ga3,input.NCBITHQ,0.00016
input.york05ga4,input.NCBITHQ,0.01330
input.york05ga5,input.NCBITHQ,0.00818
input.york05gm1,input.NCBITHQ,0.00003
input.NLMfusionB,input.NLMfusionA,0.86595
input.NTUgah1,input.NLMfusionA,0.77845
input.NTUgah2,input.NLMfusionA,0.91040
input.OHSUall,input.NLMfusionA,0.04280
input.OHSUkey,input.NLMfusionA,0.43085
input.PDSESe02,input.NLMfusionA,0.02820
input.PDnoSE,input.NLMfusionA,0.21576
input.SFUshi,input.NLMfusionA,0.10273
input.THUIRgen1S,input.NLMfusionA,0.57366
input.THUIRgen2P,input.NLMfusionA,0.73566
input.UAmscombGeFb,input.NLMfusionA,0.69368
input.UAmscombGeMl,input.NLMfusionA,0.19561
input.UBIgeneA,input.NLMfusionA,0.28503
input.UICgen1,input.NLMfusionA,0.00965
input.UIUCgAuto,input.NLMfusionA,0.77845
input.UIUCgInt,input.NLMfusionA,0.57366
input.UIowa05GN101,input.NLMfusionA,0.00134
input.UIowa05GN102,input.NLMfusionA,0.00197
input.UMD01,input.NLMfusionA,0.02820
input.UMD02,input.NLMfusionA,0.00000
input.UniGe2,input.NLMfusionA,0.69368
input.UniGeNe,input.NLMfusionA,0.07177
input.UniNeHug2,input.NLMfusionA,0.91040
input.UniNeHug2c,input.NLMfusionA,0.69368
input.YAMAHASHI1,input.NLMfusionA,0.00004
input.YAMAHASHI2,input.NLMfusionA,0.00016
input.asubaral,input.NLMfusionA,0.00032
input.dcu1,input.NLMfusionA,0.57366
input.dcu2,input.NLMfusionA,0.86595
input.dpsearch1,input.NLMfusionA,0.00005
input.dpsearch2,input.NLMfusionA,0.00013
input.genome1,input.NLMfusionA,0.03250
input.genome2,input.NLMfusionA,0.00411
input.i2r1,input.NLMfusionA,0.73566
input.i2r2,input.NLMfusionA,0.69368
input.iasl1,input.NLMfusionA,0.91040
input.iasl2,input.NLMfusionA,0.57366
input.ibmadz05bs,input.NLMfusionA,0.06334
input.ibmadz05us,input.NLMfusionA,0.04891
input.iitprf011003,input.NLMfusionA,0.26044
input.tnog10,input.NLMfusionA,0.65261
input.tnog10p,input.NLMfusionA,1.00000
input.uta05a,input.NLMfusionA,0.69368
input.uta05i,input.NLMfusionA,0.86595
input.uwmtEg05,input.NLMfusionA,0.73566
input.uwmtEg05fb,input.NLMfusionA,0.69368
input.wim1,input.NLMfusionA,0.06334
input.wim2,input.NLMfusionA,0.00490
input.york05ga1,input.NLMfusionA,0.11514
input.york05ga2,input.NLMfusionA,0.95513
input.york05ga3,input.NLMfusionA,0.28503
input.york05ga4,input.NLMfusionA,0.82193
input.york05ga5,input.NLMfusionA,0.95513
input.york05gm1,input.NLMfusionA,0.14348
input.NTUgah1,input.NLMfusionB,0.65261
input.NTUgah2,input.NLMfusionB,0.77845
input.OHSUall,input.NLMfusionB,0.02820
input.OHSUkey,input.NLMfusionB,0.33880
input.PDSESe02,input.NLMfusionB,0.01812
input.PDnoSE,input.NLMfusionB,0.15952
input.SFUshi,input.NLMfusionB,0.07177
input.THUIRgen1S,input.NLMfusionB,0.69368
input.THUIRgen2P,input.NLMfusionB,0.86595
input.UAmscombGeFb,input.NLMfusionB,0.82193
input.UAmscombGeMl,input.NLMfusionB,0.14348
input.UBIgeneA,input.NLMfusionB,0.21576
input.UICgen1,input.NLMfusionB,0.00583
input.UIUCgAuto,input.NLMfusionB,0.91040
input.UIUCgInt,input.NLMfusionB,0.69368
input.UIowa05GN101,input.NLMfusionB,0.00074
input.UIowa05GN102,input.NLMfusionB,0.00110
input.UMD01,input.NLMfusionB,0.01812
input.UMD02,input.NLMfusionB,0.00000
input.UniGe2,input.NLMfusionB,0.57366
input.UniGeNe,input.NLMfusionB,0.04891
input.UniNeHug2,input.NLMfusionB,0.77845
input.UniNeHug2c,input.NLMfusionB,0.57366
input.YAMAHASHI1,input.NLMfusionB,0.00002
input.YAMAHASHI2,input.NLMfusionB,0.00008
input.asubaral,input.NLMfusionB,0.00016
input.dcu1,input.NLMfusionB,0.46449
input.dcu2,input.NLMfusionB,0.73566
input.dpsearch1,input.NLMfusionB,0.00002
input.dpsearch2,input.NLMfusionB,0.00006
input.genome1,input.NLMfusionB,0.02106
input.genome2,input.NLMfusionB,0.00238
input.i2r1,input.NLMfusionB,0.61257
input.i2r2,input.NLMfusionB,0.57366
input.iasl1,input.NLMfusionB,0.77845
input.iasl2,input.NLMfusionB,0.46449
input.ibmadz05bs,input.NLMfusionB,0.09141
input.ibmadz05us,input.NLMfusionB,0.07177
input.iitprf011003,input.NLMfusionB,0.19561
input.tnog10,input.NLMfusionB,0.53595
input.tnog10p,input.NLMfusionB,0.86595
input.uta05a,input.NLMfusionB,0.82193
input.uta05i,input.NLMfusionB,1.00000
input.uwmtEg05,input.NLMfusionB,0.86595
input.uwmtEg05fb,input.NLMfusionB,0.57366
input.wim1,input.NLMfusionB,0.04280
input.wim2,input.NLMfusionB,0.00286
input.york05ga1,input.NLMfusionB,0.15952
input.york05ga2,input.NLMfusionB,0.91040
input.york05ga3,input.NLMfusionB,0.36797
input.york05ga4,input.NLMfusionB,0.69368
input.york05ga5,input.NLMfusionB,0.82193
input.york05gm1,input.NLMfusionB,0.19561
input.NTUgah2,input.NTUgah1,0.86595
input.OHSUall,input.NTUgah1,0.08111
input.OHSUkey,input.NTUgah1,0.61257
input.PDSESe02,input.NTUgah1,0.05574
input.PDnoSE,input.NTUgah1,0.33880
input.SFUshi,input.NTUgah1,0.17688
input.THUIRgen1S,input.NTUgah1,0.39866
input.THUIRgen2P,input.NTUgah1,0.53595
input.UAmscombGeFb,input.NTUgah1,0.49954
input.UAmscombGeMl,input.NTUgah1,0.31115
input.UBIgeneA,input.NTUgah1,0.43085
input.UICgen1,input.NTUgah1,0.02106
input.UIUCgAuto,input.NTUgah1,0.57366
input.UIUCgInt,input.NTUgah1,0.39866
input.UIowa05GN101,input.NTUgah1,0.00343
input.UIowa05GN102,input.NTUgah1,0.00490
input.UMD01,input.NTUgah1,0.05574
input.UMD02,input.NTUgah1,0.00000
input.UniGe2,input.NTUgah1,0.91040
input.UniGeNe,input.NTUgah1,0.12871
input.UniNeHug2,input.NTUgah1,0.86595
input.UniNeHug2c,input.NTUgah1,0.91040
input.YAMAHASHI1,input.NTUgah1,0.00013
input.YAMAHASHI2,input.NTUgah1,0.00049
input.asubaral,input.NTUgah1,0.00090
input.dcu1,input.NTUgah1,0.77845
input.dcu2,input.NTUgah1,0.91040
input.dpsearch1,input.NTUgah1,0.00016
input.dpsearch2,input.NTUgah1,0.00039
input.genome1,input.NTUgah1,0.06334
input.genome2,input.NTUgah1,0.00965
input.i2r1,input.NTUgah1,0.95513
input.i2r2,input.NTUgah1,0.91040
input.iasl1,input.NTUgah1,0.86595
input.iasl2,input.NTUgah1,0.77845
input.ibmadz05bs,input.NTUgah1,0.03250
input.ibmadz05us,input.NTUgah1,0.02440
input.iitprf011003,input.NTUgah1,0.39866
input.tnog10,input.NTUgah1,0.86595
input.tnog10p,input.NTUgah1,0.77845
input.uta05a,input.NTUgah1,0.49954
input.uta05i,input.NTUgah1,0.65261
input.uwmtEg05,input.NTUgah1,0.53595
input.uwmtEg05fb,input.NTUgah1,0.91040
input.wim1,input.NTUgah1,0.11514
input.wim2,input.NTUgah1,0.01134
input.york05ga1,input.NTUgah1,0.06334
input.york05ga2,input.NTUgah1,0.73566
input.york05ga3,input.NTUgah1,0.17688
input.york05ga4,input.NTUgah1,0.95513
input.york05ga5,input.NTUgah1,0.82193
input.york05gm1,input.NTUgah1,0.08111
input.OHSUall,input.NTUgah2,0.05574
input.OHSUkey,input.NTUgah2,0.49954
input.PDSESe02,input.NTUgah2,0.03735
input.PDnoSE,input.NTUgah2,0.26044
input.SFUshi,input.NTUgah2,0.12871
input.THUIRgen1S,input.NTUgah2,0.49954
input.THUIRgen2P,input.NTUgah2,0.65261
input.UAmscombGeFb,input.NTUgah2,0.61257
input.UAmscombGeMl,input.NTUgah2,0.23736
input.UBIgeneA,input.NTUgah2,0.33880
input.UICgen1,input.NTUgah2,0.01330
input.UIUCgAuto,input.NTUgah2,0.69368
input.UIUCgInt,input.NTUgah2,0.49954
input.UIowa05GN101,input.NTUgah2,0.00197
input.UIowa05GN102,input.NTUgah2,0.00286
input.UMD01,input.NTUgah2,0.03735
input.UMD02,input.NTUgah2,0.00000
input.UniGe2,input.NTUgah2,0.77845
input.UniGeNe,input.NTUgah2,0.09141
input.UniNeHug2,input.NTUgah2,1.00000
input.UniNeHug2c,input.NTUgah2,0.77845
input.YAMAHASHI1,input.NTUgah2,0.00006
input.YAMAHASHI2,input.NTUgah2,0.00025
input.asubaral,input.NTUgah2,0.00049
input.dcu1,input.NTUgah2,0.65261
input.dcu2,input.NTUgah2,0.95513
input.dpsearch1,input.NTUgah2,0.00008
input.dpsearch2,input.NTUgah2,0.00020
input.genome1,input.NTUgah2,0.04280
input.genome2,input.NTUgah2,0.00583
input.i2r1,input.NTUgah2,0.82193
input.i2r2,input.NTUgah2,0.77845
input.iasl1,input.NTUgah2,1.00000
input.iasl2,input.NTUgah2,0.65261
input.ibmadz05bs,input.NTUgah2,0.04891
input.ibmadz05us,input.NTUgah2,0.03735
input.iitprf011003,input.NTUgah2,0.31115
input.tnog10,input.NTUgah2,0.73566
input.tnog10p,input.NTUgah2,0.91040
input.uta05a,input.NTUgah2,0.61257
input.uta05i,input.NTUgah2,0.77845
input.uwmtEg05,input.NTUgah2,0.65261
input.uwmtEg05fb,input.NTUgah2,0.77845
input.wim1,input.NTUgah2,0.08111
input.wim2,input.NTUgah2,0.00692
input.york05ga1,input.NTUgah2,0.09141
input.york05ga2,input.NTUgah2,0.86595
input.york05ga3,input.NTUgah2,0.23736
input.york05ga4,input.NTUgah2,0.91040
input.york05ga5,input.NTUgah2,0.95513
input.york05gm1,input.NTUgah2,0.11514
input.OHSUkey,input.OHSUall,0.21576
input.PDSESe02,input.OHSUall,0.86595
input.PDnoSE,input.OHSUall,0.43085
input.SFUshi,input.OHSUall,0.69368
input.THUIRgen1S,input.OHSUall,0.00965
input.THUIRgen2P,input.OHSUall,0.01812
input.UAmscombGeFb,input.OHSUall,0.01554
input.UAmscombGeMl,input.OHSUall,0.46449
input.UBIgeneA,input.OHSUall,0.33880
input.UICgen1,input.OHSUall,0.57366
input.UIUCgAuto,input.OHSUall,0.02106
input.UIUCgInt,input.OHSUall,0.00965
input.UIowa05GN101,input.OHSUall,0.23736
input.UIowa05GN102,input.OHSUall,0.28503
input.UMD01,input.OHSUall,0.86595
input.UMD02,input.OHSUall,0.00002
input.UniGe2,input.OHSUall,0.10273
input.UniGeNe,input.OHSUall,0.82193
input.UniNeHug2,input.OHSUall,0.05574
input.UniNeHug2c,input.OHSUall,0.10273
input.YAMAHASHI1,input.OHSUall,0.03735
input.YAMAHASHI2,input.OHSUall,0.08111
input.asubaral,input.OHSUall,0.11514
input.dcu1,input.OHSUall,0.14348
input.dcu2,input.OHSUall,0.06334
input.dpsearch1,input.OHSUall,0.04280
input.dpsearch2,input.OHSUall,0.07177
input.genome1,input.OHSUall,0.91040
input.genome2,input.OHSUall,0.39866
input.i2r1,input.OHSUall,0.09141
input.i2r2,input.OHSUall,0.10273
input.iasl1,input.OHSUall,0.05574
input.iasl2,input.OHSUall,0.14348
input.ibmadz05bs,input.OHSUall,0.00010
input.ibmadz05us,input.OHSUall,0.00006
input.iitprf011003,input.OHSUall,0.36797
input.tnog10,input.OHSUall,0.11514
input.tnog10p,input.OHSUall,0.04280
input.uta05a,input.OHSUall,0.01554
input.uta05i,input.OHSUall,0.02820
input.uwmtEg05,input.OHSUall,0.01812
input.uwmtEg05fb,input.OHSUall,0.10273
input.wim1,input.OHSUall,0.86595
input.wim2,input.OHSUall,0.43085
input.york05ga1,input.OHSUall,0.00032
input.york05ga2,input.OHSUall,0.03735
input.york05ga3,input.OHSUall,0.00197
input.york05ga4,input.OHSUall,0.07177
input.york05ga5,input.OHSUall,0.04891
input.york05gm1,input.OHSUall,0.00049
input.PDSESe02,input.OHSUkey,0.15952
input.PDnoSE,input.OHSUkey,0.65261
input.SFUshi,input.OHSUkey,0.39866
input.THUIRgen1S,input.OHSUkey,0.17688
input.THUIRgen2P,input.OHSUkey,0.26044
input.UAmscombGeFb,input.OHSUkey,0.23736
input.UAmscombGeMl,input.OHSUkey,0.61257
input.UBIgeneA,input.OHSUkey,0.77845
input.UICgen1,input.OHSUkey,0.07177
input.UIUCgAuto,input.OHSUkey,0.28503
input.UIUCgInt,input.OHSUkey,0.17688
input.UIowa05GN101,input.OHSUkey,0.01554
input.UIowa05GN102,input.OHSUkey,0.02106
input.UMD01,input.OHSUkey,0.15952
input.UMD02,input.OHSUkey,0.00000
input.UniGe2,input.OHSUkey,0.69368
input.UniGeNe,input.OHSUkey,0.31115
input.UniNeHug2,input.OHSUkey,0.49954
input.UniNeHug2c,input.OHSUkey,0.69368
input.YAMAHASHI1,input.OHSUkey,0.00090
input.YAMAHASHI2,input.OHSUkey,0.00286
input.asubaral,input.OHSUkey,0.00490
input.dcu1,input.OHSUkey,0.82193
input.dcu2,input.OHSUkey,0.53595
input.dpsearch1,input.OHSUkey,0.00110
input.dpsearch2,input.OHSUkey,0.00238
input.genome1,input.OHSUkey,0.17688
input.genome2,input.OHSUkey,0.03735
input.i2r1,input.OHSUkey,0.65261
input.i2r2,input.OHSUkey,0.69368
input.iasl1,input.OHSUkey,0.49954
input.iasl2,input.OHSUkey,0.82193
input.ibmadz05bs,input.OHSUkey,0.00818
input.ibmadz05us,input.OHSUkey,0.00583
input.iitprf011003,input.OHSUkey,0.73566
input.tnog10,input.OHSUkey,0.73566
input.tnog10p,input.OHSUkey,0.43085
input.uta05a,input.OHSUkey,0.23736
input.uta05i,input.OHSUkey,0.33880
input.uwmtEg05,input.OHSUkey,0.26044
input.uwmtEg05fb,input.OHSUkey,0.69368
input.wim1,input.OHSUkey,0.28503
input.wim2,input.OHSUkey,0.04280
input.york05ga1,input.OHSUkey,0.01812
input.york05ga2,input.OHSUkey,0.39866
input.york05ga3,input.OHSUkey,0.06334
input.york05ga4,input.OHSUkey,0.57366
input.york05ga5,input.OHSUkey,0.46449
input.york05gm1,input.OHSUkey,0.02440
input.PDnoSE,input.PDSESe02,0.33880
input.SFUshi,input.PDSESe02,0.57366
input.THUIRgen1S,input.PDSESe02,0.00583
input.THUIRgen2P,input.PDSESe02,0.01134
input.UAmscombGeFb,input.PDSESe02,0.00965
input.UAmscombGeMl,input.PDSESe02,0.36797
input.UBIgeneA,input.PDSESe02,0.26044
input.UICgen1,input.PDSESe02,0.69368
input.UIUCgAuto,input.PDSESe02,0.01330
input.UIUCgInt,input.PDSESe02,0.00583
input.UIowa05GN101,input.PDSESe02,0.31115
input.UIowa05GN102,input.PDSESe02,0.36797
input.UMD01,input.PDSESe02,1.00000
input.UMD02,input.PDSESe02,0.00005
input.UniGe2,input.PDSESe02,0.07177
input.UniGeNe,input.PDSESe02,0.69368
input.UniNeHug2,input.PDSESe02,0.03735
input.UniNeHug2c,input.PDSESe02,0.07177
input.YAMAHASHI1,input.PDSESe02,0.05574
input.YAMAHASHI2,input.PDSESe02,0.11514
input.asubaral,input.PDSESe02,0.15952
input.dcu1,input.PDSESe02,0.10273
input.dcu2,input.PDSESe02,0.04280
input.dpsearch1,input.PDSESe02,0.06334
input.dpsearch2,input.PDSESe02,0.10273
input.genome1,input.PDSESe02,0.95513
input.genome2,input.PDSESe02,0.49954
input.i2r1,input.PDSESe02,0.06334
input.i2r2,input.PDSESe02,0.07177
input.iasl1,input.PDSESe02,0.03735
input.iasl2,input.PDSESe02,0.10273
input.ibmadz05bs,input.PDSESe02,0.00005
input.ibmadz05us,input.PDSESe02,0.00003
input.iitprf011003,input.PDSESe02,0.28503
input.tnog10,input.PDSESe02,0.08111
input.tnog10p,input.PDSESe02,0.02820
input.uta05a,input.PDSESe02,0.00965
input.uta05i,input.PDSESe02,0.01812
input.uwmtEg05,input.PDSESe02,0.01134
input.uwmtEg05fb,input.PDSESe02,0.07177
input.wim1,input.PDSESe02,0.73566
input.wim2,input.PDSESe02,0.53595
input.york05ga1,input.PDSESe02,0.00016
input.york05ga2,input.PDSESe02,0.02440
input.york05ga3,input.PDSESe02,0.00110
input.york05ga4,input.PDSESe02,0.04891
input.york05ga5,input.PDSESe02,0.03250
input.york05gm1,input.PDSESe02,0.00025
input.SFUshi,input.PDnoSE,0.69368
input.THUIRgen1S,input.PDnoSE,0.07177
input.THUIRgen2P,input.PDnoSE,0.11514
input.UAmscombGeFb,input.PDnoSE,0.10273
input.UAmscombGeMl,input.PDnoSE,0.95513
input.UBIgeneA,input.PDnoSE,0.86595
input.UICgen1,input.PDnoSE,0.17688
input.UIUCgAuto,input.PDnoSE,0.12871
input.UIUCgInt,input.PDnoSE,0.07177
input.UIowa05GN101,input.PDnoSE,0.04891
input.UIowa05GN102,input.PDnoSE,0.06334
input.UMD01,input.PDnoSE,0.33880
input.UMD02,input.PDnoSE,0.00000
input.UniGe2,input.PDnoSE,0.39866
input.UniGeNe,input.PDnoSE,0.57366
input.UniNeHug2,input.PDnoSE,0.26044
input.UniNeHug2c,input.PDnoSE,0.39866
input.YAMAHASHI1,input.PDnoSE,0.00411
input.YAMAHASHI2,input.PDnoSE,0.01134
input.asubaral,input.PDnoSE,0.01812
input.dcu1,input.PDnoSE,0.49954
input.dcu2,input.PDnoSE,0.28503
input.dpsearch1,input.PDnoSE,0.00490
input.dpsearch2,input.PDnoSE,0.00965
input.genome1,input.PDnoSE,0.36797
input.genome2,input.PDnoSE,0.10273
input.i2r1,input.PDnoSE,0.36797
input.i2r2,input.PDnoSE,0.39866
input.iasl1,input.PDnoSE,0.26044
input.iasl2,input.PDnoSE,0.49954
input.ibmadz05bs,input.PDnoSE,0.00197
input.ibmadz05us,input.PDnoSE,0.00134
input.iitprf011003,input.PDnoSE,0.91040
input.tnog10,input.PDnoSE,0.43085
input.tnog10p,input.PDnoSE,0.21576
input.uta05a,input.PDnoSE,0.10273
input.uta05i,input.PDnoSE,0.15952
input.uwmtEg05,input.PDnoSE,0.11514
input.uwmtEg05fb,input.PDnoSE,0.39866
input.wim1,input.PDnoSE,0.53595
input.wim2,input.PDnoSE,0.11514
input.york05ga1,input.PDnoSE,0.00490
input.york05ga2,input.PDnoSE,0.19561
input.york05ga3,input.PDnoSE,0.02106
input.york05ga4,input.PDnoSE,0.31115
input.york05ga5,input.PDnoSE,0.23736
input.york05gm1,input.PDnoSE,0.00692
input.THUIRgen1S,input.SFUshi,0.02820
input.THUIRgen2P,input.SFUshi,0.04891
input.UAmscombGeFb,input.SFUshi,0.04280
input.UAmscombGeMl,input.SFUshi,0.73566
input.UBIgeneA,input.SFUshi,0.57366
input.UICgen1,input.SFUshi,0.33880
input.UIUCgAuto,input.SFUshi,0.05574
input.UIUCgInt,input.SFUshi,0.02820
input.UIowa05GN101,input.SFUshi,0.11514
input.UIowa05GN102,input.SFUshi,0.14348
input.UMD01,input.SFUshi,0.57366
input.UMD02,input.SFUshi,0.00000
input.UniGe2,input.SFUshi,0.21576
input.UniGeNe,input.SFUshi,0.86595
input.UniNeHug2,input.SFUshi,0.12871
input.UniNeHug2c,input.SFUshi,0.21576
input.YAMAHASHI1,input.SFUshi,0.01330
input.YAMAHASHI2,input.SFUshi,0.03250
input.asubaral,input.SFUshi,0.04891
input.dcu1,input.SFUshi,0.28503
input.dcu2,input.SFUshi,0.14348
input.dpsearch1,input.SFUshi,0.01554
input.dpsearch2,input.SFUshi,0.02820
input.genome1,input.SFUshi,0.61257
input.genome2,input.SFUshi,0.21576
input.i2r1,input.SFUshi,0.19561
input.i2r2,input.SFUshi,0.21576
input.iasl1,input.SFUshi,0.12871
input.iasl2,input.SFUshi,0.28503
input.ibmadz05bs,input.SFUshi,0.00049
input.ibmadz05us,input.SFUshi,0.00032
input.iitprf011003,input.SFUshi,0.61257
input.tnog10,input.SFUshi,0.23736
input.tnog10p,input.SFUshi,0.10273
input.uta05a,input.SFUshi,0.04280
input.uta05i,input.SFUshi,0.07177
input.uwmtEg05,input.SFUshi,0.04891
input.uwmtEg05fb,input.SFUshi,0.21576
input.wim1,input.SFUshi,0.82193
input.wim2,input.SFUshi,0.23736
input.york05ga1,input.SFUshi,0.00134
input.york05ga2,input.SFUshi,0.09141
input.york05ga3,input.SFUshi,0.00692
input.york05ga4,input.SFUshi,0.15952
input.york05ga5,input.SFUshi,0.11514
input.york05gm1,input.SFUshi,0.00197
input.THUIRgen2P,input.THUIRgen1S,0.82193
input.UAmscombGeFb,input.THUIRgen1S,0.86595
input.UAmscombGeMl,input.THUIRgen1S,0.06334
input.UBIgeneA,input.THUIRgen1S,0.10273
input.UICgen1,input.THUIRgen1S,0.00163
input.UIUCgAuto,input.THUIRgen1S,0.77845
input.UIUCgInt,input.THUIRgen1S,1.00000
input.UIowa05GN101,input.THUIRgen1S,0.00016
input.UIowa05GN102,input.THUIRgen1S,0.00025
input.UMD01,input.THUIRgen1S,0.00583
input.UMD02,input.THUIRgen1S,0.00000
input.UniGe2,input.THUIRgen1S,0.33880
input.UniGeNe,input.THUIRgen1S,0.01812
input.UniNeHug2,input.THUIRgen1S,0.49954
input.UniNeHug2c,input.THUIRgen1S,0.33880
input.YAMAHASHI1,input.THUIRgen1S,0.00000
input.YAMAHASHI2,input.THUIRgen1S,0.00001
input.asubaral,input.THUIRgen1S,0.00003
input.dcu1,input.THUIRgen1S,0.26044
input.dcu2,input.THUIRgen1S,0.46449
input.dpsearch1,input.THUIRgen1S,0.00000
input.dpsearch2,input.THUIRgen1S,0.00001
input.genome1,input.THUIRgen1S,0.00692
input.genome2,input.THUIRgen1S,0.00060
input.i2r1,input.THUIRgen1S,0.36797
input.i2r2,input.THUIRgen1S,0.33880
input.iasl1,input.THUIRgen1S,0.49954
input.iasl2,input.THUIRgen1S,0.26044
input.ibmadz05bs,input.THUIRgen1S,0.19561
input.ibmadz05us,input.THUIRgen1S,0.15952
input.iitprf011003,input.THUIRgen1S,0.09141
input.tnog10,input.THUIRgen1S,0.31115
input.tnog10p,input.THUIRgen1S,0.57366
input.uta05a,input.THUIRgen1S,0.86595
input.uta05i,input.THUIRgen1S,0.69368
input.uwmtEg05,input.THUIRgen1S,0.82193
input.uwmtEg05fb,input.THUIRgen1S,0.33880
input.wim1,input.THUIRgen1S,0.01554
input.wim2,input.THUIRgen1S,0.00074
input.york05ga1,input.THUIRgen1S,0.31115
input.york05ga2,input.THUIRgen1S,0.61257
input.york05ga3,input.THUIRgen1S,0.61257
input.york05ga4,input.THUIRgen1S,0.43085
input.york05ga5,input.THUIRgen1S,0.53595
input.york05gm1,input.THUIRgen1S,0.36797
input.UAmscombGeFb,input.THUIRgen2P,0.95513
input.UAmscombGeMl,input.THUIRgen2P,0.10273
input.UBIgeneA,input.THUIRgen2P,0.15952
input.UICgen1,input.THUIRgen2P,0.00343
input.UIUCgAuto,input.THUIRgen2P,0.95513
input.UIUCgInt,input.THUIRgen2P,0.82193
input.UIowa05GN101,input.THUIRgen2P,0.00039
input.UIowa05GN102,input.THUIRgen2P,0.00060
input.UMD01,input.THUIRgen2P,0.01134
input.UMD02,input.THUIRgen2P,0.00000
input.UniGe2,input.THUIRgen2P,0.46449
input.UniGeNe,input.THUIRgen2P,0.03250
input.UniNeHug2,input.THUIRgen2P,0.65261
input.UniNeHug2c,input.THUIRgen2P,0.46449
input.YAMAHASHI1,input.THUIRgen2P,0.00001
input.YAMAHASHI2,input.THUIRgen2P,0.00004
input.asubaral,input.THUIRgen2P,0.00008
input.dcu1,input.THUIRgen2P,0.36797
input.dcu2,input.THUIRgen2P,0.61257
input.dpsearch1,input.THUIRgen2P,0.00001
input.dpsearch2,input.THUIRgen2P,0.00003
input.genome1,input.THUIRgen2P,0.01330
input.genome2,input.THUIRgen2P,0.00134
input.i2r1,input.THUIRgen2P,0.49954
input.i2r2,input.THUIRgen2P,0.46449
input.iasl1,input.THUIRgen2P,0.65261
input.iasl2,input.THUIRgen2P,0.36797
input.ibmadz05bs,input.THUIRgen2P,0.12871
input.ibmadz05us,input.THUIRgen2P,0.10273
input.iitprf011003,input.THUIRgen2P,0.14348
input.tnog10,input.THUIRgen2P,0.43085
input.tnog10p,input.THUIRgen2P,0.73566
input.uta05a,input.THUIRgen2P,0.95513
input.uta05i,input.THUIRgen2P,0.86595
input.uwmtEg05,input.THUIRgen2P,1.00000
input.uwmtEg05fb,input.THUIRgen2P,0.46449
input.wim1,input.THUIRgen2P,0.02820
input.wim2,input.THUIRgen2P,0.00163
input.york05ga1,input.THUIRgen2P,0.21576
input.york05ga2,input.THUIRgen2P,0.77845
input.york05ga3,input.THUIRgen2P,0.46449
input.york05ga4,input.THUIRgen2P,0.57366
input.york05ga5,input.THUIRgen2P,0.69368
input.york05gm1,input.THUIRgen2P,0.26044
input.UAmscombGeMl,input.UAmscombGeFb,0.09141
input.UBIgeneA,input.UAmscombGeFb,0.14348
input.UICgen1,input.UAmscombGeFb,0.00286
input.UIUCgAuto,input.UAmscombGeFb,0.91040
input.UIUCgInt,input.UAmscombGeFb,0.86595
input.UIowa05GN101,input.UAmscombGeFb,0.00032
input.UIowa05GN102,input.UAmscombGeFb,0.00049
input.UMD01,input.UAmscombGeFb,0.00965
input.UMD02,input.UAmscombGeFb,0.00000
input.UniGe2,input.UAmscombGeFb,0.43085
input.UniGeNe,input.UAmscombGeFb,0.02820
input.UniNeHug2,input.UAmscombGeFb,0.61257
input.UniNeHug2c,input.UAmscombGeFb,0.43085
input.YAMAHASHI1,input.UAmscombGeFb,0.00001
input.YAMAHASHI2,input.UAmscombGeFb,0.00003
input.asubaral,input.UAmscombGeFb,0.00006
input.dcu1,input.UAmscombGeFb,0.33880
input.dcu2,input.UAmscombGeFb,0.57366
input.dpsearch1,input.UAmscombGeFb,0.00001
input.dpsearch2,input.UAmscombGeFb,0.00002
input.genome1,input.UAmscombGeFb,0.01134
input.genome2,input.UAmscombGeFb,0.00110
input.i2r1,input.UAmscombGeFb,0.46449
input.i2r2,input.UAmscombGeFb,0.43085
input.iasl1,input.UAmscombGeFb,0.61257
input.iasl2,input.UAmscombGeFb,0.33880
input.ibmadz05bs,input.UAmscombGeFb,0.14348
input.ibmadz05us,input.UAmscombGeFb,0.11514
input.iitprf011003,input.UAmscombGeFb,0.12871
input.tnog10,input.UAmscombGeFb,0.39866
input.tnog10p,input.UAmscombGeFb,0.69368
input.uta05a,input.UAmscombGeFb,1.00000
input.uta05i,input.UAmscombGeFb,0.82193
input.uwmtEg05,input.UAmscombGeFb,0.95513
input.uwmtEg05fb,input.UAmscombGeFb,0.43085
input.wim1,input.UAmscombGeFb,0.02440
input.wim2,input.UAmscombGeFb,0.00134
input.york05ga1,input.UAmscombGeFb,0.23736
input.york05ga2,input.UAmscombGeFb,0.73566
input.york05ga3,input.UAmscombGeFb,0.49954
input.york05ga4,input.UAmscombGeFb,0.53595
input.york05ga5,input.UAmscombGeFb,0.65261
input.york05gm1,input.UAmscombGeFb,0.28503
input.UBIgeneA,input.UAmscombGeMl,0.82193
input.UICgen1,input.UAmscombGeMl,0.19561
input.UIUCgAuto,input.UAmscombGeMl,0.11514
input.UIUCgInt,input.UAmscombGeMl,0.06334
input.UIowa05GN101,input.UAmscombGeMl,0.05574
input.UIowa05GN102,input.UAmscombGeMl,0.07177
input.UMD01,input.UAmscombGeMl,0.36797
input.UMD02,input.UAmscombGeMl,0.00000
input.UniGe2,input.UAmscombGeMl,0.36797
input.UniGeNe,input.UAmscombGeMl,0.61257
input.UniNeHug2,input.UAmscombGeMl,0.23736
input.UniNeHug2c,input.UAmscombGeMl,0.36797
input.YAMAHASHI1,input.UAmscombGeMl,0.00490
input.YAMAHASHI2,input.UAmscombGeMl,0.01330
input.asubaral,input.UAmscombGeMl,0.02106
input.dcu1,input.UAmscombGeMl,0.46449
input.dcu2,input.UAmscombGeMl,0.26044
input.dpsearch1,input.UAmscombGeMl,0.00583
input.dpsearch2,input.UAmscombGeMl,0.01134
input.genome1,input.UAmscombGeMl,0.39866
input.genome2,input.UAmscombGeMl,0.11514
input.i2r1,input.UAmscombGeMl,0.33880
input.i2r2,input.UAmscombGeMl,0.36797
input.iasl1,input.UAmscombGeMl,0.23736
input.iasl2,input.UAmscombGeMl,0.46449
input.ibmadz05bs,input.UAmscombGeMl,0.00163
input.ibmadz05us,input.UAmscombGeMl,0.00110
input.iitprf011003,input.UAmscombGeMl,0.86595
input.tnog10,input.UAmscombGeMl,0.39866
input.tnog10p,input.UAmscombGeMl,0.19561
input.uta05a,input.UAmscombGeMl,0.09141
input.uta05i,input.UAmscombGeMl,0.14348
input.uwmtEg05,input.UAmscombGeMl,0.10273
input.uwmtEg05fb,input.UAmscombGeMl,0.36797
input.wim1,input.UAmscombGeMl,0.57366
input.wim2,input.UAmscombGeMl,0.12871
input.york05ga1,input.UAmscombGeMl,0.00411
input.york05ga2,input.UAmscombGeMl,0.17688
input.york05ga3,input.UAmscombGeMl,0.01812
input.york05ga4,input.UAmscombGeMl,0.28503
input.york05ga5,input.UAmscombGeMl,0.21576
input.york05gm1,input.UAmscombGeMl,0.00583
input.UICgen1,input.UBIgeneA,0.12871
input.UIUCgAuto,input.UBIgeneA,0.17688
input.UIUCgInt,input.UBIgeneA,0.10273
input.UIowa05GN101,input.UBIgeneA,0.03250
input.UIowa05GN102,input.UBIgeneA,0.04280
input.UMD01,input.UBIgeneA,0.26044
input.UMD02,input.UBIgeneA,0.00000
input.UniGe2,input.UBIgeneA,0.49954
input.UniGeNe,input.UBIgeneA,0.46449
input.UniNeHug2,input.UBIgeneA,0.33880
input.UniNeHug2c,input.UBIgeneA,0.49954
input.YAMAHASHI1,input.UBIgeneA,0.00238
input.YAMAHASHI2,input.UBIgeneA,0.00692
input.asubaral,input.UBIgeneA,0.01134
input.dcu1,input.UBIgeneA,0.61257
input.dcu2,input.UBIgeneA,0.36797
input.dpsearch1,input.UBIgeneA,0.00286
input.dpsearch2,input.UBIgeneA,0.00583
input.genome1,input.UBIgeneA,0.28503
input.genome2,input.UBIgeneA,0.07177
input.i2r1,input.UBIgeneA,0.46449
input.i2r2,input.UBIgeneA,0.49954
input.iasl1,input.UBIgeneA,0.33880
input.iasl2,input.UBIgeneA,0.61257
input.ibmadz05bs,input.UBIgeneA,0.00343
input.ibmadz05us,input.UBIgeneA,0.00238
input.iitprf011003,input.UBIgeneA,0.95513
input.tnog10,input.UBIgeneA,0.53595
input.tnog10p,input.UBIgeneA,0.28503
input.uta05a,input.UBIgeneA,0.14348
input.uta05i,input.UBIgeneA,0.21576
input.uwmtEg05,input.UBIgeneA,0.15952
input.uwmtEg05fb,input.UBIgeneA,0.49954
input.wim1,input.UBIgeneA,0.43085
input.wim2,input.UBIgeneA,0.08111
input.york05ga1,input.UBIgeneA,0.00818
input.york05ga2,input.UBIgeneA,0.26044
input.york05ga3,input.UBIgeneA,0.03250
input.york05ga4,input.UBIgeneA,0.39866
input.york05ga5,input.UBIgeneA,0.31115
input.york05gm1,input.UBIgeneA,0.01134
input.UIUCgAuto,input.UICgen1,0.00411
input.UIUCgInt,input.UICgen1,0.00163
input.UIowa05GN101,input.UICgen1,0.53595
input.UIowa05GN102,input.UICgen1,0.61257
input.UMD01,input.UICgen1,0.69368
input.UMD02,input.UICgen1,0.00025
input.UniGe2,input.UICgen1,0.02820
input.UniGeNe,input.UICgen1,0.43085
input.UniNeHug2,input.UICgen1,0.01330
input.UniNeHug2c,input.UICgen1,0.02820
input.YAMAHASHI1,input.UICgen1,0.12871
input.YAMAHASHI2,input.UICgen1,0.23736
input.asubaral,input.UICgen1,0.31115
input.dcu1,input.UICgen1,0.04280
input.dcu2,input.UICgen1,0.01554
input.dpsearch1,input.UICgen1,0.14348
input.dpsearch2,input.UICgen1,0.21576
input.genome1,input.UICgen1,0.65261
input.genome2,input.UICgen1,0.77845
input.i2r1,input.UICgen1,0.02440
input.i2r2,input.UICgen1,0.02820
input.iasl1,input.UICgen1,0.01330
input.iasl2,input.UICgen1,0.04280
input.ibmadz05bs,input.UICgen1,0.00001
input.ibmadz05us,input.UICgen1,0.00001
input.iitprf011003,input.UICgen1,0.14348
input.tnog10,input.UICgen1,0.03250
input.tnog10p,input.UICgen1,0.00965
input.uta05a,input.UICgen1,0.00286
input.uta05i,input.UICgen1,0.00583
input.uwmtEg05,input.UICgen1,0.00343
input.uwmtEg05fb,input.UICgen1,0.02820
input.wim1,input.UICgen1,0.46449
input.wim2,input.UICgen1,0.82193
input.york05ga1,input.UICgen1,0.00003
input.york05ga2,input.UICgen1,0.00818
input.york05ga3,input.UICgen1,0.00025
input.york05ga4,input.UICgen1,0.01812
input.york05ga5,input.UICgen1,0.01134
input.york05gm1,input.UICgen1,0.00005
input.UIUCgInt,input.UIUCgAuto,0.77845
input.UIowa05GN101,input.UIUCgAuto,0.00049
input.UIowa05GN102,input.UIUCgAuto,0.00074
input.UMD01,input.UIUCgAuto,0.01330
input.UMD02,input.UIUCgAuto,0.00000
input.UniGe2,input.UIUCgAuto,0.49954
input.UniGeNe,input.UIUCgAuto,0.03735
input.UniNeHug2,input.UIUCgAuto,0.69368
input.UniNeHug2c,input.UIUCgAuto,0.49954
input.YAMAHASHI1,input.UIUCgAuto,0.00001
input.YAMAHASHI2,input.UIUCgAuto,0.00005
input.asubaral,input.UIUCgAuto,0.00010
input.dcu1,input.UIUCgAuto,0.39866
input.dcu2,input.UIUCgAuto,0.65261
input.dpsearch1,input.UIUCgAuto,0.00001
input.dpsearch2,input.UIUCgAuto,0.00004
input.genome1,input.UIUCgAuto,0.01554
input.genome2,input.UIUCgAuto,0.00163
input.i2r1,input.UIUCgAuto,0.53595
input.i2r2,input.UIUCgAuto,0.49954
input.iasl1,input.UIUCgAuto,0.69368
input.iasl2,input.UIUCgAuto,0.39866
input.ibmadz05bs,input.UIUCgAuto,0.11514
input.ibmadz05us,input.UIUCgAuto,0.09141
input.iitprf011003,input.UIUCgAuto,0.15952
input.tnog10,input.UIUCgAuto,0.46449
input.tnog10p,input.UIUCgAuto,0.77845
input.uta05a,input.UIUCgAuto,0.91040
input.uta05i,input.UIUCgAuto,0.91040
input.uwmtEg05,input.UIUCgAuto,0.95513
input.uwmtEg05fb,input.UIUCgAuto,0.49954
input.wim1,input.UIUCgAuto,0.03250
input.wim2,input.UIUCgAuto,0.00197
input.york05ga1,input.UIUCgAuto,0.19561
input.york05ga2,input.UIUCgAuto,0.82193
input.york05ga3,input.UIUCgAuto,0.43085
input.york05ga4,input.UIUCgAuto,0.61257
input.york05ga5,input.UIUCgAuto,0.73566
input.york05gm1,input.UIUCgAuto,0.23736
input.UIowa05GN101,input.UIUCgInt,0.00016
input.UIowa05GN102,input.UIUCgInt,0.00025
input.UMD01,input.UIUCgInt,0.00583
input.UMD02,input.UIUCgInt,0.00000
input.UniGe2,input.UIUCgInt,0.33880
input.UniGeNe,input.UIUCgInt,0.01812
input.UniNeHug2,input.UIUCgInt,0.49954
input.UniNeHug2c,input.UIUCgInt,0.33880
input.YAMAHASHI1,input.UIUCgInt,0.00000
input.YAMAHASHI2,input.UIUCgInt,0.00001
input.asubaral,input.UIUCgInt,0.00003
input.dcu1,input.UIUCgInt,0.26044
input.dcu2,input.UIUCgInt,0.46449
input.dpsearch1,input.UIUCgInt,0.00000
input.dpsearch2,input.UIUCgInt,0.00001
input.genome1,input.UIUCgInt,0.00692
input.genome2,input.UIUCgInt,0.00060
input.i2r1,input.UIUCgInt,0.36797
input.i2r2,input.UIUCgInt,0.33880
input.iasl1,input.UIUCgInt,0.49954
input.iasl2,input.UIUCgInt,0.26044
input.ibmadz05bs,input.UIUCgInt,0.19561
input.ibmadz05us,input.UIUCgInt,0.15952
input.iitprf011003,input.UIUCgInt,0.09141
input.tnog10,input.UIUCgInt,0.31115
input.tnog10p,input.UIUCgInt,0.57366
input.uta05a,input.UIUCgInt,0.86595
input.uta05i,input.UIUCgInt,0.69368
input.uwmtEg05,input.UIUCgInt,0.82193
input.uwmtEg05fb,input.UIUCgInt,0.33880
input.wim1,input.UIUCgInt,0.01554
input.wim2,input.UIUCgInt,0.00074
input.york05ga1,input.UIUCgInt,0.31115
input.york05ga2,input.UIUCgInt,0.61257
input.york05ga3,input.UIUCgInt,0.61257
input.york05ga4,input.UIUCgInt,0.43085
input.york05ga5,input.UIUCgInt,0.53595
input.york05gm1,input.UIUCgInt,0.36797
input.UIowa05GN102,input.UIowa05GN101,0.91040
input.UMD01,input.UIowa05GN101,0.31115
input.UMD02,input.UIowa05GN101,0.00238
input.UniGe2,input.UIowa05GN101,0.00490
input.UniGeNe,input.UIowa05GN101,0.15952
input.UniNeHug2,input.UIowa05GN101,0.00197
input.UniNeHug2c,input.UIowa05GN101,0.00490
input.YAMAHASHI1,input.UIowa05GN101,0.36797
input.YAMAHASHI2,input.UIowa05GN101,0.57366
input.asubaral,input.UIowa05GN101,0.69368
input.dcu1,input.UIowa05GN101,0.00818
input.dcu2,input.UIowa05GN101,0.00238
input.dpsearch1,input.UIowa05GN101,0.39866
input.dpsearch2,input.UIowa05GN101,0.53595
input.genome1,input.UIowa05GN101,0.28503
input.genome2,input.UIowa05GN101,0.73566
input.i2r1,input.UIowa05GN101,0.00411
input.i2r2,input.UIowa05GN101,0.00490
input.iasl1,input.UIowa05GN101,0.00197
input.iasl2,input.UIowa05GN101,0.00818
input.ibmadz05bs,input.UIowa05GN101,0.00000
input.ibmadz05us,input.UIowa05GN101,0.00000
input.iitprf011003,input.UIowa05GN101,0.03735
input.tnog10,input.UIowa05GN101,0.00583
input.tnog10p,input.UIowa05GN101,0.00134
input.uta05a,input.UIowa05GN101,0.00032
input.uta05i,input.UIowa05GN101,0.00074
input.uwmtEg05,input.UIowa05GN101,0.00039
input.uwmtEg05fb,input.UIowa05GN101,0.00490
input.wim1,input.UIowa05GN101,0.17688
input.wim2,input.UIowa05GN101,0.69368
input.york05ga1,input.UIowa05GN101,0.00000
input.york05ga2,input.UIowa05GN101,0.00110
input.york05ga3,input.UIowa05GN101,0.00002
input.york05ga4,input.UIowa05GN101,0.00286
input.york05ga5,input.UIowa05GN101,0.00163
input.york05gm1,input.UIowa05GN101,0.00000
input.UMD01,input.UIowa05GN102,0.36797
input.UMD02,input.UIowa05GN102,0.00163
input.UniGe2,input.UIowa05GN102,0.00692
input.UniGeNe,input.UIowa05GN102,0.19561
input.UniNeHug2,input.UIowa05GN102,0.00286
input.UniNeHug2c,input.UIowa05GN102,0.00692
input.YAMAHASHI1,input.UIowa05GN102,0.31115
input.YAMAHASHI2,input.UIowa05GN102,0.49954
input.asubaral,input.UIowa05GN102,0.61257
input.dcu1,input.UIowa05GN102,0.01134
input.dcu2,input.UIowa05GN102,0.00343
input.dpsearch1,input.UIowa05GN102,0.33880
input.dpsearch2,input.UIowa05GN102,0.46449
input.genome1,input.UIowa05GN102,0.33880
input.genome2,input.UIowa05GN102,0.82193
input.i2r1,input.UIowa05GN102,0.00583
input.i2r2,input.UIowa05GN102,0.00692
input.iasl1,input.UIowa05GN102,0.00286
input.iasl2,input.UIowa05GN102,0.01134
input.ibmadz05bs,input.UIowa05GN102,0.00000
input.ibmadz05us,input.UIowa05GN102,0.00000
input.iitprf011003,input.UIowa05GN102,0.04891
input.tnog10,input.UIowa05GN102,0.00818
input.tnog10p,input.UIowa05GN102,0.00197
input.uta05a,input.UIowa05GN102,0.00049
input.uta05i,input.UIowa05GN102,0.00110
input.uwmtEg05,input.UIowa05GN102,0.00060
input.uwmtEg05fb,input.UIowa05GN102,0.00692
input.wim1,input.UIowa05GN102,0.21576
input.wim2,input.UIowa05GN102,0.77845
input.york05ga1,input.UIowa05GN102,0.00000
input.york05ga2,input.UIowa05GN102,0.00163
input.york05ga3,input.UIowa05GN102,0.00003
input.york05ga4,input.UIowa05GN102,0.00411
input.york05ga5,input.UIowa05GN102,0.00238
input.york05gm1,input.UIowa05GN102,0.00001
input.UMD02,input.UMD01,0.00005
input.UniGe2,input.UMD01,0.07177
input.UniGeNe,input.UMD01,0.69368
input.UniNeHug2,input.UMD01,0.03735
input.UniNeHug2c,input.UMD01,0.07177
input.YAMAHASHI1,input.UMD01,0.05574
input.YAMAHASHI2,input.UMD01,0.11514
input.asubaral,input.UMD01,0.15952
input.dcu1,input.UMD01,0.10273
input.dcu2,input.UMD01,0.04280
input.dpsearch1,input.UMD01,0.06334
input.dpsearch2,input.UMD01,0.10273
input.genome1,input.UMD01,0.95513
input.genome2,input.UMD01,0.49954
input.i2r1,input.UMD01,0.06334
input.i2r2,input.UMD01,0.07177
input.iasl1,input.UMD01,0.03735
input.iasl2,input.UMD01,0.10273
input.ibmadz05bs,input.UMD01,0.00005
input.ibmadz05us,input.UMD01,0.00003
input.iitprf011003,input.UMD01,0.28503
input.tnog10,input.UMD01,0.08111
input.tnog10p,input.UMD01,0.02820
input.uta05a,input.UMD01,0.00965
input.uta05i,input.UMD01,0.01812
input.uwmtEg05,input.UMD01,0.01134
input.uwmtEg05fb,input.UMD01,0.07177
input.wim1,input.UMD01,0.73566
input.wim2,input.UMD01,0.53595
input.york05ga1,input.UMD01,0.00016
input.york05ga2,input.UMD01,0.02440
input.york05ga3,input.UMD01,0.00110
input.york05ga4,input.UMD01,0.04891
input.york05ga5,input.UMD01,0.03250
input.york05gm1,input.UMD01,0.00025
input.UniGe2,input.UMD02,0.00000
input.UniGeNe,input.UMD02,0.00001
input.UniNeHug2,input.UMD02,0.00000
input.UniNeHug2c,input.UMD02,0.00000
input.YAMAHASHI1,input.UMD02,0.03250
input.YAMAHASHI2,input.UMD02,0.01330
input.asubaral,input.UMD02,0.00818
input.dcu1,input.UMD02,0.00000
input.dcu2,input.UMD02,0.00000
input.dpsearch1,input.UMD02,0.02820
input.dpsearch2,input.UMD02,0.01554
input.genome1,input.UMD02,0.00004
input.genome2,input.UMD02,0.00074
input.i2r1,input.UMD02,0.00000
input.i2r2,input.UMD02,0.00000
input.iasl1,input.UMD02,0.00000
input.iasl2,input.UMD02,0.00000
input.ibmadz05bs,input.UMD02,0.00000
input.ibmadz05us,input.UMD02,0.00000
input.iitprf011003,input.UMD02,0.00000
input.tnog10,input.UMD02,0.00000
input.tnog10p,input.UMD02,0.00000
input.uta05a,input.UMD02,0.00000
input.uta05i,input.UMD02,0.00000
input.uwmtEg05,input.UMD02,0.00000
input.uwmtEg05fb,input.UMD02,0.00000
input.wim1,input.UMD02,0.00001
input.wim2,input.UMD02,0.00060
input.york05ga1,input.UMD02,0.00000
input.york05ga2,input.UMD02,0.00000
input.york05ga3,input.UMD02,0.00000
input.york05ga4,input.UMD02,0.00000
input.york05ga5,input.UMD02,0.00000
input.york05gm1,input.UMD02,0.00000
input.UniGeNe,input.UniGe2,0.15952
input.UniNeHug2,input.UniGe2,0.77845
input.UniNeHug2c,input.UniGe2,1.00000
input.YAMAHASHI1,input.UniGe2,0.00020
input.YAMAHASHI2,input.UniGe2,0.00074
input.asubaral,input.UniGe2,0.00134
input.dcu1,input.UniGe2,0.86595
input.dcu2,input.UniGe2,0.82193
input.dpsearch1,input.UniGe2,0.00025
input.dpsearch2,input.UniGe2,0.00060
input.genome1,input.UniGe2,0.08111
input.genome2,input.UniGe2,0.01330
input.i2r1,input.UniGe2,0.95513
input.i2r2,input.UniGe2,1.00000
input.iasl1,input.UniGe2,0.77845
input.iasl2,input.UniGe2,0.86595
input.ibmadz05bs,input.UniGe2,0.02440
input.ibmadz05us,input.UniGe2,0.01812
input.iitprf011003,input.UniGe2,0.46449
input.tnog10,input.UniGe2,0.95513
input.tnog10p,input.UniGe2,0.69368
input.uta05a,input.UniGe2,0.43085
input.uta05i,input.UniGe2,0.57366
input.uwmtEg05,input.UniGe2,0.46449
input.uwmtEg05fb,input.UniGe2,1.00000
input.wim1,input.UniGe2,0.14348
input.wim2,input.UniGe2,0.01554
input.york05ga1,input.UniGe2,0.04891
input.york05ga2,input.UniGe2,0.65261
input.york05ga3,input.UniGe2,0.14348
input.york05ga4,input.UniGe2,0.86595
input.york05ga5,input.UniGe2,0.73566
input.york05gm1,input.UniGe2,0.06334
input.UniNeHug2,input.UniGeNe,0.09141
input.UniNeHug2c,input.UniGeNe,0.15952
input.YAMAHASHI1,input.UniGeNe,0.02106
input.YAMAHASHI2,input.UniGeNe,0.04891
input.asubaral,input.UniGeNe,0.07177
input.dcu1,input.UniGeNe,0.21576
input.dcu2,input.UniGeNe,0.10273
input.dpsearch1,input.UniGeNe,0.02440
input.dpsearch2,input.UniGeNe,0.04280
input.genome1,input.UniGeNe,0.73566
input.genome2,input.UniGeNe,0.28503
input.i2r1,input.UniGeNe,0.14348
input.i2r2,input.UniGeNe,0.15952
input.iasl1,input.UniGeNe,0.09141
input.iasl2,input.UniGeNe,0.21576
input.ibmadz05bs,input.UniGeNe,0.00025
input.ibmadz05us,input.UniGeNe,0.00016
input.iitprf011003,input.UniGeNe,0.49954
input.tnog10,input.UniGeNe,0.17688
input.tnog10p,input.UniGeNe,0.07177
input.uta05a,input.UniGeNe,0.02820
input.uta05i,input.UniGeNe,0.04891
input.uwmtEg05,input.UniGeNe,0.03250
input.uwmtEg05fb,input.UniGeNe,0.15952
input.wim1,input.UniGeNe,0.95513
input.wim2,input.UniGeNe,0.31115
input.york05ga1,input.UniGeNe,0.00074
input.york05ga2,input.UniGeNe,0.06334
input.york05ga3,input.UniGeNe,0.00411
input.york05ga4,input.UniGeNe,0.11514
input.york05ga5,input.UniGeNe,0.08111
input.york05gm1,input.UniGeNe,0.00110
input.UniNeHug2c,input.UniNeHug2,0.77845
input.YAMAHASHI1,input.UniNeHug2,0.00006
input.YAMAHASHI2,input.UniNeHug2,0.00025
input.asubaral,input.UniNeHug2,0.00049
input.dcu1,input.UniNeHug2,0.65261
input.dcu2,input.UniNeHug2,0.95513
input.dpsearch1,input.UniNeHug2,0.00008
input.dpsearch2,input.UniNeHug2,0.00020
input.genome1,input.UniNeHug2,0.04280
input.genome2,input.UniNeHug2,0.00583
input.i2r1,input.UniNeHug2,0.82193
input.i2r2,input.UniNeHug2,0.77845
input.iasl1,input.UniNeHug2,1.00000
input.iasl2,input.UniNeHug2,0.65261
input.ibmadz05bs,input.UniNeHug2,0.04891
input.ibmadz05us,input.UniNeHug2,0.03735
input.iitprf011003,input.UniNeHug2,0.31115
input.tnog10,input.UniNeHug2,0.73566
input.tnog10p,input.UniNeHug2,0.91040
input.uta05a,input.UniNeHug2,0.61257
input.uta05i,input.UniNeHug2,0.77845
input.uwmtEg05,input.UniNeHug2,0.65261
input.uwmtEg05fb,input.UniNeHug2,0.77845
input.wim1,input.UniNeHug2,0.08111
input.wim2,input.UniNeHug2,0.00692
input.york05ga1,input.UniNeHug2,0.09141
input.york05ga2,input.UniNeHug2,0.86595
input.york05ga3,input.UniNeHug2,0.23736
input.york05ga4,input.UniNeHug2,0.91040
input.york05ga5,input.UniNeHug2,0.95513
input.york05gm1,input.UniNeHug2,0.11514
input.YAMAHASHI1,input.UniNeHug2c,0.00020
input.YAMAHASHI2,input.UniNeHug2c,0.00074
input.asubaral,input.UniNeHug2c,0.00134
input.dcu1,input.UniNeHug2c,0.86595
input.dcu2,input.UniNeHug2c,0.82193
input.dpsearch1,input.UniNeHug2c,0.00025
input.dpsearch2,input.UniNeHug2c,0.00060
input.genome1,input.UniNeHug2c,0.08111
input.genome2,input.UniNeHug2c,0.01330
input.i2r1,input.UniNeHug2c,0.95513
input.i2r2,input.UniNeHug2c,1.00000
input.iasl1,input.UniNeHug2c,0.77845
input.iasl2,input.UniNeHug2c,0.86595
input.ibmadz05bs,input.UniNeHug2c,0.02440
input.ibmadz05us,input.UniNeHug2c,0.01812
input.iitprf011003,input.UniNeHug2c,0.46449
input.tnog10,input.UniNeHug2c,0.95513
input.tnog10p,input.UniNeHug2c,0.69368
input.uta05a,input.UniNeHug2c,0.43085
input.uta05i,input.UniNeHug2c,0.57366
input.uwmtEg05,input.UniNeHug2c,0.46449
input.uwmtEg05fb,input.UniNeHug2c,1.00000
input.wim1,input.UniNeHug2c,0.14348
input.wim2,input.UniNeHug2c,0.01554
input.york05ga1,input.UniNeHug2c,0.04891
input.york05ga2,input.UniNeHug2c,0.65261
input.york05ga3,input.UniNeHug2c,0.14348
input.york05ga4,input.UniNeHug2c,0.86595
input.york05ga5,input.UniNeHug2c,0.73566
input.york05gm1,input.UniNeHug2c,0.06334
input.YAMAHASHI2,input.YAMAHASHI1,0.73566
input.asubaral,input.YAMAHASHI1,0.61257
input.dcu1,input.YAMAHASHI1,0.00039
input.dcu2,input.YAMAHASHI1,0.00008
input.dpsearch1,input.YAMAHASHI1,0.95513
input.dpsearch2,input.YAMAHASHI1,0.77845
input.genome1,input.YAMAHASHI1,0.04891
input.genome2,input.YAMAHASHI1,0.21576
input.i2r1,input.YAMAHASHI1,0.00016
input.i2r2,input.YAMAHASHI1,0.00020
input.iasl1,input.YAMAHASHI1,0.00006
input.iasl2,input.YAMAHASHI1,0.00039
input.ibmadz05bs,input.YAMAHASHI1,0.00000
input.ibmadz05us,input.YAMAHASHI1,0.00000
input.iitprf011003,input.YAMAHASHI1,0.00286
input.tnog10,input.YAMAHASHI1,0.00025
input.tnog10p,input.YAMAHASHI1,0.00004
input.uta05a,input.YAMAHASHI1,0.00001
input.uta05i,input.YAMAHASHI1,0.00002
input.uwmtEg05,input.YAMAHASHI1,0.00001
input.uwmtEg05fb,input.YAMAHASHI1,0.00020
input.wim1,input.YAMAHASHI1,0.02440
input.wim2,input.YAMAHASHI1,0.19561
input.york05ga1,input.YAMAHASHI1,0.00000
input.york05ga2,input.YAMAHASHI1,0.00003
input.york05ga3,input.YAMAHASHI1,0.00000
input.york05ga4,input.YAMAHASHI1,0.00010
input.york05ga5,input.YAMAHASHI1,0.00005
input.york05gm1,input.YAMAHASHI1,0.00000
input.asubaral,input.YAMAHASHI2,0.86595
input.dcu1,input.YAMAHASHI2,0.00134
input.dcu2,input.YAMAHASHI2,0.00032
input.dpsearch1,input.YAMAHASHI2,0.77845
input.dpsearch2,input.YAMAHASHI2,0.95513
input.genome1,input.YAMAHASHI2,0.10273
input.genome2,input.YAMAHASHI2,0.36797
input.i2r1,input.YAMAHASHI2,0.00060
input.i2r2,input.YAMAHASHI2,0.00074
input.iasl1,input.YAMAHASHI2,0.00025
input.iasl2,input.YAMAHASHI2,0.00134
input.ibmadz05bs,input.YAMAHASHI2,0.00000
input.ibmadz05us,input.YAMAHASHI2,0.00000
input.iitprf011003,input.YAMAHASHI2,0.00818
input.tnog10,input.YAMAHASHI2,0.00090
input.tnog10p,input.YAMAHASHI2,0.00016
input.uta05a,input.YAMAHASHI2,0.00003
input.uta05i,input.YAMAHASHI2,0.00008
input.uwmtEg05,input.YAMAHASHI2,0.00004
input.uwmtEg05fb,input.YAMAHASHI2,0.00074
input.wim1,input.YAMAHASHI2,0.05574
input.wim2,input.YAMAHASHI2,0.33880
input.york05ga1,input.YAMAHASHI2,0.00000
input.york05ga2,input.YAMAHASHI2,0.00013
input.york05ga3,input.YAMAHASHI2,0.00000
input.york05ga4,input.YAMAHASHI2,0.00039
input.york05ga5,input.YAMAHASHI2,0.00020
input.york05gm1,input.YAMAHASHI2,0.00000
input.dcu1,input.asubaral,0.00238
input.dcu2,input.asubaral,0.00060
input.dpsearch1,input.asubaral,0.65261
input.dpsearch2,input.asubaral,0.82193
input.genome1,input.asubaral,0.14348
input.genome2,input.asubaral,0.46449
input.i2r1,input.asubaral,0.00110
input.i2r2,input.asubaral,0.00134
input.iasl1,input.asubaral,0.00049
input.iasl2,input.asubaral,0.00238
input.ibmadz05bs,input.asubaral,0.00000
input.ibmadz05us,input.asubaral,0.00000
input.iitprf011003,input.asubaral,0.01330
input.tnog10,input.asubaral,0.00163
input.tnog10p,input.asubaral,0.00032
input.uta05a,input.asubaral,0.00006
input.uta05i,input.asubaral,0.00016
input.uwmtEg05,input.asubaral,0.00008
input.uwmtEg05fb,input.asubaral,0.00134
input.wim1,input.asubaral,0.08111
input.wim2,input.asubaral,0.43085
input.york05ga1,input.asubaral,0.00000
input.york05ga2,input.asubaral,0.00025
input.york05ga3,input.asubaral,0.00000
input.york05ga4,input.asubaral,0.00074
input.york05ga5,input.asubaral,0.00039
input.york05gm1,input.asubaral,0.00000
input.dcu2,input.dcu1,0.69368
input.dpsearch1,input.dcu1,0.00049
input.dpsearch2,input.dcu1,0.00110
input.genome1,input.dcu1,0.11514
input.genome2,input.dcu1,0.02106
input.i2r1,input.dcu1,0.82193
input.i2r2,input.dcu1,0.86595
input.iasl1,input.dcu1,0.65261
input.iasl2,input.dcu1,1.00000
input.ibmadz05bs,input.dcu1,0.01554
input.ibmadz05us,input.dcu1,0.01134
input.iitprf011003,input.dcu1,0.57366
input.tnog10,input.dcu1,0.91040
input.tnog10p,input.dcu1,0.57366
input.uta05a,input.dcu1,0.33880
input.uta05i,input.dcu1,0.46449
input.uwmtEg05,input.dcu1,0.36797
input.uwmtEg05fb,input.dcu1,0.86595
input.wim1,input.dcu1,0.19561
input.wim2,input.dcu1,0.02440
input.york05ga1,input.dcu1,0.03250
input.york05ga2,input.dcu1,0.53595
input.york05ga3,input.dcu1,0.10273
input.york05ga4,input.dcu1,0.73566
input.york05ga5,input.dcu1,0.61257
input.york05gm1,input.dcu1,0.04280
input.dpsearch1,input.dcu2,0.00010
input.dpsearch2,input.dcu2,0.00025
input.genome1,input.dcu2,0.04891
input.genome2,input.dcu2,0.00692
input.i2r1,input.dcu2,0.86595
input.i2r2,input.dcu2,0.82193
input.iasl1,input.dcu2,0.95513
input.iasl2,input.dcu2,0.69368
input.ibmadz05bs,input.dcu2,0.04280
input.ibmadz05us,input.dcu2,0.03250
input.iitprf011003,input.dcu2,0.33880
input.tnog10,input.dcu2,0.77845
input.tnog10p,input.dcu2,0.86595
input.uta05a,input.dcu2,0.57366
input.uta05i,input.dcu2,0.73566
input.uwmtEg05,input.dcu2,0.61257
input.uwmtEg05fb,input.dcu2,0.82193
input.wim1,input.dcu2,0.09141
input.wim2,input.dcu2,0.00818
input.york05ga1,input.dcu2,0.08111
input.york05ga2,input.dcu2,0.82193
input.york05ga3,input.dcu2,0.21576
input.york05ga4,input.dcu2,0.95513
input.york05ga5,input.dcu2,0.91040
input.york05gm1,input.dcu2,0.10273
input.dpsearch2,input.dpsearch1,0.82193
input.genome1,input.dpsearch1,0.05574
input.genome2,input.dpsearch1,0.23736
input.i2r1,input.dpsearch1,0.00020
input.i2r2,input.dpsearch1,0.00025
input.iasl1,input.dpsearch1,0.00008
input.iasl2,input.dpsearch1,0.00049
input.ibmadz05bs,input.dpsearch1,0.00000
input.ibmadz05us,input.dpsearch1,0.00000
input.iitprf011003,input.dpsearch1,0.00343
input.tnog10,input.dpsearch1,0.00032
input.tnog10p,input.dpsearch1,0.00005
input.uta05a,input.dpsearch1,0.00001
input.uta05i,input.dpsearch1,0.00002
input.uwmtEg05,input.dpsearch1,0.00001
input.uwmtEg05fb,input.dpsearch1,0.00025
input.wim1,input.dpsearch1,0.02820
input.wim2,input.dpsearch1,0.21576
input.york05ga1,input.dpsearch1,0.00000
input.york05ga2,input.dpsearch1,0.00004
input.york05ga3,input.dpsearch1,0.00000
input.york05ga4,input.dpsearch1,0.00013
input.york05ga5,input.dpsearch1,0.00006
input.york05gm1,input.dpsearch1,0.00000
input.genome1,input.dpsearch2,0.09141
input.genome2,input.dpsearch2,0.33880
input.i2r1,input.dpsearch2,0.00049
input.i2r2,input.dpsearch2,0.00060
input.iasl1,input.dpsearch2,0.00020
input.iasl2,input.dpsearch2,0.00110
input.ibmadz05bs,input.dpsearch2,0.00000
input.ibmadz05us,input.dpsearch2,0.00000
input.iitprf011003,input.dpsearch2,0.00692
input.tnog10,input.dpsearch2,0.00074
input.tnog10p,input.dpsearch2,0.00013
input.uta05a,input.dpsearch2,0.00002
input.uta05i,input.dpsearch2,0.00006
input.uwmtEg05,input.dpsearch2,0.00003
input.uwmtEg05fb,input.dpsearch2,0.00060
input.wim1,input.dpsearch2,0.04891
input.wim2,input.dpsearch2,0.31115
input.york05ga1,input.dpsearch2,0.00000
input.york05ga2,input.dpsearch2,0.00010
input.york05ga3,input.dpsearch2,0.00000
input.york05ga4,input.dpsearch2,0.00032
input.york05ga5,input.dpsearch2,0.00016
input.york05gm1,input.dpsearch2,0.00000
input.genome2,input.genome1,0.46449
input.i2r1,input.genome1,0.07177
input.i2r2,input.genome1,0.08111
input.iasl1,input.genome1,0.04280
input.iasl2,input.genome1,0.11514
input.ibmadz05bs,input.genome1,0.00006
input.ibmadz05us,input.genome1,0.00004
input.iitprf011003,input.genome1,0.31115
input.tnog10,input.genome1,0.09141
input.tnog10p,input.genome1,0.03250
input.uta05a,input.genome1,0.01134
input.uta05i,input.genome1,0.02106
input.uwmtEg05,input.genome1,0.01330
input.uwmtEg05fb,input.genome1,0.08111
input.wim1,input.genome1,0.77845
input.wim2,input.genome1,0.49954
input.york05ga1,input.genome1,0.00020
input.york05ga2,input.genome1,0.02820
input.york05ga3,input.genome1,0.00134
input.york05ga4,input.genome1,0.05574
input.york05ga5,input.genome1,0.03735
input.york05gm1,input.genome1,0.00032
input.i2r1,input.genome2,0.01134
input.i2r2,input.genome2,0.01330
input.iasl1,input.genome2,0.00583
input.iasl2,input.genome2,0.02106
input.ibmadz05bs,input.genome2,0.00000
input.ibmadz05us,input.genome2,0.00000
input.iitprf011003,input.genome2,0.08111
input.tnog10,input.genome2,0.01554
input.tnog10p,input.genome2,0.00411
input.uta05a,input.genome2,0.00110
input.uta05i,input.genome2,0.00238
input.uwmtEg05,input.genome2,0.00134
input.uwmtEg05fb,input.genome2,0.01330
input.wim1,input.genome2,0.31115
input.wim2,input.genome2,0.95513
input.york05ga1,input.genome2,0.00001
input.york05ga2,input.genome2,0.00343
input.york05ga3,input.genome2,0.00008
input.york05ga4,input.genome2,0.00818
input.york05ga5,input.genome2,0.00490
input.york05gm1,input.genome2,0.00001
input.i2r2,input.i2r1,0.95513
input.iasl1,input.i2r1,0.82193
input.iasl2,input.i2r1,0.82193
input.ibmadz05bs,input.i2r1,0.02820
input.ibmadz05us,input.i2r1,0.02106
input.iitprf011003,input.i2r1,0.43085
input.tnog10,input.i2r1,0.91040
input.tnog10p,input.i2r1,0.73566
input.uta05a,input.i2r1,0.46449
input.uta05i,input.i2r1,0.61257
input.uwmtEg05,input.i2r1,0.49954
input.uwmtEg05fb,input.i2r1,0.95513
input.wim1,input.i2r1,0.12871
input.wim2,input.i2r1,0.01330
input.york05ga1,input.i2r1,0.05574
input.york05ga2,input.i2r1,0.69368
input.york05ga3,input.i2r1,0.15952
input.york05ga4,input.i2r1,0.91040
input.york05ga5,input.i2r1,0.77845
input.york05gm1,input.i2r1,0.07177
input.iasl1,input.i2r2,0.77845
input.iasl2,input.i2r2,0.86595
input.ibmadz05bs,input.i2r2,0.02440
input.ibmadz05us,input.i2r2,0.01812
input.iitprf011003,input.i2r2,0.46449
input.tnog10,input.i2r2,0.95513
input.tnog10p,input.i2r2,0.69368
input.uta05a,input.i2r2,0.43085
input.uta05i,input.i2r2,0.57366
input.uwmtEg05,input.i2r2,0.46449
input.uwmtEg05fb,input.i2r2,1.00000
input.wim1,input.i2r2,0.14348
input.wim2,input.i2r2,0.01554
input.york05ga1,input.i2r2,0.04891
input.york05ga2,input.i2r2,0.65261
input.york05ga3,input.i2r2,0.14348
input.york05ga4,input.i2r2,0.86595
input.york05ga5,input.i2r2,0.73566
input.york05gm1,input.i2r2,0.06334
input.iasl2,input.iasl1,0.65261
input.ibmadz05bs,input.iasl1,0.04891
input.ibmadz05us,input.iasl1,0.03735
input.iitprf011003,input.iasl1,0.31115
input.tnog10,input.iasl1,0.73566
input.tnog10p,input.iasl1,0.91040
input.uta05a,input.iasl1,0.61257
input.uta05i,input.iasl1,0.77845
input.uwmtEg05,input.iasl1,0.65261
input.uwmtEg05fb,input.iasl1,0.77845
input.wim1,input.iasl1,0.08111
input.wim2,input.iasl1,0.00692
input.york05ga1,input.iasl1,0.09141
input.york05ga2,input.iasl1,0.86595
input.york05ga3,input.iasl1,0.23736
input.york05ga4,input.iasl1,0.91040
input.york05ga5,input.iasl1,0.95513
input.york05gm1,input.iasl1,0.11514
input.ibmadz05bs,input.iasl2,0.01554
input.ibmadz05us,input.iasl2,0.01134
input.iitprf011003,input.iasl2,0.57366
input.tnog10,input.iasl2,0.91040
input.tnog10p,input.iasl2,0.57366
input.uta05a,input.iasl2,0.33880
input.uta05i,input.iasl2,0.46449
input.uwmtEg05,input.iasl2,0.36797
input.uwmtEg05fb,input.iasl2,0.86595
input.wim1,input.iasl2,0.19561
input.wim2,input.iasl2,0.02440
input.york05ga1,input.iasl2,0.03250
input.york05ga2,input.iasl2,0.53595
input.york05ga3,input.iasl2,0.10273
input.york05ga4,input.iasl2,0.73566
input.york05ga5,input.iasl2,0.61257
input.york05gm1,input.iasl2,0.04280
input.ibmadz05us,input.ibmadz05bs,0.91040
input.iitprf011003,input.ibmadz05bs,0.00286
input.tnog10,input.ibmadz05bs,0.02106
input.tnog10p,input.ibmadz05bs,0.06334
input.uta05a,input.ibmadz05bs,0.14348
input.uta05i,input.ibmadz05bs,0.09141
input.uwmtEg05,input.ibmadz05bs,0.12871
input.uwmtEg05fb,input.ibmadz05bs,0.02440
input.wim1,input.ibmadz05bs,0.00020
input.wim2,input.ibmadz05bs,0.00000
input.york05ga1,input.ibmadz05bs,0.77845
input.york05ga2,input.ibmadz05bs,0.07177
input.york05ga3,input.ibmadz05bs,0.43085
input.york05ga4,input.ibmadz05bs,0.03735
input.york05ga5,input.ibmadz05bs,0.05574
input.york05gm1,input.ibmadz05bs,0.69368
input.iitprf011003,input.ibmadz05us,0.00197
input.tnog10,input.ibmadz05us,0.01554
input.tnog10p,input.ibmadz05us,0.04891
input.uta05a,input.ibmadz05us,0.11514
input.uta05i,input.ibmadz05us,0.07177
input.uwmtEg05,input.ibmadz05us,0.10273
input.uwmtEg05fb,input.ibmadz05us,0.01812
input.wim1,input.ibmadz05us,0.00013
input.wim2,input.ibmadz05us,0.00000
input.york05ga1,input.ibmadz05us,0.69368
input.york05ga2,input.ibmadz05us,0.05574
input.york05ga3,input.ibmadz05us,0.36797
input.york05ga4,input.ibmadz05us,0.02820
input.york05ga5,input.ibmadz05us,0.04280
input.york05gm1,input.ibmadz05us,0.61257
input.tnog10,input.iitprf011003,0.49954
input.tnog10p,input.iitprf011003,0.26044
input.uta05a,input.iitprf011003,0.12871
input.uta05i,input.iitprf011003,0.19561
input.uwmtEg05,input.iitprf011003,0.14348
input.uwmtEg05fb,input.iitprf011003,0.46449
input.wim1,input.iitprf011003,0.46449
input.wim2,input.iitprf011003,0.09141
input.york05ga1,input.iitprf011003,0.00692
input.york05ga2,input.iitprf011003,0.23736
input.york05ga3,input.iitprf011003,0.02820
input.york05ga4,input.iitprf011003,0.36797
input.york05ga5,input.iitprf011003,0.28503
input.york05gm1,input.iitprf011003,0.00965
input.tnog10p,input.tnog10,0.65261
input.uta05a,input.tnog10,0.39866
input.uta05i,input.tnog10,0.53595
input.uwmtEg05,input.tnog10,0.43085
input.uwmtEg05fb,input.tnog10,0.95513
input.wim1,input.tnog10,0.15952
input.wim2,input.tnog10,0.01812
input.york05ga1,input.tnog10,0.04280
input.york05ga2,input.tnog10,0.61257
input.york05ga3,input.tnog10,0.12871
input.york05ga4,input.tnog10,0.82193
input.york05ga5,input.tnog10,0.69368
input.york05gm1,input.tnog10,0.05574
input.uta05a,input.tnog10p,0.69368
input.uta05i,input.tnog10p,0.86595
input.uwmtEg05,input.tnog10p,0.73566
input.uwmtEg05fb,input.tnog10p,0.69368
input.wim1,input.tnog10p,0.06334
input.wim2,input.tnog10p,0.00490
input.york05ga1,input.tnog10p,0.11514
input.york05ga2,input.tnog10p,0.95513
input.york05ga3,input.tnog10p,0.28503
input.york05ga4,input.tnog10p,0.82193
input.york05ga5,input.tnog10p,0.95513
input.york05gm1,input.tnog10p,0.14348
input.uta05i,input.uta05a,0.82193
input.uwmtEg05,input.uta05a,0.95513
input.uwmtEg05fb,input.uta05a,0.43085
input.wim1,input.uta05a,0.02440
input.wim2,input.uta05a,0.00134
input.york05ga1,input.uta05a,0.23736
input.york05ga2,input.uta05a,0.73566
input.york05ga3,input.uta05a,0.49954
input.york05ga4,input.uta05a,0.53595
input.york05ga5,input.uta05a,0.65261
input.york05gm1,input.uta05a,0.28503
input.uwmtEg05,input.uta05i,0.86595
input.uwmtEg05fb,input.uta05i,0.57366
input.wim1,input.uta05i,0.04280
input.wim2,input.uta05i,0.00286
input.york05ga1,input.uta05i,0.15952
input.york05ga2,input.uta05i,0.91040
input.york05ga3,input.uta05i,0.36797
input.york05ga4,input.uta05i,0.69368
input.york05ga5,input.uta05i,0.82193
input.york05gm1,input.uta05i,0.19561
input.uwmtEg05fb,input.uwmtEg05,0.46449
input.wim1,input.uwmtEg05,0.02820
input.wim2,input.uwmtEg05,0.00163
input.york05ga1,input.uwmtEg05,0.21576
input.york05ga2,input.uwmtEg05,0.77845
input.york05ga3,input.uwmtEg05,0.46449
input.york05ga4,input.uwmtEg05,0.57366
input.york05ga5,input.uwmtEg05,0.69368
input.york05gm1,input.uwmtEg05,0.26044
input.wim1,input.uwmtEg05fb,0.14348
input.wim2,input.uwmtEg05fb,0.01554
input.york05ga1,input.uwmtEg05fb,0.04891
input.york05ga2,input.uwmtEg05fb,0.65261
input.york05ga3,input.uwmtEg05fb,0.14348
input.york05ga4,input.uwmtEg05fb,0.86595
input.york05ga5,input.uwmtEg05fb,0.73566
input.york05gm1,input.uwmtEg05fb,0.06334
input.wim2,input.wim1,0.33880
input.york05ga1,input.wim1,0.00060
input.york05ga2,input.wim1,0.05574
input.york05ga3,input.wim1,0.00343
input.york05ga4,input.wim1,0.10273
input.york05ga5,input.wim1,0.07177
input.york05gm1,input.wim1,0.00090
input.york05ga1,input.wim2,0.00001
input.york05ga2,input.wim2,0.00411
input.york05ga3,input.wim2,0.00010
input.york05ga4,input.wim2,0.00965
input.york05ga5,input.wim2,0.00583
input.york05gm1,input.wim2,0.00002
input.york05ga2,input.york05ga1,0.12871
input.york05ga3,input.york05ga1,0.61257
input.york05ga4,input.york05ga1,0.07177
input.york05ga5,input.york05ga1,0.10273
input.york05gm1,input.york05ga1,0.91040
input.york05ga3,input.york05ga2,0.31115
input.york05ga4,input.york05ga2,0.77845
input.york05ga5,input.york05ga2,0.91040
input.york05gm1,input.york05ga2,0.15952
input.york05ga4,input.york05ga3,0.19561
input.york05ga5,input.york05ga3,0.26044
input.york05gm1,input.york05ga3,0.69368
input.york05ga5,input.york05ga4,0.86595
input.york05gm1,input.york05ga4,0.09141
input.york05gm1,input.york05ga5,0.12871
