input.anu5aut2,input.anu5aut1,0.98286
input.anu5man4,input.anu5aut1,0.00000
input.anu5man6,input.anu5aut1,0.00018
input.brkly15,input.anu5aut1,0.30924
input.brkly16,input.anu5aut1,0.00074
input.brkly17,input.anu5aut1,0.00001
input.brkly18,input.anu5aut1,0.00036
input.city96a1,input.anu5aut1,0.00002
input.city96a2,input.anu5aut1,0.02587
input.CLCLUS,input.anu5aut1,0.00000
input.CLTHES,input.anu5aut1,0.00000
input.colm1,input.anu5aut1,0.00005
input.colm4,input.anu5aut1,0.00008
input.Cor5A1se,input.anu5aut1,0.00137
input.Cor5A2cr,input.anu5aut1,0.00086
input.Cor5M1le,input.anu5aut1,0.00000
input.Cor5M2rf,input.anu5aut1,0.00000
input.DCU961,input.anu5aut1,0.03401
input.DCU962,input.anu5aut1,0.91406
input.DCU963,input.anu5aut1,0.07256
input.DCU964,input.anu5aut1,0.91406
input.erliA1,input.anu5aut1,0.00492
input.ETHal1,input.anu5aut1,0.00001
input.ETHas1,input.anu5aut1,0.02735
input.ETHme1,input.anu5aut1,0.00000
input.fsclt3,input.anu5aut1,0.15963
input.fsclt4,input.anu5aut1,0.10937
input.genrl1,input.anu5aut1,0.06920
input.genrl2,input.anu5aut1,0.00137
input.genrl3,input.anu5aut1,0.00000
input.genrl4,input.anu5aut1,0.00000
input.gmu96au1,input.anu5aut1,0.91390
input.gmu96au2,input.anu5aut1,0.93101
input.gmu96ma1,input.anu5aut1,0.00000
input.gmu96ma2,input.anu5aut1,0.00000
input.ibmgd1,input.anu5aut1,0.00080
input.ibmgd2,input.anu5aut1,0.00000
input.ibmge1,input.anu5aut1,0.71304
input.ibmge2,input.anu5aut1,0.00350
input.ibms96a,input.anu5aut1,0.02890
input.ibms96b,input.anu5aut1,0.09155
input.INQ301,input.anu5aut1,0.00526
input.INQ302,input.anu5aut1,0.00000
input.KUSG2,input.anu5aut1,0.68112
input.KUSG3,input.anu5aut1,0.69694
input.LNaDesc1,input.anu5aut1,0.00000
input.LNaDesc2,input.anu5aut1,0.00000
input.LNmFull1,input.anu5aut1,0.00000
input.LNmFull2,input.anu5aut1,0.00000
input.mds001,input.anu5aut1,0.00492
input.mds002,input.anu5aut1,0.66516
input.mds003,input.anu5aut1,0.05984
input.pircsAAL,input.anu5aut1,0.00002
input.pircsAAS,input.anu5aut1,0.07256
input.pircsAM1,input.anu5aut1,0.04201
input.pircsAM2,input.anu5aut1,0.00009
input.uwgcx0,input.anu5aut1,0.00000
input.uwgcx1,input.anu5aut1,0.00000
input.vtwnA1,input.anu5aut1,0.05154
input.vtwnB1,input.anu5aut1,0.02312
input.anu5man4,input.anu5aut2,0.00000
input.anu5man6,input.anu5aut2,0.00017
input.brkly15,input.anu5aut2,0.29913
input.brkly16,input.anu5aut2,0.00068
input.brkly17,input.anu5aut2,0.00000
input.brkly18,input.anu5aut2,0.00033
input.city96a1,input.anu5aut2,0.00002
input.city96a2,input.anu5aut2,0.02447
input.CLCLUS,input.anu5aut2,0.00000
input.CLTHES,input.anu5aut2,0.00000
input.colm1,input.anu5aut2,0.00004
input.colm4,input.anu5aut2,0.00007
input.Cor5A1se,input.anu5aut2,0.00127
input.Cor5A2cr,input.anu5aut2,0.00080
input.Cor5M1le,input.anu5aut2,0.00000
input.Cor5M2rf,input.anu5aut2,0.00000
input.DCU961,input.anu5aut2,0.03223
input.DCU962,input.anu5aut2,0.93111
input.DCU963,input.anu5aut2,0.06921
input.DCU964,input.anu5aut2,0.93111
input.erliA1,input.anu5aut2,0.00526
input.ETHal1,input.anu5aut2,0.00001
input.ETHas1,input.anu5aut2,0.02588
input.ETHme1,input.anu5aut2,0.00000
input.fsclt3,input.anu5aut2,0.15335
input.fsclt4,input.anu5aut2,0.10470
input.genrl1,input.anu5aut2,0.06597
input.genrl2,input.anu5aut2,0.00127
input.genrl3,input.anu5aut2,0.00000
input.genrl4,input.anu5aut2,0.00000
input.gmu96au1,input.anu5aut2,0.93096
input.gmu96au2,input.anu5aut2,0.94810
input.gmu96ma1,input.anu5aut2,0.00000
input.gmu96ma2,input.anu5aut2,0.00000
input.ibmgd1,input.anu5aut2,0.00086
input.ibmgd2,input.anu5aut2,0.00000
input.ibmge1,input.anu5aut2,0.69709
input.ibmge2,input.anu5aut2,0.00326
input.ibms96a,input.anu5aut2,0.02736
input.ibms96b,input.anu5aut2,0.08750
input.INQ301,input.anu5aut2,0.00492
input.INQ302,input.anu5aut2,0.00000
input.KUSG2,input.anu5aut2,0.69694
input.KUSG3,input.anu5aut2,0.71290
input.LNaDesc1,input.anu5aut2,0.00000
input.LNaDesc2,input.anu5aut2,0.00000
input.LNmFull1,input.anu5aut2,0.00000
input.LNmFull2,input.anu5aut2,0.00000
input.mds001,input.anu5aut2,0.00460
input.mds002,input.anu5aut2,0.64963
input.mds003,input.anu5aut2,0.05698
input.pircsAAL,input.anu5aut2,0.00001
input.pircsAAS,input.anu5aut2,0.06921
input.pircsAM1,input.anu5aut2,0.03989
input.pircsAM2,input.anu5aut2,0.00008
input.uwgcx0,input.anu5aut2,0.00000
input.uwgcx1,input.anu5aut2,0.00000
input.vtwnA1,input.anu5aut2,0.04901
input.vtwnB1,input.anu5aut2,0.02185
input.anu5man6,input.anu5man4,0.14126
input.brkly15,input.anu5man4,0.00003
input.brkly16,input.anu5man4,0.06590
input.brkly17,input.anu5man4,0.51627
input.brkly18,input.anu5man4,0.10014
input.city96a1,input.anu5man4,0.34124
input.city96a2,input.anu5man4,0.00283
input.CLCLUS,input.anu5man4,0.68112
input.CLTHES,input.anu5man4,0.76184
input.colm1,input.anu5man4,0.25152
input.colm4,input.anu5man4,0.20955
input.Cor5A1se,input.anu5man4,0.04422
input.Cor5A2cr,input.anu5man4,0.05981
input.Cor5M1le,input.anu5man4,0.77836
input.Cor5M2rf,input.anu5man4,0.39889
input.DCU961,input.anu5man4,0.00198
input.DCU962,input.anu5man4,0.00000
input.DCU963,input.anu5man4,0.00063
input.DCU964,input.anu5man4,0.00000
input.erliA1,input.anu5man4,0.00000
input.ETHal1,input.anu5man4,0.44892
input.ETHas1,input.anu5man4,0.00264
input.ETHme1,input.anu5man4,0.00229
input.fsclt3,input.anu5man4,0.00014
input.fsclt4,input.anu5man4,0.00030
input.genrl1,input.anu5man4,0.00068
input.genrl2,input.anu5man4,0.04422
input.genrl3,input.anu5man4,0.53055
input.genrl4,input.anu5man4,0.55908
input.gmu96au1,input.anu5man4,0.00000
input.gmu96au2,input.anu5man4,0.00000
input.gmu96ma1,input.anu5man4,0.98271
input.gmu96ma2,input.anu5man4,0.91395
input.ibmgd1,input.anu5man4,0.00000
input.ibmgd2,input.anu5man4,0.00000
input.ibmge1,input.anu5man4,0.00000
input.ibmge2,input.anu5man4,0.02183
input.ibms96a,input.anu5man4,0.00246
input.ibms96b,input.anu5man4,0.00042
input.INQ301,input.anu5man4,0.01540
input.INQ302,input.anu5man4,0.00000
input.KUSG2,input.anu5man4,0.00000
input.KUSG3,input.anu5man4,0.00000
input.LNaDesc1,input.anu5man4,0.87960
input.LNaDesc2,input.anu5man4,0.87966
input.LNmFull1,input.anu5man4,0.79523
input.LNmFull2,input.anu5man4,0.64953
input.mds001,input.anu5man4,0.01634
input.mds002,input.anu5man4,0.00000
input.mds003,input.anu5man4,0.00086
input.pircsAAL,input.anu5man4,0.37507
input.pircsAAS,input.anu5man4,0.00063
input.pircsAM1,input.anu5man4,0.00147
input.pircsAM2,input.anu5man4,0.19426
input.uwgcx0,input.anu5man4,0.01451
input.uwgcx1,input.anu5man4,0.00886
input.vtwnA1,input.anu5man4,0.00109
input.vtwnB1,input.anu5man4,0.00326
input.brkly15,input.anu5man6,0.00642
input.brkly16,input.anu5man6,0.71285
input.brkly17,input.anu5man6,0.41108
input.brkly18,input.anu5man6,0.86259
input.city96a1,input.anu5man6,0.60350
input.city96a2,input.anu5man6,0.12995
input.CLCLUS,input.anu5man6,0.05983
input.CLTHES,input.anu5man6,0.24280
input.colm1,input.anu5man6,0.74562
input.colm4,input.anu5man6,0.82875
input.Cor5A1se,input.anu5man6,0.58861
input.Cor5A2cr,input.anu5man6,0.68103
input.Cor5M1le,input.anu5man6,0.23419
input.Cor5M2rf,input.anu5man6,0.02063
input.DCU961,input.anu5man6,0.10470
input.DCU962,input.anu5man6,0.00012
input.DCU963,input.anu5man6,0.05154
input.DCU964,input.anu5man6,0.00012
input.erliA1,input.anu5man6,0.00000
input.ETHal1,input.anu5man6,0.47531
input.ETHas1,input.anu5man6,0.12454
input.ETHme1,input.anu5man6,0.00001
input.fsclt3,input.anu5man6,0.01948
input.fsclt4,input.anu5man6,0.03223
input.genrl1,input.anu5man6,0.05418
input.genrl2,input.anu5man6,0.58861
input.genrl3,input.anu5man6,0.03588
input.genrl4,input.anu5man6,0.03985
input.gmu96au1,input.anu5man6,0.00012
input.gmu96au2,input.anu5man6,0.00013
input.gmu96ma1,input.anu5man6,0.14722
input.gmu96ma2,input.anu5man6,0.17287
input.ibmgd1,input.anu5man6,0.00000
input.ibmgd2,input.anu5man6,0.00000
input.ibmge1,input.anu5man6,0.00074
input.ibmge2,input.anu5man6,0.41097
input.ibms96a,input.anu5man6,0.11933
input.ibms96b,input.anu5man6,0.03986
input.INQ301,input.anu5man6,0.34121
input.INQ302,input.anu5man6,0.00000
input.KUSG2,input.anu5man6,0.00003
input.KUSG3,input.anu5man6,0.00004
input.LNaDesc1,input.anu5man6,0.18696
input.LNaDesc2,input.anu5man6,0.10470
input.LNmFull1,input.anu5man6,0.08352
input.LNmFull2,input.anu5man6,0.05417
input.mds001,input.anu5man6,0.35228
input.mds002,input.anu5man6,0.00093
input.mds003,input.anu5man6,0.06281
input.pircsAAL,input.anu5man6,0.55917
input.pircsAAS,input.anu5man6,0.05154
input.pircsAM1,input.anu5man6,0.08744
input.pircsAM2,input.anu5man6,0.86264
input.uwgcx0,input.anu5man6,0.00009
input.uwgcx1,input.anu5man6,0.00004
input.vtwnA1,input.anu5man6,0.07257
input.vtwnB1,input.anu5man6,0.14126
input.brkly16,input.brkly15,0.01839
input.brkly17,input.brkly15,0.00039
input.brkly18,input.brkly15,0.01069
input.city96a1,input.brkly15,0.00117
input.city96a2,input.brkly15,0.22575
input.CLCLUS,input.brkly15,0.00000
input.CLTHES,input.brkly15,0.00010
input.colm1,input.brkly15,0.00229
input.colm4,input.brkly15,0.00326
input.Cor5A1se,input.brkly15,0.02890
input.Cor5A2cr,input.brkly15,0.02063
input.Cor5M1le,input.brkly15,0.00009
input.Cor5M2rf,input.brkly15,0.00000
input.DCU961,input.brkly15,0.26994
input.DCU962,input.brkly15,0.26070
input.DCU963,input.brkly15,0.43612
input.DCU964,input.brkly15,0.26070
input.erliA1,input.brkly15,0.00013
input.ETHal1,input.brkly15,0.00058
input.ETHas1,input.brkly15,0.23416
input.ETHme1,input.brkly15,0.00000
input.fsclt3,input.brkly15,0.69690
input.fsclt4,input.brkly15,0.55908
input.genrl1,input.brkly15,0.42353
input.genrl2,input.brkly15,0.02890
input.genrl3,input.brkly15,0.00000
input.genrl4,input.brkly15,0.00000
input.gmu96au1,input.brkly15,0.26062
input.gmu96au2,input.brkly15,0.26986
input.gmu96ma1,input.brkly15,0.00003
input.gmu96ma2,input.brkly15,0.00004
input.ibmgd1,input.brkly15,0.00001
input.ibmgd2,input.brkly15,0.00000
input.ibmge1,input.brkly15,0.51631
input.ibmge2,input.brkly15,0.05697
input.ibms96a,input.brkly15,0.24277
input.ibms96b,input.brkly15,0.50257
input.INQ301,input.brkly15,0.07608
input.INQ302,input.brkly15,0.00000
input.KUSG2,input.brkly15,0.15337
input.KUSG3,input.brkly15,0.15965
input.LNaDesc1,input.brkly15,0.00005
input.LNaDesc2,input.brkly15,0.00001
input.LNmFull1,input.brkly15,0.00001
input.LNmFull2,input.brkly15,0.00000
input.mds001,input.brkly15,0.07257
input.mds002,input.brkly15,0.55921
input.mds003,input.brkly15,0.38696
input.pircsAAL,input.brkly15,0.00093
input.pircsAAS,input.brkly15,0.43612
input.pircsAM1,input.brkly15,0.30933
input.pircsAM2,input.brkly15,0.00375
input.uwgcx0,input.brkly15,0.00000
input.uwgcx1,input.brkly15,0.00000
input.vtwnA1,input.brkly15,0.35228
input.vtwnB1,input.brkly15,0.20962
input.brkly17,input.brkly16,0.23404
input.brkly18,input.brkly16,0.84543
input.city96a1,input.brkly16,0.37486
input.city96a2,input.brkly16,0.25168
input.CLCLUS,input.brkly16,0.02445
input.CLTHES,input.brkly16,0.12452
input.colm1,input.brkly16,0.48865
input.colm4,input.brkly16,0.55899
input.Cor5A1se,input.brkly16,0.86279
input.Cor5A2cr,input.brkly16,0.96568
input.Cor5M1le,input.brkly16,0.11931
input.Cor5M2rf,input.brkly16,0.00730
input.DCU961,input.brkly16,0.20967
input.DCU962,input.brkly16,0.00050
input.DCU963,input.brkly16,0.11436
input.DCU964,input.brkly16,0.00050
input.erliA1,input.brkly16,0.00000
input.ETHal1,input.brkly16,0.27929
input.ETHas1,input.brkly16,0.24282
input.ETHme1,input.brkly16,0.00000
input.fsclt3,input.brkly16,0.04905
input.fsclt4,input.brkly16,0.07615
input.genrl1,input.brkly16,0.11939
input.genrl2,input.brkly16,0.86279
input.genrl3,input.brkly16,0.01365
input.genrl4,input.brkly16,0.01538
input.gmu96au1,input.brkly16,0.00050
input.gmu96au2,input.brkly16,0.00054
input.gmu96ma1,input.brkly16,0.06915
input.gmu96ma2,input.brkly16,0.08344
input.ibmgd1,input.brkly16,0.00000
input.ibmgd2,input.brkly16,0.00000
input.ibmge1,input.brkly16,0.00264
input.ibmge2,input.brkly16,0.64972
input.ibms96a,input.brkly16,0.23421
input.ibms96b,input.brkly16,0.09156
input.INQ301,input.brkly16,0.55939
input.INQ302,input.brkly16,0.00000
input.KUSG2,input.brkly16,0.00015
input.KUSG3,input.brkly16,0.00017
input.LNaDesc1,input.brkly16,0.09148
input.LNaDesc2,input.brkly16,0.04653
input.LNmFull1,input.brkly16,0.03585
input.LNmFull2,input.brkly16,0.02182
input.mds001,input.brkly16,0.57402
input.mds002,input.brkly16,0.00326
input.mds003,input.brkly16,0.13556
input.pircsAAL,input.brkly16,0.34104
input.pircsAAS,input.brkly16,0.11436
input.pircsAM1,input.brkly16,0.17991
input.pircsAM2,input.brkly16,0.58847
input.uwgcx0,input.brkly16,0.00002
input.uwgcx1,input.brkly16,0.00001
input.vtwnA1,input.brkly16,0.15344
input.vtwnB1,input.brkly16,0.27000
input.brkly18,input.brkly17,0.31970
input.city96a1,input.brkly17,0.76218
input.city96a2,input.brkly17,0.01948
input.CLCLUS,input.brkly17,0.28913
input.CLTHES,input.brkly17,0.72932
input.colm1,input.brkly17,0.61879
input.colm4,input.brkly17,0.54472
input.Cor5A1se,input.brkly17,0.17293
input.Cor5A2cr,input.brkly17,0.21756
input.Cor5M1le,input.brkly17,0.71314
input.Cor5M2rf,input.brkly17,0.13551
input.DCU961,input.brkly17,0.01451
input.DCU962,input.brkly17,0.00000
input.DCU963,input.brkly17,0.00562
input.DCU964,input.brkly17,0.00000
input.erliA1,input.brkly17,0.00000
input.ETHal1,input.brkly17,0.91390
input.ETHas1,input.brkly17,0.01837
input.ETHme1,input.brkly17,0.00022
input.fsclt3,input.brkly17,0.00159
input.fsclt4,input.brkly17,0.00304
input.genrl1,input.brkly17,0.00601
input.genrl2,input.brkly17,0.17293
input.genrl3,input.brkly17,0.20186
input.genrl4,input.brkly17,0.21746
input.gmu96au1,input.brkly17,0.00000
input.gmu96au2,input.brkly17,0.00000
input.gmu96ma1,input.brkly17,0.53038
input.gmu96ma2,input.brkly17,0.58847
input.ibmgd1,input.brkly17,0.00000
input.ibmgd2,input.brkly17,0.00000
input.ibmge1,input.brkly17,0.00003
input.ibmge2,input.brkly17,0.10014
input.ibms96a,input.brkly17,0.01733
input.ibms96b,input.brkly17,0.00401
input.INQ301,input.brkly17,0.07610
input.INQ302,input.brkly17,0.00000
input.KUSG2,input.brkly17,0.00000
input.KUSG3,input.brkly17,0.00000
input.LNaDesc1,input.brkly17,0.61874
input.LNaDesc2,input.brkly17,0.42341
input.LNmFull1,input.brkly17,0.36355
input.LNmFull2,input.brkly17,0.26980
input.mds001,input.brkly17,0.07974
input.mds002,input.brkly17,0.00004
input.mds003,input.brkly17,0.00731
input.pircsAAL,input.brkly17,0.81195
input.pircsAAS,input.brkly17,0.00562
input.pircsAM1,input.brkly17,0.01137
input.pircsAM2,input.brkly17,0.51635
input.uwgcx0,input.brkly17,0.00198
input.uwgcx1,input.brkly17,0.00109
input.vtwnA1,input.brkly17,0.00886
input.vtwnB1,input.brkly17,0.02184
input.city96a1,input.brkly18,0.48865
input.city96a2,input.brkly18,0.17984
input.CLCLUS,input.brkly18,0.03987
input.CLTHES,input.brkly18,0.17989
input.colm1,input.brkly18,0.61883
input.colm4,input.brkly18,0.69699
input.Cor5A1se,input.brkly18,0.71304
input.Cor5A2cr,input.brkly18,0.81190
input.Cor5M1le,input.brkly18,0.17297
input.Cor5M2rf,input.brkly18,0.01285
input.DCU961,input.brkly18,0.14722
input.DCU962,input.brkly18,0.00024
input.DCU963,input.brkly18,0.07609
input.DCU964,input.brkly18,0.00024
input.erliA1,input.brkly18,0.00000
input.ETHal1,input.brkly18,0.37510
input.ETHas1,input.brkly18,0.17291
input.ETHme1,input.brkly18,0.00000
input.fsclt3,input.brkly18,0.03053
input.fsclt4,input.brkly18,0.04902
input.genrl1,input.brkly18,0.07972
input.genrl2,input.brkly18,0.71304
input.genrl3,input.brkly18,0.02313
input.genrl4,input.brkly18,0.02585
input.gmu96au1,input.brkly18,0.00024
input.gmu96au2,input.brkly18,0.00026
input.gmu96ma1,input.brkly18,0.10470
input.gmu96ma2,input.brkly18,0.12451
input.ibmgd1,input.brkly18,0.00000
input.ibmgd2,input.brkly18,0.00000
input.ibmge1,input.brkly18,0.00137
input.ibmge2,input.brkly18,0.51627
input.ibms96a,input.brkly18,0.16620
input.ibms96b,input.brkly18,0.05981
input.INQ301,input.brkly18,0.43615
input.INQ302,input.brkly18,0.00000
input.KUSG2,input.brkly18,0.00007
input.KUSG3,input.brkly18,0.00008
input.LNaDesc1,input.brkly18,0.13551
input.LNaDesc2,input.brkly18,0.07256
input.LNmFull1,input.brkly18,0.05695
input.LNmFull2,input.brkly18,0.03585
input.mds001,input.brkly18,0.44899
input.mds002,input.brkly18,0.00171
input.mds003,input.brkly18,0.09151
input.pircsAAL,input.brkly18,0.44895
input.pircsAAS,input.brkly18,0.07609
input.pircsAM1,input.brkly18,0.12454
input.pircsAM2,input.brkly18,0.72927
input.uwgcx0,input.brkly18,0.00004
input.uwgcx1,input.brkly18,0.00002
input.vtwnA1,input.brkly18,0.10471
input.vtwnB1,input.brkly18,0.19428
input.city96a2,input.city96a1,0.04198
input.CLCLUS,input.city96a1,0.17299
input.CLTHES,input.city96a1,0.51656
input.colm1,input.city96a1,0.84543
input.colm4,input.city96a1,0.76184
input.Cor5A1se,input.city96a1,0.28904
input.Cor5A2cr,input.city96a1,0.35215
input.Cor5M1le,input.city96a1,0.50269
input.Cor5M2rf,input.city96a1,0.07260
input.DCU961,input.city96a1,0.03220
input.DCU962,input.city96a1,0.00001
input.DCU963,input.city96a1,0.01365
input.DCU964,input.city96a1,0.00001
input.erliA1,input.city96a1,0.00000
input.ETHal1,input.city96a1,0.84579
input.ETHas1,input.city96a1,0.03984
input.ETHme1,input.city96a1,0.00006
input.fsclt3,input.city96a1,0.00430
input.fsclt4,input.city96a1,0.00779
input.genrl1,input.city96a1,0.01450
input.genrl2,input.city96a1,0.28904
input.genrl3,input.city96a1,0.11436
input.genrl4,input.city96a1,0.12456
input.gmu96au1,input.city96a1,0.00001
input.gmu96au2,input.city96a1,0.00001
input.gmu96ma1,input.city96a1,0.35235
input.gmu96ma2,input.city96a1,0.39886
input.ibmgd1,input.city96a1,0.00000
input.ibmgd2,input.city96a1,0.00000
input.ibmge1,input.city96a1,0.00010
input.ibmge2,input.city96a1,0.17974
input.ibms96a,input.city96a1,0.03780
input.ibms96b,input.city96a1,0.01004
input.INQ301,input.city96a1,0.14125
input.INQ302,input.city96a1,0.00000
input.KUSG2,input.city96a1,0.00000
input.KUSG3,input.city96a1,0.00000
input.LNaDesc1,input.city96a1,0.42357
input.LNaDesc2,input.city96a1,0.26997
input.LNmFull1,input.city96a1,0.22580
input.LNmFull2,input.city96a1,0.15968
input.mds001,input.city96a1,0.14718
input.mds002,input.city96a1,0.00013
input.mds003,input.city96a1,0.01732
input.pircsAAL,input.city96a1,0.94841
input.pircsAAS,input.city96a1,0.01365
input.pircsAM1,input.city96a1,0.02585
input.pircsAM2,input.city96a1,0.72907
input.uwgcx0,input.city96a1,0.00068
input.uwgcx1,input.city96a1,0.00036
input.vtwnA1,input.city96a1,0.02062
input.vtwnB1,input.city96a1,0.04654
input.CLCLUS,input.city96a2,0.00068
input.CLTHES,input.city96a2,0.00731
input.colm1,input.city96a2,0.06595
input.colm4,input.city96a2,0.08352
input.Cor5A1se,input.city96a2,0.33032
input.Cor5A2cr,input.city96a2,0.26992
input.Cor5M1le,input.city96a2,0.00685
input.Cor5M2rf,input.city96a2,0.00013
input.DCU961,input.city96a2,0.91385
input.DCU962,input.city96a2,0.01949
input.DCU963,input.city96a2,0.66530
input.DCU964,input.city96a2,0.01949
input.erliA1,input.city96a2,0.00000
input.ETHal1,input.city96a2,0.02587
input.ETHas1,input.city96a2,0.98271
input.ETHme1,input.city96a2,0.00000
input.fsclt3,input.city96a2,0.41116
input.fsclt4,input.city96a2,0.53055
input.genrl1,input.city96a2,0.68103
input.genrl2,input.city96a2,0.33032
input.genrl3,input.city96a2,0.00030
input.genrl4,input.city96a2,0.00036
input.gmu96au1,input.city96a2,0.01948
input.gmu96au2,input.city96a2,0.02063
input.gmu96ma1,input.city96a2,0.00304
input.gmu96ma2,input.city96a2,0.00401
input.ibmgd1,input.city96a2,0.00000
input.ibmgd2,input.city96a2,0.00000
input.ibmge1,input.city96a2,0.06283
input.ibmge2,input.city96a2,0.48885
input.ibms96a,input.city96a2,0.96547
input.ibms96b,input.city96a2,0.58856
input.INQ301,input.city96a2,0.57375
input.INQ302,input.city96a2,0.00000
input.KUSG2,input.city96a2,0.00831
input.KUSG3,input.city96a2,0.00885
input.LNaDesc1,input.city96a2,0.00460
input.LNaDesc2,input.city96a2,0.00171
input.LNmFull1,input.city96a2,0.00117
input.LNmFull2,input.city96a2,0.00058
input.mds001,input.city96a2,0.55912
input.mds002,input.city96a2,0.07259
input.mds003,input.city96a2,0.72917
input.pircsAAL,input.city96a2,0.03587
input.pircsAAS,input.city96a2,0.66530
input.pircsAM1,input.city96a2,0.84558
input.pircsAM2,input.city96a2,0.09154
input.uwgcx0,input.city96a2,0.00000
input.uwgcx1,input.city96a2,0.00000
input.vtwnA1,input.city96a2,0.77856
input.vtwnB1,input.city96a2,0.96552
input.CLTHES,input.CLCLUS,0.47523
input.colm1,input.CLCLUS,0.11933
input.colm4,input.CLCLUS,0.09577
input.Cor5A1se,input.CLCLUS,0.01540
input.Cor5A2cr,input.CLCLUS,0.02184
input.Cor5M1le,input.CLCLUS,0.48869
input.Cor5M2rf,input.CLCLUS,0.66525
input.DCU961,input.CLCLUS,0.00046
input.DCU962,input.CLCLUS,0.00000
input.DCU963,input.CLCLUS,0.00013
input.DCU964,input.CLCLUS,0.00000
input.erliA1,input.CLCLUS,0.00000
input.ETHal1,input.CLCLUS,0.24274
input.ETHas1,input.CLCLUS,0.00063
input.ETHme1,input.CLCLUS,0.00831
input.fsclt3,input.CLCLUS,0.00002
input.fsclt4,input.CLCLUS,0.00006
input.genrl1,input.CLCLUS,0.00014
input.genrl2,input.CLCLUS,0.01540
input.genrl3,input.CLCLUS,0.82880
input.genrl4,input.CLCLUS,0.86243
input.gmu96au1,input.CLCLUS,0.00000
input.gmu96au2,input.CLCLUS,0.00000
input.gmu96ma1,input.CLCLUS,0.66530
input.gmu96ma2,input.CLCLUS,0.60377
input.ibmgd1,input.CLCLUS,0.00000
input.ibmgd2,input.CLCLUS,0.00000
input.ibmge1,input.CLCLUS,0.00000
input.ibmge2,input.CLCLUS,0.00685
input.ibms96a,input.CLCLUS,0.00058
input.ibms96b,input.CLCLUS,0.00008
input.INQ301,input.CLCLUS,0.00460
input.INQ302,input.CLCLUS,0.00000
input.KUSG2,input.CLCLUS,0.00000
input.KUSG3,input.CLCLUS,0.00000
input.LNaDesc1,input.CLCLUS,0.57384
input.LNaDesc2,input.CLCLUS,0.79523
input.LNmFull1,input.CLCLUS,0.87966
input.LNmFull2,input.CLCLUS,0.96532
input.mds001,input.CLCLUS,0.00492
input.mds002,input.CLCLUS,0.00000
input.mds003,input.CLCLUS,0.00018
input.pircsAAL,input.CLCLUS,0.19430
input.pircsAAS,input.CLCLUS,0.00013
input.pircsAM1,input.CLCLUS,0.00033
input.pircsAM2,input.CLCLUS,0.08745
input.uwgcx0,input.CLCLUS,0.04200
input.uwgcx1,input.CLCLUS,0.02735
input.vtwnA1,input.CLCLUS,0.00024
input.vtwnB1,input.CLCLUS,0.00080
input.colm1,input.CLTHES,0.39889
input.colm4,input.CLTHES,0.34124
input.Cor5A1se,input.CLTHES,0.08747
input.Cor5A2cr,input.CLTHES,0.11432
input.Cor5M1le,input.CLTHES,0.98276
input.Cor5M2rf,input.CLTHES,0.25152
input.DCU961,input.CLTHES,0.00526
input.DCU962,input.CLTHES,0.00000
input.DCU963,input.CLTHES,0.00184
input.DCU964,input.CLTHES,0.00000
input.erliA1,input.CLTHES,0.00000
input.ETHal1,input.CLTHES,0.64972
input.ETHas1,input.CLTHES,0.00685
input.ETHme1,input.CLTHES,0.00080
input.fsclt3,input.CLTHES,0.00046
input.fsclt4,input.CLTHES,0.00093
input.genrl1,input.CLTHES,0.00198
input.genrl2,input.CLTHES,0.08747
input.genrl3,input.CLTHES,0.35225
input.genrl4,input.CLTHES,0.37493
input.gmu96au1,input.CLTHES,0.00000
input.gmu96au2,input.CLTHES,0.00000
input.gmu96ma1,input.CLTHES,0.77841
input.gmu96ma2,input.CLTHES,0.84538
input.ibmgd1,input.CLTHES,0.00000
input.ibmgd2,input.CLTHES,0.00000
input.ibmge1,input.CLTHES,0.00001
input.ibmge2,input.CLTHES,0.04657
input.ibms96a,input.CLTHES,0.00642
input.ibms96b,input.CLTHES,0.00127
input.INQ301,input.CLTHES,0.03402
input.INQ302,input.CLTHES,0.00000
input.KUSG2,input.CLTHES,0.00000
input.KUSG3,input.CLTHES,0.00000
input.LNaDesc1,input.CLTHES,0.87950
input.LNaDesc2,input.CLTHES,0.64949
input.LNmFull1,input.CLTHES,0.57371
input.LNmFull2,input.CLTHES,0.44876
input.mds001,input.CLTHES,0.03589
input.mds002,input.CLTHES,0.00001
input.mds003,input.CLTHES,0.00246
input.pircsAAL,input.CLTHES,0.55926
input.pircsAAS,input.CLTHES,0.00184
input.pircsAM1,input.CLTHES,0.00401
input.pircsAM2,input.CLTHES,0.31973
input.uwgcx0,input.CLTHES,0.00601
input.uwgcx1,input.CLTHES,0.00350
input.vtwnA1,input.CLTHES,0.00304
input.vtwnB1,input.CLTHES,0.00831
input.colm4,input.colm1,0.91390
input.Cor5A1se,input.colm1,0.38689
input.Cor5A2cr,input.colm1,0.46205
input.Cor5M1le,input.colm1,0.38692
input.Cor5M2rf,input.colm1,0.04656
input.DCU961,input.colm1,0.05154
input.DCU962,input.colm1,0.00003
input.DCU963,input.colm1,0.02313
input.DCU964,input.colm1,0.00003
input.erliA1,input.colm1,0.00000
input.ETHal1,input.colm1,0.69694
input.ETHas1,input.colm1,0.06283
input.ETHme1,input.colm1,0.00003
input.fsclt3,input.colm1,0.00780
input.fsclt4,input.colm1,0.01367
input.genrl1,input.colm1,0.02446
input.genrl2,input.colm1,0.38689
input.genrl3,input.colm1,0.07609
input.genrl4,input.colm1,0.08347
input.gmu96au1,input.colm1,0.00003
input.gmu96au2,input.colm1,0.00003
input.gmu96ma1,input.colm1,0.26059
input.gmu96ma2,input.colm1,0.29898
input.ibmgd1,input.colm1,0.00000
input.ibmgd2,input.colm1,0.00000
input.ibmge1,input.colm1,0.00022
input.ibmge2,input.colm1,0.25154
input.ibms96a,input.colm1,0.05983
input.ibms96b,input.colm1,0.01733
input.INQ301,input.colm1,0.20188
input.INQ302,input.colm1,0.00000
input.KUSG2,input.colm1,0.00001
input.KUSG3,input.colm1,0.00001
input.LNaDesc1,input.colm1,0.31964
input.LNaDesc2,input.colm1,0.19426
input.LNmFull1,input.colm1,0.15966
input.LNmFull2,input.colm1,0.10936
input.mds001,input.colm1,0.20962
input.mds002,input.colm1,0.00028
input.mds003,input.colm1,0.02889
input.pircsAAL,input.colm1,0.79513
input.pircsAAS,input.colm1,0.02313
input.pircsAM1,input.colm1,0.04200
input.pircsAM2,input.colm1,0.87966
input.uwgcx0,input.colm1,0.00033
input.uwgcx1,input.colm1,0.00017
input.vtwnA1,input.colm1,0.03401
input.vtwnB1,input.colm1,0.07257
input.Cor5A1se,input.colm4,0.44895
input.Cor5A2cr,input.colm4,0.53042
input.Cor5M1le,input.colm4,0.33039
input.Cor5M2rf,input.colm4,0.03587
input.DCU961,input.colm4,0.06594
input.DCU962,input.colm4,0.00005
input.DCU963,input.colm4,0.03052
input.DCU964,input.colm4,0.00005
input.erliA1,input.colm4,0.00000
input.ETHal1,input.colm4,0.61879
input.ETHas1,input.colm4,0.07972
input.ETHme1,input.colm4,0.00002
input.fsclt3,input.colm4,0.01070
input.fsclt4,input.colm4,0.01838
input.genrl1,input.colm4,0.03222
input.genrl2,input.colm4,0.44895
input.genrl3,input.colm4,0.05984
input.genrl4,input.colm4,0.06592
input.gmu96au1,input.colm4,0.00005
input.gmu96au2,input.colm4,0.00005
input.gmu96ma1,input.colm4,0.21753
input.gmu96ma2,input.colm4,0.25149
input.ibmgd1,input.colm4,0.00000
input.ibmgd2,input.colm4,0.00000
input.ibmge1,input.colm4,0.00033
input.ibmge2,input.colm4,0.29904
input.ibms96a,input.colm4,0.07608
input.ibms96b,input.colm4,0.02311
input.INQ301,input.colm4,0.24277
input.INQ302,input.colm4,0.00000
input.KUSG2,input.colm4,0.00001
input.KUSG3,input.colm4,0.00001
input.LNaDesc1,input.colm4,0.26989
input.LNaDesc2,input.colm4,0.15966
input.LNmFull1,input.colm4,0.12995
input.LNmFull2,input.colm4,0.08741
input.mds001,input.colm4,0.25160
input.mds002,input.colm4,0.00042
input.mds003,input.colm4,0.03782
input.pircsAAL,input.colm4,0.71304
input.pircsAAS,input.colm4,0.03052
input.pircsAM1,input.colm4,0.05418
input.pircsAM2,input.colm4,0.96547
input.uwgcx0,input.colm4,0.00022
input.uwgcx1,input.colm4,0.00011
input.vtwnA1,input.colm4,0.04424
input.vtwnB1,input.colm4,0.09153
input.Cor5A2cr,input.Cor5A1se,0.89673
input.Cor5M1le,input.Cor5A1se,0.08354
input.Cor5M2rf,input.Cor5A1se,0.00430
input.DCU961,input.Cor5A1se,0.27941
input.DCU962,input.Cor5A1se,0.00093
input.DCU963,input.Cor5A1se,0.15970
input.DCU964,input.Cor5A1se,0.00093
input.erliA1,input.Cor5A1se,0.00000
input.ETHal1,input.Cor5A1se,0.20958
input.ETHas1,input.Cor5A1se,0.31967
input.ETHme1,input.Cor5A1se,0.00000
input.fsclt3,input.Cor5A1se,0.07260
input.fsclt4,input.Cor5A1se,0.10946
input.genrl1,input.Cor5A1se,0.16620
input.genrl2,input.Cor5A1se,1.00000
input.genrl3,input.Cor5A1se,0.00831
input.genrl4,input.Cor5A1se,0.00943
input.gmu96au1,input.Cor5A1se,0.00093
input.gmu96au2,input.Cor5A1se,0.00101
input.gmu96ma1,input.Cor5A1se,0.04656
input.gmu96ma2,input.Cor5A1se,0.05692
input.ibmgd1,input.Cor5A1se,0.00000
input.ibmgd2,input.Cor5A1se,0.00000
input.ibmge1,input.Cor5A1se,0.00460
input.ibmge2,input.Cor5A1se,0.77846
input.ibms96a,input.Cor5A1se,0.30927
input.ibms96b,input.Cor5A1se,0.12993
input.INQ301,input.Cor5A1se,0.68112
input.INQ302,input.Cor5A1se,0.00000
input.KUSG2,input.Cor5A1se,0.00030
input.KUSG3,input.Cor5A1se,0.00033
input.LNaDesc1,input.Cor5A1se,0.06282
input.LNaDesc2,input.Cor5A1se,0.03051
input.LNmFull1,input.Cor5A1se,0.02312
input.LNmFull2,input.Cor5A1se,0.01365
input.mds001,input.Cor5A1se,0.69704
input.mds002,input.Cor5A1se,0.00563
input.mds003,input.Cor5A1se,0.18694
input.pircsAAL,input.Cor5A1se,0.26062
input.pircsAAS,input.Cor5A1se,0.15970
input.pircsAM1,input.Cor5A1se,0.24272
input.pircsAM2,input.Cor5A1se,0.47531
input.uwgcx0,input.Cor5A1se,0.00001
input.uwgcx1,input.Cor5A1se,0.00000
input.vtwnA1,input.Cor5A1se,0.20960
input.vtwnB1,input.Cor5A1se,0.35225
input.Cor5M1le,input.Cor5A2cr,0.10944
input.Cor5M2rf,input.Cor5A2cr,0.00642
input.DCU961,input.Cor5A2cr,0.22573
input.DCU962,input.Cor5A2cr,0.00058
input.DCU963,input.Cor5A2cr,0.12457
input.DCU964,input.Cor5A2cr,0.00058
input.erliA1,input.Cor5A2cr,0.00000
input.ETHal1,input.Cor5A2cr,0.26062
input.ETHas1,input.Cor5A2cr,0.26062
input.ETHme1,input.Cor5A2cr,0.00000
input.fsclt3,input.Cor5A2cr,0.05421
input.fsclt4,input.Cor5A2cr,0.08355
input.genrl1,input.Cor5A2cr,0.12995
input.genrl2,input.Cor5A2cr,0.89673
input.genrl3,input.Cor5A2cr,0.01210
input.genrl4,input.Cor5A2cr,0.01365
input.gmu96au1,input.Cor5A2cr,0.00058
input.gmu96au2,input.Cor5A2cr,0.00063
input.gmu96ma1,input.Cor5A2cr,0.06282
input.gmu96ma2,input.Cor5A2cr,0.07605
input.ibmgd1,input.Cor5A2cr,0.00000
input.ibmgd2,input.Cor5A2cr,0.00000
input.ibmge1,input.Cor5A2cr,0.00304
input.ibmge2,input.Cor5A2cr,0.68098
input.ibms96a,input.Cor5A2cr,0.25157
input.ibms96b,input.Cor5A2cr,0.10014
input.INQ301,input.Cor5A2cr,0.58870
input.INQ302,input.Cor5A2cr,0.00000
input.KUSG2,input.Cor5A2cr,0.00018
input.KUSG3,input.Cor5A2cr,0.00020
input.LNaDesc1,input.Cor5A2cr,0.08351
input.LNaDesc2,input.Cor5A2cr,0.04200
input.LNmFull1,input.Cor5A2cr,0.03222
input.LNmFull2,input.Cor5A2cr,0.01946
input.mds001,input.Cor5A2cr,0.60368
input.mds002,input.Cor5A2cr,0.00375
input.mds003,input.Cor5A2cr,0.14720
input.pircsAAL,input.Cor5A2cr,0.31967
input.pircsAAS,input.Cor5A2cr,0.12457
input.pircsAM1,input.Cor5A2cr,0.19428
input.pircsAM2,input.Cor5A2cr,0.55917
input.uwgcx0,input.Cor5A2cr,0.00002
input.uwgcx1,input.Cor5A2cr,0.00001
input.vtwnA1,input.Cor5A2cr,0.16622
input.vtwnB1,input.Cor5A2cr,0.28913
input.Cor5M2rf,input.Cor5M1le,0.26056
input.DCU961,input.Cor5M1le,0.00492
input.DCU962,input.Cor5M1le,0.00000
input.DCU963,input.Cor5M1le,0.00171
input.DCU964,input.Cor5M1le,0.00000
input.erliA1,input.Cor5M1le,0.00000
input.ETHal1,input.Cor5M1le,0.63424
input.ETHas1,input.Cor5M1le,0.00642
input.ETHme1,input.Cor5M1le,0.00086
input.fsclt3,input.Cor5M1le,0.00042
input.fsclt4,input.Cor5M1le,0.00086
input.genrl1,input.Cor5M1le,0.00184
input.genrl2,input.Cor5M1le,0.08354
input.genrl3,input.Cor5M1le,0.36355
input.genrl4,input.Cor5M1le,0.38667
input.gmu96au1,input.Cor5M1le,0.00000
input.gmu96au2,input.Cor5M1le,0.00000
input.gmu96ma1,input.Cor5M1le,0.79503
input.gmu96ma2,input.Cor5M1le,0.86233
input.ibmgd1,input.Cor5M1le,0.00000
input.ibmgd2,input.Cor5M1le,0.00000
input.ibmge1,input.Cor5M1le,0.00001
input.ibmge2,input.Cor5M1le,0.04424
input.ibms96a,input.Cor5M1le,0.00601
input.ibms96b,input.Cor5M1le,0.00118
input.INQ301,input.Cor5M1le,0.03224
input.INQ302,input.Cor5M1le,0.00000
input.KUSG2,input.Cor5M1le,0.00000
input.KUSG3,input.Cor5M1le,0.00000
input.LNaDesc1,input.Cor5M1le,0.89657
input.LNaDesc2,input.Cor5M1le,0.66511
input.LNmFull1,input.Cor5M1le,0.58852
input.LNmFull2,input.Cor5M1le,0.46181
input.mds001,input.Cor5M1le,0.03402
input.mds002,input.Cor5M1le,0.00001
input.mds003,input.Cor5M1le,0.00229
input.pircsAAL,input.Cor5M1le,0.54481
input.pircsAAS,input.Cor5M1le,0.00171
input.pircsAM1,input.Cor5M1le,0.00375
input.pircsAM2,input.Cor5M1le,0.30933
input.uwgcx0,input.Cor5M1le,0.00641
input.uwgcx1,input.Cor5M1le,0.00375
input.vtwnA1,input.Cor5M1le,0.00283
input.vtwnB1,input.Cor5M1le,0.00780
input.DCU961,input.Cor5M2rf,0.00008
input.DCU962,input.Cor5M2rf,0.00000
input.DCU963,input.Cor5M2rf,0.00002
input.DCU964,input.Cor5M2rf,0.00000
input.erliA1,input.Cor5M2rf,0.00000
input.ETHal1,input.Cor5M2rf,0.10942
input.ETHas1,input.Cor5M2rf,0.00012
input.ETHme1,input.Cor5M2rf,0.02734
input.fsclt3,input.Cor5M2rf,0.00000
input.fsclt4,input.Cor5M2rf,0.00001
input.genrl1,input.Cor5M2rf,0.00002
input.genrl2,input.Cor5M2rf,0.00430
input.genrl3,input.Cor5M2rf,0.82865
input.genrl4,input.Cor5M2rf,0.79533
input.gmu96au1,input.Cor5M2rf,0.00000
input.gmu96au2,input.Cor5M2rf,0.00000
input.gmu96ma1,input.Cor5M2rf,0.38689
input.gmu96ma2,input.Cor5M2rf,0.34127
input.ibmgd1,input.Cor5M2rf,0.00000
input.ibmgd2,input.Cor5M2rf,0.00000
input.ibmge1,input.Cor5M2rf,0.00000
input.ibmge2,input.Cor5M2rf,0.00171
input.ibms96a,input.Cor5M2rf,0.00011
input.ibms96b,input.Cor5M2rf,0.00001
input.INQ301,input.Cor5M2rf,0.00109
input.INQ302,input.Cor5M2rf,0.00000
input.KUSG2,input.Cor5M2rf,0.00000
input.KUSG3,input.Cor5M2rf,0.00000
input.LNaDesc1,input.Cor5M2rf,0.31970
input.LNaDesc2,input.Cor5M2rf,0.48881
input.LNmFull1,input.Cor5M2rf,0.55917
input.LNmFull2,input.Cor5M2rf,0.69714
input.mds001,input.Cor5M2rf,0.00118
input.mds002,input.Cor5M2rf,0.00000
input.mds003,input.Cor5M2rf,0.00003
input.pircsAAL,input.Cor5M2rf,0.08352
input.pircsAAS,input.Cor5M2rf,0.00002
input.pircsAM1,input.Cor5M2rf,0.00006
input.pircsAM2,input.Cor5M2rf,0.03222
input.uwgcx0,input.Cor5M2rf,0.10942
input.uwgcx1,input.Cor5M2rf,0.07610
input.vtwnA1,input.Cor5M2rf,0.00004
input.vtwnB1,input.Cor5M2rf,0.00015
input.DCU962,input.DCU961,0.02589
input.DCU963,input.DCU961,0.74562
input.DCU964,input.DCU961,0.02589
input.erliA1,input.DCU961,0.00000
input.ETHal1,input.DCU961,0.01947
input.ETHas1,input.DCU961,0.93106
input.ETHme1,input.DCU961,0.00000
input.fsclt3,input.DCU961,0.47543
input.fsclt4,input.DCU961,0.60377
input.genrl1,input.DCU961,0.76198
input.genrl2,input.DCU961,0.27941
input.genrl3,input.DCU961,0.00020
input.genrl4,input.DCU961,0.00024
input.gmu96au1,input.DCU961,0.02587
input.gmu96au2,input.DCU961,0.02734
input.gmu96ma1,input.DCU961,0.00213
input.gmu96ma2,input.DCU961,0.00283
input.ibmgd1,input.DCU961,0.00000
input.ibmgd2,input.DCU961,0.00000
input.ibmge1,input.DCU961,0.07973
input.ibmge2,input.DCU961,0.42353
input.ibms96a,input.DCU961,0.94826
input.ibms96b,input.DCU961,0.66521
input.INQ301,input.DCU961,0.50240
input.INQ302,input.DCU961,0.00000
input.KUSG2,input.DCU961,0.01138
input.KUSG3,input.DCU961,0.01209
input.LNaDesc1,input.DCU961,0.00326
input.LNaDesc2,input.DCU961,0.00117
input.LNmFull1,input.DCU961,0.00080
input.LNmFull2,input.DCU961,0.00039
input.mds001,input.DCU961,0.48873
input.mds002,input.DCU961,0.09156
input.mds003,input.DCU961,0.81185
input.pircsAAL,input.DCU961,0.02734
input.pircsAAS,input.DCU961,0.74562
input.pircsAM1,input.DCU961,0.93101
input.pircsAM2,input.DCU961,0.07257
input.uwgcx0,input.DCU961,0.00000
input.uwgcx1,input.DCU961,0.00000
input.vtwnA1,input.DCU961,0.86264
input.vtwnB1,input.DCU961,0.87966
input.DCU963,input.DCU962,0.05697
input.DCU964,input.DCU962,1.00000
input.erliA1,input.DCU962,0.00685
input.ETHal1,input.DCU962,0.00001
input.ETHas1,input.DCU962,0.02064
input.ETHme1,input.DCU962,0.00000
input.fsclt3,input.DCU962,0.12996
input.fsclt4,input.DCU962,0.08746
input.genrl1,input.DCU962,0.05422
input.genrl2,input.DCU962,0.00093
input.genrl3,input.DCU962,0.00000
input.genrl4,input.DCU962,0.00000
input.gmu96au1,input.DCU962,0.99984
input.gmu96au2,input.DCU962,0.98297
input.gmu96ma1,input.DCU962,0.00000
input.gmu96ma2,input.DCU962,0.00000
input.ibmgd1,input.DCU962,0.00117
input.ibmgd2,input.DCU962,0.00000
input.ibmge1,input.DCU962,0.63429
input.ibmge2,input.DCU962,0.00246
input.ibms96a,input.DCU962,0.02186
input.ibms96b,input.DCU962,0.07262
input.INQ301,input.DCU962,0.00375
input.INQ302,input.DCU962,0.00000
input.KUSG2,input.DCU962,0.76188
input.KUSG3,input.DCU962,0.77831
input.LNaDesc1,input.DCU962,0.00000
input.LNaDesc2,input.DCU962,0.00000
input.LNmFull1,input.DCU962,0.00000
input.LNmFull2,input.DCU962,0.00000
input.mds001,input.DCU962,0.00350
input.mds002,input.DCU962,0.58870
input.mds003,input.DCU962,0.04660
input.pircsAAL,input.DCU962,0.00001
input.pircsAAS,input.DCU962,0.05697
input.pircsAM1,input.DCU962,0.03225
input.pircsAM2,input.DCU962,0.00006
input.uwgcx0,input.DCU962,0.00000
input.uwgcx1,input.DCU962,0.00000
input.vtwnA1,input.DCU962,0.03989
input.vtwnB1,input.DCU962,0.01734
input.DCU964,input.DCU963,0.05697
input.erliA1,input.DCU963,0.00000
input.ETHal1,input.DCU963,0.00780
input.ETHas1,input.DCU963,0.68112
input.ETHme1,input.DCU963,0.00000
input.fsclt3,input.DCU963,0.69709
input.fsclt4,input.DCU963,0.84574
input.genrl1,input.DCU963,0.98281
input.genrl2,input.DCU963,0.15970
input.genrl3,input.DCU963,0.00005
input.genrl4,input.DCU963,0.00006
input.gmu96au1,input.DCU963,0.05695
input.gmu96au2,input.DCU963,0.05981
input.gmu96ma1,input.DCU963,0.00068
input.gmu96ma2,input.DCU963,0.00093
input.ibmgd1,input.DCU963,0.00000
input.ibmgd2,input.DCU963,0.00000
input.ibmge1,input.DCU963,0.15335
input.ibmge2,input.DCU963,0.26070
input.ibms96a,input.DCU963,0.69704
input.ibms96b,input.DCU963,0.91375
input.INQ301,input.DCU963,0.31967
input.INQ302,input.DCU963,0.00000
input.KUSG2,input.DCU963,0.02735
input.KUSG3,input.DCU963,0.02889
input.LNaDesc1,input.DCU963,0.00109
input.LNaDesc2,input.DCU963,0.00036
input.LNmFull1,input.DCU963,0.00024
input.LNmFull2,input.DCU963,0.00011
input.mds001,input.DCU963,0.30927
input.mds002,input.DCU963,0.17295
input.mds003,input.DCU963,0.93117
input.pircsAAL,input.DCU963,0.01137
input.pircsAAS,input.DCU963,1.00000
input.pircsAM1,input.DCU963,0.81200
input.pircsAM2,input.DCU963,0.03401
input.uwgcx0,input.DCU963,0.00000
input.uwgcx1,input.DCU963,0.00000
input.vtwnA1,input.DCU963,0.87966
input.vtwnB1,input.DCU963,0.63420
input.erliA1,input.DCU964,0.00685
input.ETHal1,input.DCU964,0.00001
input.ETHas1,input.DCU964,0.02064
input.ETHme1,input.DCU964,0.00000
input.fsclt3,input.DCU964,0.12996
input.fsclt4,input.DCU964,0.08746
input.genrl1,input.DCU964,0.05422
input.genrl2,input.DCU964,0.00093
input.genrl3,input.DCU964,0.00000
input.genrl4,input.DCU964,0.00000
input.gmu96au1,input.DCU964,0.99984
input.gmu96au2,input.DCU964,0.98297
input.gmu96ma1,input.DCU964,0.00000
input.gmu96ma2,input.DCU964,0.00000
input.ibmgd1,input.DCU964,0.00117
input.ibmgd2,input.DCU964,0.00000
input.ibmge1,input.DCU964,0.63429
input.ibmge2,input.DCU964,0.00246
input.ibms96a,input.DCU964,0.02186
input.ibms96b,input.DCU964,0.07262
input.INQ301,input.DCU964,0.00375
input.INQ302,input.DCU964,0.00000
input.KUSG2,input.DCU964,0.76188
input.KUSG3,input.DCU964,0.77831
input.LNaDesc1,input.DCU964,0.00000
input.LNaDesc2,input.DCU964,0.00000
input.LNmFull1,input.DCU964,0.00000
input.LNmFull2,input.DCU964,0.00000
input.mds001,input.DCU964,0.00350
input.mds002,input.DCU964,0.58870
input.mds003,input.DCU964,0.04660
input.pircsAAL,input.DCU964,0.00001
input.pircsAAS,input.DCU964,0.05697
input.pircsAM1,input.DCU964,0.03225
input.pircsAM2,input.DCU964,0.00006
input.uwgcx0,input.DCU964,0.00000
input.uwgcx1,input.DCU964,0.00000
input.vtwnA1,input.DCU964,0.03989
input.vtwnB1,input.DCU964,0.01734
input.ETHal1,input.erliA1,0.00000
input.ETHas1,input.erliA1,0.00000
input.ETHme1,input.erliA1,0.00000
input.fsclt3,input.erliA1,0.00002
input.fsclt4,input.erliA1,0.00001
input.genrl1,input.erliA1,0.00000
input.genrl2,input.erliA1,0.00000
input.genrl3,input.erliA1,0.00000
input.genrl4,input.erliA1,0.00000
input.gmu96au1,input.erliA1,0.00685
input.gmu96au2,input.erliA1,0.00642
input.gmu96ma1,input.erliA1,0.00000
input.gmu96ma2,input.erliA1,0.00000
input.ibmgd1,input.erliA1,0.58874
input.ibmgd2,input.erliA1,0.05983
input.ibmge1,input.erliA1,0.00147
input.ibmge2,input.erliA1,0.00000
input.ibms96a,input.erliA1,0.00000
input.ibms96b,input.erliA1,0.00001
input.INQ301,input.erliA1,0.00000
input.INQ302,input.erliA1,0.00264
input.KUSG2,input.erliA1,0.01634
input.KUSG3,input.erliA1,0.01540
input.LNaDesc1,input.erliA1,0.00000
input.LNaDesc2,input.erliA1,0.00000
input.LNmFull1,input.erliA1,0.00000
input.LNmFull2,input.erliA1,0.00000
input.mds001,input.erliA1,0.00000
input.mds002,input.erliA1,0.00117
input.mds003,input.erliA1,0.00000
input.pircsAAL,input.erliA1,0.00000
input.pircsAAS,input.erliA1,0.00000
input.pircsAM1,input.erliA1,0.00000
input.pircsAM2,input.erliA1,0.00000
input.uwgcx0,input.erliA1,0.00000
input.uwgcx1,input.erliA1,0.00000
input.vtwnA1,input.erliA1,0.00000
input.vtwnB1,input.erliA1,0.00000
input.ETHas1,input.ETHal1,0.02446
input.ETHme1,input.ETHal1,0.00014
input.fsclt3,input.ETHal1,0.00229
input.fsclt4,input.ETHal1,0.00430
input.genrl1,input.ETHal1,0.00831
input.genrl2,input.ETHal1,0.20958
input.genrl3,input.ETHal1,0.16624
input.genrl4,input.ETHal1,0.17978
input.gmu96au1,input.ETHal1,0.00001
input.gmu96au2,input.ETHal1,0.00001
input.gmu96ma1,input.ETHal1,0.46201
input.gmu96ma2,input.ETHal1,0.51623
input.ibmgd1,input.ETHal1,0.00000
input.ibmgd2,input.ETHal1,0.00000
input.ibmge1,input.ETHal1,0.00004
input.ibmge2,input.ETHal1,0.12452
input.ibms96a,input.ETHal1,0.02312
input.ibms96b,input.ETHal1,0.00562
input.INQ301,input.ETHal1,0.09578
input.INQ302,input.ETHal1,0.00000
input.KUSG2,input.ETHal1,0.00000
input.KUSG3,input.ETHal1,0.00000
input.LNaDesc1,input.ETHal1,0.54468
input.LNaDesc2,input.ETHal1,0.36355
input.LNmFull1,input.ETHal1,0.30927
input.LNmFull2,input.ETHal1,0.22565
input.mds001,input.ETHal1,0.10017
input.mds002,input.ETHal1,0.00006
input.mds003,input.ETHal1,0.01004
input.pircsAAL,input.ETHal1,0.89673
input.pircsAAS,input.ETHal1,0.00780
input.pircsAM1,input.ETHal1,0.01540
input.pircsAM2,input.ETHal1,0.58861
input.uwgcx0,input.ETHal1,0.00137
input.uwgcx1,input.ETHal1,0.00074
input.vtwnA1,input.ETHal1,0.01209
input.vtwnB1,input.ETHal1,0.02889
input.ETHme1,input.ETHas1,0.00000
input.fsclt3,input.ETHas1,0.42360
input.fsclt4,input.ETHas1,0.54485
input.genrl1,input.ETHas1,0.69699
input.genrl2,input.ETHas1,0.31967
input.genrl3,input.ETHas1,0.00028
input.genrl4,input.ETHas1,0.00033
input.gmu96au1,input.ETHas1,0.02063
input.gmu96au2,input.ETHas1,0.02184
input.gmu96ma1,input.ETHas1,0.00283
input.gmu96ma2,input.ETHas1,0.00374
input.ibmgd1,input.ETHas1,0.00000
input.ibmgd2,input.ETHas1,0.00000
input.ibmge1,input.ETHas1,0.06595
input.ibmge2,input.ETHas1,0.47535
input.ibms96a,input.ETHas1,0.98276
input.ibms96b,input.ETHas1,0.60359
input.INQ301,input.ETHas1,0.55908
input.INQ302,input.ETHas1,0.00000
input.KUSG2,input.ETHas1,0.00886
input.KUSG3,input.ETHas1,0.00943
input.LNaDesc1,input.ETHas1,0.00430
input.LNaDesc2,input.ETHas1,0.00159
input.LNmFull1,input.ETHas1,0.00109
input.LNmFull2,input.ETHas1,0.00054
input.mds001,input.ETHas1,0.54464
input.mds002,input.ETHas1,0.07611
input.mds003,input.ETHas1,0.74552
input.pircsAAL,input.ETHas1,0.03400
input.pircsAAS,input.ETHas1,0.68112
input.pircsAM1,input.ETHas1,0.86259
input.pircsAM2,input.ETHas1,0.08745
input.uwgcx0,input.ETHas1,0.00000
input.uwgcx1,input.ETHas1,0.00000
input.vtwnA1,input.ETHas1,0.79523
input.vtwnB1,input.ETHas1,0.94826
input.fsclt3,input.ETHme1,0.00000
input.fsclt4,input.ETHme1,0.00000
input.genrl1,input.ETHme1,0.00000
input.genrl2,input.ETHme1,0.00000
input.genrl3,input.ETHme1,0.01539
input.genrl4,input.ETHme1,0.01366
input.gmu96au1,input.ETHme1,0.00000
input.gmu96au2,input.ETHme1,0.00000
input.gmu96ma1,input.ETHme1,0.00213
input.gmu96ma2,input.ETHme1,0.00159
input.ibmgd1,input.ETHme1,0.00000
input.ibmgd2,input.ETHme1,0.00000
input.ibmge1,input.ETHme1,0.00000
input.ibmge2,input.ETHme1,0.00000
input.ibms96a,input.ETHme1,0.00000
input.ibms96b,input.ETHme1,0.00000
input.INQ301,input.ETHme1,0.00000
input.INQ302,input.ETHme1,0.00000
input.KUSG2,input.ETHme1,0.00000
input.KUSG3,input.ETHme1,0.00000
input.LNaDesc1,input.ETHme1,0.00137
input.LNaDesc2,input.ETHme1,0.00375
input.LNmFull1,input.ETHme1,0.00526
input.LNmFull2,input.ETHme1,0.00944
input.mds001,input.ETHme1,0.00000
input.mds002,input.ETHme1,0.00000
input.mds003,input.ETHme1,0.00000
input.pircsAAL,input.ETHme1,0.00008
input.pircsAAS,input.ETHme1,0.00000
input.pircsAM1,input.ETHme1,0.00000
input.pircsAM2,input.ETHme1,0.00001
input.uwgcx0,input.ETHme1,0.54468
input.uwgcx1,input.ETHme1,0.66516
input.vtwnA1,input.ETHme1,0.00000
input.vtwnB1,input.ETHme1,0.00000
input.fsclt4,input.fsclt3,0.84563
input.genrl1,input.fsclt3,0.68122
input.genrl2,input.fsclt3,0.07260
input.genrl3,input.fsclt3,0.00001
input.genrl4,input.fsclt3,0.00001
input.gmu96au1,input.fsclt3,0.12991
input.gmu96au2,input.fsclt3,0.13546
input.gmu96ma1,input.fsclt3,0.00015
input.gmu96ma2,input.fsclt3,0.00022
input.ibmgd1,input.fsclt3,0.00000
input.ibmgd2,input.fsclt3,0.00000
input.ibmge1,input.fsclt3,0.29901
input.ibmge2,input.fsclt3,0.13003
input.ibms96a,input.fsclt3,0.43623
input.ibms96b,input.fsclt3,0.77876
input.INQ301,input.fsclt3,0.16624
input.INQ302,input.fsclt3,0.00000
input.KUSG2,input.fsclt3,0.06918
input.KUSG3,input.fsclt3,0.07253
input.LNaDesc1,input.fsclt3,0.00026
input.LNaDesc2,input.fsclt3,0.00008
input.LNmFull1,input.fsclt3,0.00005
input.LNmFull2,input.fsclt3,0.00002
input.mds001,input.fsclt3,0.15972
input.mds002,input.fsclt3,0.33029
input.mds003,input.fsclt3,0.63434
input.pircsAAL,input.fsclt3,0.00350
input.pircsAAS,input.fsclt3,0.69709
input.pircsAM1,input.fsclt3,0.53059
input.pircsAM2,input.fsclt3,0.01210
input.uwgcx0,input.fsclt3,0.00000
input.uwgcx1,input.fsclt3,0.00000
input.vtwnA1,input.fsclt3,0.58874
input.vtwnB1,input.fsclt3,0.38699
input.genrl1,input.fsclt4,0.82890
input.genrl2,input.fsclt4,0.10946
input.genrl3,input.fsclt4,0.00002
input.genrl4,input.fsclt4,0.00003
input.gmu96au1,input.fsclt4,0.08742
input.gmu96au2,input.fsclt4,0.09149
input.gmu96ma1,input.fsclt4,0.00033
input.gmu96ma2,input.fsclt4,0.00046
input.ibmgd1,input.fsclt4,0.00000
input.ibmgd2,input.fsclt4,0.00000
input.ibmge1,input.fsclt4,0.21748
input.ibmge2,input.fsclt4,0.18707
input.ibms96a,input.fsclt4,0.55930
input.ibms96b,input.fsclt4,0.93127
input.INQ301,input.fsclt4,0.23416
input.INQ302,input.fsclt4,0.00000
input.KUSG2,input.fsclt4,0.04422
input.KUSG3,input.fsclt4,0.04654
input.LNaDesc1,input.fsclt4,0.00054
input.LNaDesc2,input.fsclt4,0.00017
input.LNmFull1,input.fsclt4,0.00011
input.LNmFull2,input.fsclt4,0.00005
input.mds001,input.fsclt4,0.22578
input.mds002,input.fsclt4,0.24272
input.mds003,input.fsclt4,0.77876
input.pircsAAL,input.fsclt4,0.00642
input.pircsAAS,input.fsclt4,0.84574
input.pircsAM1,input.fsclt4,0.66544
input.pircsAM2,input.fsclt4,0.02064
input.uwgcx0,input.fsclt4,0.00000
input.uwgcx1,input.fsclt4,0.00000
input.vtwnA1,input.fsclt4,0.72937
input.vtwnB1,input.fsclt4,0.50261
input.genrl2,input.genrl1,0.16620
input.genrl3,input.genrl1,0.00006
input.genrl4,input.genrl1,0.00007
input.gmu96au1,input.genrl1,0.05420
input.gmu96au2,input.genrl1,0.05695
input.gmu96ma1,input.genrl1,0.00074
input.gmu96ma2,input.genrl1,0.00101
input.ibmgd1,input.genrl1,0.00000
input.ibmgd2,input.genrl1,0.00000
input.ibmge1,input.genrl1,0.14724
input.ibmge2,input.genrl1,0.26994
input.ibms96a,input.genrl1,0.71304
input.ibms96b,input.genrl1,0.89668
input.INQ301,input.genrl1,0.33026
input.INQ302,input.genrl1,0.00000
input.KUSG2,input.genrl1,0.02588
input.KUSG3,input.genrl1,0.02734
input.LNaDesc1,input.genrl1,0.00117
input.LNaDesc2,input.genrl1,0.00039
input.LNmFull1,input.genrl1,0.00026
input.LNmFull2,input.genrl1,0.00012
input.mds001,input.genrl1,0.31964
input.mds002,input.genrl1,0.16626
input.mds003,input.genrl1,0.94831
input.pircsAAL,input.genrl1,0.01209
input.pircsAAS,input.genrl1,0.98281
input.pircsAM1,input.genrl1,0.82875
input.pircsAM2,input.genrl1,0.03587
input.uwgcx0,input.genrl1,0.00000
input.uwgcx1,input.genrl1,0.00000
input.vtwnA1,input.genrl1,0.89668
input.vtwnB1,input.genrl1,0.64963
input.genrl3,input.genrl2,0.00831
input.genrl4,input.genrl2,0.00943
input.gmu96au1,input.genrl2,0.00093
input.gmu96au2,input.genrl2,0.00101
input.gmu96ma1,input.genrl2,0.04656
input.gmu96ma2,input.genrl2,0.05692
input.ibmgd1,input.genrl2,0.00000
input.ibmgd2,input.genrl2,0.00000
input.ibmge1,input.genrl2,0.00460
input.ibmge2,input.genrl2,0.77846
input.ibms96a,input.genrl2,0.30927
input.ibms96b,input.genrl2,0.12993
input.INQ301,input.genrl2,0.68112
input.INQ302,input.genrl2,0.00000
input.KUSG2,input.genrl2,0.00030
input.KUSG3,input.genrl2,0.00033
input.LNaDesc1,input.genrl2,0.06282
input.LNaDesc2,input.genrl2,0.03051
input.LNmFull1,input.genrl2,0.02312
input.LNmFull2,input.genrl2,0.01365
input.mds001,input.genrl2,0.69704
input.mds002,input.genrl2,0.00563
input.mds003,input.genrl2,0.18694
input.pircsAAL,input.genrl2,0.26062
input.pircsAAS,input.genrl2,0.15970
input.pircsAM1,input.genrl2,0.24272
input.pircsAM2,input.genrl2,0.47531
input.uwgcx0,input.genrl2,0.00001
input.uwgcx1,input.genrl2,0.00000
input.vtwnA1,input.genrl2,0.20960
input.vtwnB1,input.genrl2,0.35225
input.genrl4,input.genrl3,0.96573
input.gmu96au1,input.genrl3,0.00000
input.gmu96au2,input.genrl3,0.00000
input.gmu96ma1,input.genrl3,0.51644
input.gmu96ma2,input.genrl3,0.46220
input.ibmgd1,input.genrl3,0.00000
input.ibmgd2,input.genrl3,0.00000
input.ibmge1,input.genrl3,0.00000
input.ibmge2,input.genrl3,0.00350
input.ibms96a,input.genrl3,0.00026
input.ibms96b,input.genrl3,0.00003
input.INQ301,input.genrl3,0.00229
input.INQ302,input.genrl3,0.00000
input.KUSG2,input.genrl3,0.00000
input.KUSG3,input.genrl3,0.00000
input.LNaDesc1,input.genrl3,0.43619
input.LNaDesc2,input.genrl3,0.63424
input.LNmFull1,input.genrl3,0.71314
input.LNmFull2,input.genrl3,0.86284
input.mds001,input.genrl3,0.00246
input.mds002,input.genrl3,0.00000
input.mds003,input.genrl3,0.00008
input.pircsAAL,input.genrl3,0.12998
input.pircsAAS,input.genrl3,0.00005
input.pircsAM1,input.genrl3,0.00014
input.pircsAM2,input.genrl3,0.05420
input.uwgcx0,input.genrl3,0.06918
input.uwgcx1,input.genrl3,0.04657
input.vtwnA1,input.genrl3,0.00010
input.vtwnB1,input.genrl3,0.00036
input.gmu96au1,input.genrl4,0.00000
input.gmu96au2,input.genrl4,0.00000
input.gmu96ma1,input.genrl4,0.54459
input.gmu96ma2,input.genrl4,0.48877
input.ibmgd1,input.genrl4,0.00000
input.ibmgd2,input.genrl4,0.00000
input.ibmge1,input.genrl4,0.00000
input.ibmge2,input.genrl4,0.00401
input.ibms96a,input.genrl4,0.00030
input.ibms96b,input.genrl4,0.00004
input.INQ301,input.genrl4,0.00264
input.INQ302,input.genrl4,0.00000
input.KUSG2,input.genrl4,0.00000
input.KUSG3,input.genrl4,0.00000
input.LNaDesc1,input.genrl4,0.46193
input.LNaDesc2,input.genrl4,0.66516
input.LNmFull1,input.genrl4,0.74542
input.LNmFull2,input.genrl4,0.89673
input.mds001,input.genrl4,0.00283
input.mds002,input.genrl4,0.00000
input.mds003,input.genrl4,0.00009
input.pircsAAL,input.genrl4,0.14123
input.pircsAAS,input.genrl4,0.00006
input.pircsAM1,input.genrl4,0.00017
input.pircsAM2,input.genrl4,0.05980
input.uwgcx0,input.genrl4,0.06285
input.uwgcx1,input.genrl4,0.04203
input.vtwnA1,input.genrl4,0.00012
input.vtwnB1,input.genrl4,0.00042
input.gmu96au2,input.gmu96au1,0.98281
input.gmu96ma1,input.gmu96au1,0.00000
input.gmu96ma2,input.gmu96au1,0.00000
input.ibmgd1,input.gmu96au1,0.00118
input.ibmgd2,input.gmu96au1,0.00000
input.ibmge1,input.gmu96au1,0.63415
input.ibmge2,input.gmu96au1,0.00246
input.ibms96a,input.gmu96au1,0.02185
input.ibms96b,input.gmu96au1,0.07259
input.INQ301,input.gmu96au1,0.00375
input.INQ302,input.gmu96au1,0.00000
input.KUSG2,input.gmu96au1,0.76203
input.KUSG3,input.gmu96au1,0.77846
input.LNaDesc1,input.gmu96au1,0.00000
input.LNaDesc2,input.gmu96au1,0.00000
input.LNmFull1,input.gmu96au1,0.00000
input.LNmFull2,input.gmu96au1,0.00000
input.mds001,input.gmu96au1,0.00350
input.mds002,input.gmu96au1,0.58856
input.mds003,input.gmu96au1,0.04658
input.pircsAAL,input.gmu96au1,0.00001
input.pircsAAS,input.gmu96au1,0.05695
input.pircsAM1,input.gmu96au1,0.03223
input.pircsAM2,input.gmu96au1,0.00006
input.uwgcx0,input.gmu96au1,0.00000
input.uwgcx1,input.gmu96au1,0.00000
input.vtwnA1,input.gmu96au1,0.03987
input.vtwnB1,input.gmu96au1,0.01733
input.gmu96ma1,input.gmu96au2,0.00000
input.gmu96ma2,input.gmu96au2,0.00000
input.ibmgd1,input.gmu96au2,0.00109
input.ibmgd2,input.gmu96au2,0.00000
input.ibmge1,input.gmu96au2,0.64958
input.ibmge2,input.gmu96au2,0.00264
input.ibms96a,input.gmu96au2,0.02312
input.ibms96b,input.gmu96au2,0.07609
input.INQ301,input.gmu96au2,0.00401
input.INQ302,input.gmu96au2,0.00000
input.KUSG2,input.gmu96au2,0.74567
input.KUSG3,input.gmu96au2,0.76198
input.LNaDesc1,input.gmu96au2,0.00000
input.LNaDesc2,input.gmu96au2,0.00000
input.LNmFull1,input.gmu96au2,0.00000
input.LNmFull2,input.gmu96au2,0.00000
input.mds001,input.gmu96au2,0.00374
input.mds002,input.gmu96au2,0.60350
input.mds003,input.gmu96au2,0.04901
input.pircsAAL,input.gmu96au2,0.00001
input.pircsAAS,input.gmu96au2,0.05981
input.pircsAM1,input.gmu96au2,0.03401
input.pircsAM2,input.gmu96au2,0.00006
input.uwgcx0,input.gmu96au2,0.00000
input.uwgcx1,input.gmu96au2,0.00000
input.vtwnA1,input.gmu96au2,0.04200
input.vtwnB1,input.gmu96au2,0.01837
input.gmu96ma2,input.gmu96ma1,0.93117
input.ibmgd1,input.gmu96ma1,0.00000
input.ibmgd2,input.gmu96ma1,0.00000
input.ibmge1,input.gmu96ma1,0.00000
input.ibmge2,input.gmu96ma1,0.02311
input.ibms96a,input.gmu96ma1,0.00264
input.ibms96b,input.gmu96ma1,0.00046
input.INQ301,input.gmu96ma1,0.01634
input.INQ302,input.gmu96ma1,0.00000
input.KUSG2,input.gmu96ma1,0.00000
input.KUSG3,input.gmu96ma1,0.00000
input.LNaDesc1,input.gmu96ma1,0.89673
input.LNaDesc2,input.gmu96ma1,0.86259
input.LNmFull1,input.gmu96ma1,0.77856
input.LNmFull2,input.gmu96ma1,0.63401
input.mds001,input.gmu96ma1,0.01733
input.mds002,input.gmu96ma1,0.00000
input.mds003,input.gmu96ma1,0.00093
input.pircsAAL,input.gmu96ma1,0.38685
input.pircsAAS,input.gmu96ma1,0.00068
input.pircsAM1,input.gmu96ma1,0.00159
input.pircsAM2,input.gmu96ma1,0.20181
input.uwgcx0,input.gmu96ma1,0.01366
input.uwgcx1,input.gmu96ma1,0.00831
input.vtwnA1,input.gmu96ma1,0.00117
input.vtwnB1,input.gmu96ma1,0.00349
input.ibmgd1,input.gmu96ma2,0.00000
input.ibmgd2,input.gmu96ma2,0.00000
input.ibmge1,input.gmu96ma2,0.00000
input.ibmge2,input.gmu96ma2,0.02887
input.ibms96a,input.gmu96ma2,0.00349
input.ibms96b,input.gmu96ma2,0.00063
input.INQ301,input.gmu96ma2,0.02062
input.INQ302,input.gmu96ma2,0.00000
input.KUSG2,input.gmu96ma2,0.00000
input.KUSG3,input.gmu96ma2,0.00000
input.LNaDesc1,input.gmu96ma2,0.96537
input.LNaDesc2,input.gmu96ma2,0.79528
input.LNmFull1,input.gmu96ma2,0.71319
input.LNmFull2,input.gmu96ma2,0.57380
input.mds001,input.gmu96ma2,0.02184
input.mds002,input.gmu96ma2,0.00000
input.mds003,input.gmu96ma2,0.00127
input.pircsAAL,input.gmu96ma2,0.43600
input.pircsAAS,input.gmu96ma2,0.00093
input.pircsAM1,input.gmu96ma2,0.00213
input.pircsAM2,input.gmu96ma2,0.23404
input.uwgcx0,input.gmu96ma2,0.01070
input.uwgcx1,input.gmu96ma2,0.00642
input.vtwnA1,input.gmu96ma2,0.00159
input.vtwnB1,input.gmu96ma2,0.00459
input.ibmgd2,input.ibmgd1,0.17980
input.ibmge1,input.ibmgd1,0.00020
input.ibmge2,input.ibmgd1,0.00000
input.ibms96a,input.ibmgd1,0.00000
input.ibms96b,input.ibmgd1,0.00000
input.INQ301,input.ibmgd1,0.00000
input.INQ302,input.ibmgd1,0.01365
input.KUSG2,input.ibmgd1,0.00326
input.KUSG3,input.ibmgd1,0.00304
input.LNaDesc1,input.ibmgd1,0.00000
input.LNaDesc2,input.ibmgd1,0.00000
input.LNmFull1,input.ibmgd1,0.00000
input.LNmFull2,input.ibmgd1,0.00000
input.mds001,input.ibmgd1,0.00000
input.mds002,input.ibmgd1,0.00015
input.mds003,input.ibmgd1,0.00000
input.pircsAAL,input.ibmgd1,0.00000
input.pircsAAS,input.ibmgd1,0.00000
input.pircsAM1,input.ibmgd1,0.00000
input.pircsAM2,input.ibmgd1,0.00000
input.uwgcx0,input.ibmgd1,0.00000
input.uwgcx1,input.ibmgd1,0.00000
input.vtwnA1,input.ibmgd1,0.00000
input.vtwnB1,input.ibmgd1,0.00000
input.ibmge1,input.ibmgd2,0.00000
input.ibmge2,input.ibmgd2,0.00000
input.ibms96a,input.ibmgd2,0.00000
input.ibms96b,input.ibmgd2,0.00000
input.INQ301,input.ibmgd2,0.00000
input.INQ302,input.ibmgd2,0.26064
input.KUSG2,input.ibmgd2,0.00002
input.KUSG3,input.ibmgd2,0.00002
input.LNaDesc1,input.ibmgd2,0.00000
input.LNaDesc2,input.ibmgd2,0.00000
input.LNmFull1,input.ibmgd2,0.00000
input.LNmFull2,input.ibmgd2,0.00000
input.mds001,input.ibmgd2,0.00000
input.mds002,input.ibmgd2,0.00000
input.mds003,input.ibmgd2,0.00000
input.pircsAAL,input.ibmgd2,0.00000
input.pircsAAS,input.ibmgd2,0.00000
input.pircsAM1,input.ibmgd2,0.00000
input.pircsAM2,input.ibmgd2,0.00000
input.uwgcx0,input.ibmgd2,0.00000
input.uwgcx1,input.ibmgd2,0.00000
input.vtwnA1,input.ibmgd2,0.00000
input.vtwnB1,input.ibmgd2,0.00000
input.ibmge2,input.ibmge1,0.01069
input.ibms96a,input.ibmge1,0.06920
input.ibms96b,input.ibmge1,0.18700
input.INQ301,input.ibmge1,0.01540
input.INQ302,input.ibmge1,0.00000
input.KUSG2,input.ibmge1,0.43615
input.KUSG3,input.ibmge1,0.44892
input.LNaDesc1,input.ibmge1,0.00000
input.LNaDesc2,input.ibmge1,0.00000
input.LNmFull1,input.ibmge1,0.00000
input.LNmFull2,input.ibmge1,0.00000
input.mds001,input.ibmge1,0.01450
input.mds002,input.ibmge1,0.94815
input.mds003,input.ibmge1,0.12998
input.pircsAAL,input.ibmge1,0.00008
input.pircsAAS,input.ibmge1,0.15335
input.pircsAM1,input.ibmge1,0.09578
input.pircsAM2,input.ibmge1,0.00039
input.uwgcx0,input.ibmge1,0.00000
input.uwgcx1,input.ibmge1,0.00000
input.vtwnA1,input.ibmge1,0.11429
input.vtwnB1,input.ibmge1,0.05696
input.ibms96a,input.ibmge2,0.46208
input.ibms96b,input.ibmge2,0.21756
input.INQ301,input.ibmge2,0.89688
input.INQ302,input.ibmge2,0.00000
input.KUSG2,input.ibmge2,0.00086
input.KUSG3,input.ibmge2,0.00093
input.LNaDesc1,input.ibmge2,0.03221
input.LNaDesc2,input.ibmge2,0.01450
input.LNmFull1,input.ibmge2,0.01069
input.LNmFull2,input.ibmge2,0.00600
input.mds001,input.ibmge2,0.91400
input.mds002,input.ibmge2,0.01286
input.mds003,input.ibmge2,0.29910
input.pircsAAL,input.ibmge2,0.15965
input.pircsAAS,input.ibmge2,0.26070
input.pircsAM1,input.ibmge2,0.37514
input.pircsAM2,input.ibmge2,0.31964
input.uwgcx0,input.ibmge2,0.00000
input.uwgcx1,input.ibmge2,0.00000
input.vtwnA1,input.ibmge2,0.33039
input.vtwnB1,input.ibmge2,0.51640
input.ibms96b,input.ibms96a,0.61874
input.INQ301,input.ibms96a,0.54464
input.INQ302,input.ibms96a,0.00000
input.KUSG2,input.ibms96a,0.00944
input.KUSG3,input.ibms96a,0.01004
input.LNaDesc1,input.ibms96a,0.00401
input.LNaDesc2,input.ibms96a,0.00147
input.LNmFull1,input.ibms96a,0.00101
input.LNmFull2,input.ibms96a,0.00050
input.mds001,input.ibms96a,0.53038
input.mds002,input.ibms96a,0.07976
input.mds003,input.ibms96a,0.76193
input.pircsAAL,input.ibms96a,0.03222
input.pircsAAS,input.ibms96a,0.69704
input.pircsAM1,input.ibms96a,0.87960
input.pircsAM2,input.ibms96a,0.08352
input.uwgcx0,input.ibms96a,0.00000
input.uwgcx1,input.ibms96a,0.00000
input.vtwnA1,input.ibms96a,0.81195
input.vtwnB1,input.ibms96a,0.93106
input.INQ301,input.ibms96b,0.26983
input.INQ302,input.ibms96b,0.00000
input.KUSG2,input.ibms96b,0.03589
input.KUSG3,input.ibms96b,0.03783
input.LNaDesc1,input.ibms96b,0.00074
input.LNaDesc2,input.ibms96b,0.00024
input.LNmFull1,input.ibms96b,0.00015
input.LNmFull2,input.ibms96b,0.00007
input.mds001,input.ibms96b,0.26056
input.mds002,input.ibms96b,0.20967
input.mds003,input.ibms96b,0.84563
input.pircsAAL,input.ibms96b,0.00831
input.pircsAAS,input.ibms96b,0.91375
input.pircsAM1,input.ibms96b,0.72922
input.pircsAM2,input.ibms96b,0.02586
input.uwgcx0,input.ibms96b,0.00000
input.uwgcx1,input.ibms96b,0.00000
input.vtwnA1,input.ibms96b,0.79508
input.vtwnB1,input.ibms96b,0.55912
input.INQ302,input.INQ301,0.00000
input.KUSG2,input.INQ301,0.00137
input.KUSG3,input.INQ301,0.00147
input.LNaDesc1,input.INQ301,0.02312
input.LNaDesc2,input.INQ301,0.01004
input.LNmFull1,input.INQ301,0.00731
input.LNmFull2,input.INQ301,0.00401
input.mds001,input.INQ301,0.98276
input.mds002,input.INQ301,0.01838
input.mds003,input.INQ301,0.36348
input.pircsAAL,input.INQ301,0.12457
input.pircsAAS,input.INQ301,0.31967
input.pircsAM1,input.INQ301,0.44888
input.pircsAM2,input.INQ301,0.26067
input.uwgcx0,input.INQ301,0.00000
input.uwgcx1,input.INQ301,0.00000
input.vtwnA1,input.INQ301,0.39882
input.vtwnB1,input.INQ301,0.60354
input.KUSG2,input.INQ302,0.00000
input.KUSG3,input.INQ302,0.00000
input.LNaDesc1,input.INQ302,0.00000
input.LNaDesc2,input.INQ302,0.00000
input.LNmFull1,input.INQ302,0.00000
input.LNmFull2,input.INQ302,0.00000
input.mds001,input.INQ302,0.00000
input.mds002,input.INQ302,0.00000
input.mds003,input.INQ302,0.00000
input.pircsAAL,input.INQ302,0.00000
input.pircsAAS,input.INQ302,0.00000
input.pircsAM1,input.INQ302,0.00000
input.pircsAM2,input.INQ302,0.00000
input.uwgcx0,input.INQ302,0.00000
input.uwgcx1,input.INQ302,0.00000
input.vtwnA1,input.INQ302,0.00000
input.vtwnB1,input.INQ302,0.00000
input.KUSG3,input.KUSG2,0.98286
input.LNaDesc1,input.KUSG2,0.00000
input.LNaDesc2,input.KUSG2,0.00000
input.LNmFull1,input.KUSG2,0.00000
input.LNmFull2,input.KUSG2,0.00000
input.mds001,input.KUSG2,0.00127
input.mds002,input.KUSG2,0.39882
input.mds003,input.KUSG2,0.02185
input.pircsAAL,input.KUSG2,0.00000
input.pircsAAS,input.KUSG2,0.02735
input.pircsAM1,input.KUSG2,0.01451
input.pircsAM2,input.KUSG2,0.00002
input.uwgcx0,input.KUSG2,0.00000
input.uwgcx1,input.KUSG2,0.00000
input.vtwnA1,input.KUSG2,0.01838
input.vtwnB1,input.KUSG2,0.00731
input.LNaDesc1,input.KUSG3,0.00000
input.LNaDesc2,input.KUSG3,0.00000
input.LNmFull1,input.KUSG3,0.00000
input.LNmFull2,input.KUSG3,0.00000
input.mds001,input.KUSG3,0.00137
input.mds002,input.KUSG3,0.41093
input.mds003,input.KUSG3,0.02312
input.pircsAAL,input.KUSG3,0.00000
input.pircsAAS,input.KUSG3,0.02889
input.pircsAM1,input.KUSG3,0.01540
input.pircsAM2,input.KUSG3,0.00002
input.uwgcx0,input.KUSG3,0.00000
input.uwgcx1,input.KUSG3,0.00000
input.vtwnA1,input.KUSG3,0.01947
input.vtwnB1,input.KUSG3,0.00779
input.LNaDesc2,input.LNaDesc1,0.76198
input.LNmFull1,input.LNaDesc1,0.68108
input.LNmFull2,input.LNaDesc1,0.54459
input.mds001,input.LNaDesc1,0.02446
input.mds002,input.LNaDesc1,0.00000
input.mds003,input.LNaDesc1,0.00147
input.pircsAAL,input.LNaDesc1,0.46201
input.pircsAAS,input.LNaDesc1,0.00109
input.pircsAM1,input.LNaDesc1,0.00246
input.pircsAM2,input.LNaDesc1,0.25154
input.uwgcx0,input.LNaDesc1,0.00943
input.uwgcx1,input.LNaDesc1,0.00563
input.vtwnA1,input.LNaDesc1,0.00184
input.vtwnB1,input.LNaDesc1,0.00526
input.LNmFull1,input.LNaDesc2,0.91390
input.LNmFull2,input.LNaDesc2,0.76188
input.mds001,input.LNaDesc2,0.01069
input.mds002,input.LNaDesc2,0.00000
input.mds003,input.LNaDesc2,0.00050
input.pircsAAL,input.LNaDesc2,0.29907
input.pircsAAS,input.LNaDesc2,0.00036
input.pircsAM1,input.LNaDesc2,0.00086
input.pircsAM2,input.LNaDesc2,0.14720
input.uwgcx0,input.LNaDesc2,0.02185
input.uwgcx1,input.LNaDesc2,0.01366
input.vtwnA1,input.LNaDesc2,0.00063
input.vtwnB1,input.LNaDesc2,0.00198
input.LNmFull2,input.LNmFull1,0.84548
input.mds001,input.LNmFull1,0.00780
input.mds002,input.LNmFull1,0.00000
input.mds003,input.LNmFull1,0.00033
input.pircsAAL,input.LNmFull1,0.25157
input.pircsAAS,input.LNmFull1,0.00024
input.pircsAM1,input.LNmFull1,0.00058
input.pircsAM2,input.LNmFull1,0.11933
input.uwgcx0,input.LNmFull1,0.02890
input.uwgcx1,input.LNmFull1,0.01838
input.vtwnA1,input.LNmFull1,0.00042
input.vtwnB1,input.LNmFull1,0.00137
input.mds001,input.LNmFull2,0.00429
input.mds002,input.LNmFull2,0.00000
input.mds003,input.LNmFull2,0.00015
input.pircsAAL,input.LNmFull2,0.17978
input.pircsAAS,input.LNmFull2,0.00011
input.pircsAM1,input.LNmFull2,0.00028
input.pircsAM2,input.LNmFull2,0.07969
input.uwgcx0,input.LNmFull2,0.04659
input.uwgcx1,input.LNmFull2,0.03054
input.vtwnA1,input.LNmFull2,0.00020
input.vtwnB1,input.LNmFull2,0.00068
input.mds002,input.mds001,0.01733
input.mds003,input.mds001,0.35218
input.pircsAAL,input.mds001,0.12996
input.pircsAAS,input.mds001,0.30927
input.pircsAM1,input.mds001,0.43604
input.pircsAM2,input.mds001,0.26994
input.uwgcx0,input.mds001,0.00000
input.uwgcx1,input.mds001,0.00000
input.vtwnA1,input.mds001,0.38685
input.vtwnB1,input.mds001,0.58856
input.mds003,input.mds002,0.14729
input.pircsAAL,input.mds002,0.00010
input.pircsAAS,input.mds002,0.17295
input.pircsAM1,input.mds002,0.10946
input.pircsAM2,input.mds002,0.00050
input.uwgcx0,input.mds002,0.00000
input.uwgcx1,input.mds002,0.00000
input.vtwnA1,input.mds002,0.12998
input.vtwnB1,input.mds002,0.06597
input.pircsAAL,input.mds003,0.01450
input.pircsAAS,input.mds003,0.93117
input.pircsAM1,input.mds003,0.87960
input.pircsAM2,input.mds003,0.04200
input.uwgcx0,input.mds003,0.00000
input.uwgcx1,input.mds003,0.00000
input.vtwnA1,input.mds003,0.94815
input.vtwnB1,input.mds003,0.69694
input.pircsAAS,input.pircsAAL,0.01137
input.pircsAM1,input.pircsAAL,0.02184
input.pircsAM2,input.pircsAAL,0.68103
input.uwgcx0,input.pircsAAL,0.00086
input.uwgcx1,input.pircsAAL,0.00046
input.vtwnA1,input.pircsAAL,0.01733
input.vtwnB1,input.pircsAAL,0.03986
input.pircsAM1,input.pircsAAS,0.81200
input.pircsAM2,input.pircsAAS,0.03401
input.uwgcx0,input.pircsAAS,0.00000
input.uwgcx1,input.pircsAAS,0.00000
input.vtwnA1,input.pircsAAS,0.87966
input.vtwnB1,input.pircsAAS,0.63420
input.pircsAM2,input.pircsAM1,0.05982
input.uwgcx0,input.pircsAM1,0.00000
input.uwgcx1,input.pircsAM1,0.00000
input.vtwnA1,input.pircsAM1,0.93111
input.vtwnB1,input.pircsAM1,0.81190
input.uwgcx0,input.pircsAM2,0.00018
input.uwgcx1,input.pircsAM2,0.00009
input.vtwnA1,input.pircsAM2,0.04901
input.vtwnB1,input.pircsAM2,0.10015
input.uwgcx1,input.uwgcx0,0.86269
input.vtwnA1,input.uwgcx0,0.00000
input.vtwnB1,input.uwgcx0,0.00000
input.vtwnA1,input.uwgcx1,0.00000
input.vtwnB1,input.uwgcx1,0.00000
input.vtwnB1,input.vtwnA1,0.74562
