input.aiatB1,input.aiatA1,0.00400
input.anu6alo1,input.aiatA1,0.00013
input.anu6ash1,input.aiatA1,0.71661
input.anu6min1,input.aiatA1,0.00000
input.att97ac,input.aiatA1,0.73155
input.att97ae,input.aiatA1,0.90683
input.att97as,input.aiatA1,0.10095
input.Brkly21,input.aiatA1,0.70807
input.Brkly22,input.aiatA1,0.00820
input.Brkly23,input.aiatA1,0.00662
input.city6ad,input.aiatA1,0.26893
input.city6al,input.aiatA1,0.05034
input.city6at,input.aiatA1,0.00330
input.CLAUG,input.aiatA1,0.00000
input.CLREL,input.aiatA1,0.00000
input.Cor6A1cls,input.aiatA1,0.87231
input.Cor6A2qtcs,input.aiatA1,0.80276
input.Cor6A3cll,input.aiatA1,0.00980
input.csiro97a1,input.aiatA1,0.66288
input.csiro97a2,input.aiatA1,0.13145
input.csiro97a3,input.aiatA1,0.75528
input.DCU97lnt,input.aiatA1,0.00000
input.DCU97lt,input.aiatA1,0.00014
input.DCU97snt,input.aiatA1,0.11361
input.DCU97vs,input.aiatA1,0.51536
input.fsclt6,input.aiatA1,0.02817
input.fsclt6r,input.aiatA1,0.06001
input.fsclt6t,input.aiatA1,0.00038
input.gerua1,input.aiatA1,0.00000
input.gerua2,input.aiatA1,0.00000
input.gerua3,input.aiatA1,0.07707
input.glair61,input.aiatA1,0.43573
input.glair62,input.aiatA1,0.93713
input.glair64,input.aiatA1,0.00022
input.gmu97au1,input.aiatA1,0.42310
input.gmu97au2,input.aiatA1,0.51099
input.gmu97ma1,input.aiatA1,0.74210
input.gmu97ma2,input.aiatA1,0.00000
input.harris1,input.aiatA1,0.44426
input.ibmg97a,input.aiatA1,0.90716
input.ibmg97b,input.aiatA1,0.05641
input.ibms97a,input.aiatA1,0.42951
input.INQ401,input.aiatA1,0.23793
input.INQ402,input.aiatA1,0.05336
input.ispa1,input.aiatA1,0.00000
input.ispa2,input.aiatA1,0.00000
input.iss97man,input.aiatA1,0.02616
input.iss97s,input.aiatA1,0.00020
input.iss97vs,input.aiatA1,0.27690
input.jalbse,input.aiatA1,0.00000
input.jalbse0,input.aiatA1,0.00000
input.LNaShort,input.aiatA1,0.01594
input.LNaVryShort,input.aiatA1,0.21436
input.LNmShort,input.aiatA1,0.00000
input.mds601,input.aiatA1,0.86430
input.mds602,input.aiatA1,0.09526
input.mds603,input.aiatA1,0.47044
input.Mercure1,input.aiatA1,0.00020
input.Mercure2,input.aiatA1,0.10894
input.Mercure3,input.aiatA1,0.00789
input.nmsu1,input.aiatA1,0.00000
input.nmsu2,input.aiatA1,0.00000
input.nsasg1,input.aiatA1,0.62128
input.nsasg2,input.aiatA1,0.07373
input.pirc7Aa,input.aiatA1,0.00811
input.pirc7Ad,input.aiatA1,0.90145
input.pirc7At,input.aiatA1,0.05074
input.umcpa197,input.aiatA1,0.58406
input.uwmt6a0,input.aiatA1,0.00000
input.uwmt6a1,input.aiatA1,0.01207
input.uwmt6a2,input.aiatA1,0.36910
input.VrtyAH6a,input.aiatA1,0.70492
input.VrtyAH6b,input.aiatA1,0.19166
input.anu6alo1,input.aiatB1,0.34540
input.anu6ash1,input.aiatB1,0.01188
input.anu6min1,input.aiatB1,0.00193
input.att97ac,input.aiatB1,0.01123
input.att97ae,input.aiatB1,0.00575
input.att97as,input.aiatB1,0.21562
input.Brkly21,input.aiatB1,0.01228
input.Brkly22,input.aiatB1,0.81426
input.Brkly23,input.aiatB1,0.87031
input.city6ad,input.aiatB1,0.07623
input.city6al,input.aiatB1,0.35679
input.city6at,input.aiatB1,0.95198
input.CLAUG,input.aiatB1,0.00002
input.CLREL,input.aiatB1,0.00001
input.Cor6A1cls,input.aiatB1,0.00657
input.Cor6A2qtcs,input.aiatB1,0.00857
input.Cor6A3cll,input.aiatB1,0.76756
input.csiro97a1,input.aiatB1,0.00092
input.csiro97a2,input.aiatB1,0.00001
input.csiro97a3,input.aiatB1,0.00142
input.DCU97lnt,input.aiatB1,0.00000
input.DCU97lt,input.aiatB1,0.00000
input.DCU97snt,input.aiatB1,0.00001
input.DCU97vs,input.aiatB1,0.02588
input.fsclt6,input.aiatB1,0.49423
input.fsclt6r,input.aiatB1,0.31837
input.fsclt6t,input.aiatB1,0.00000
input.gerua1,input.aiatB1,0.04593
input.gerua2,input.aiatB1,0.00343
input.gerua3,input.aiatB1,0.00000
input.glair61,input.aiatB1,0.03581
input.glair62,input.aiatB1,0.00310
input.glair64,input.aiatB1,0.00000
input.gmu97au1,input.aiatB1,0.03776
input.gmu97au2,input.aiatB1,0.02633
input.gmu97ma1,input.aiatB1,0.00134
input.gmu97ma2,input.aiatB1,0.00000
input.harris1,input.aiatB1,0.03456
input.ibmg97a,input.aiatB1,0.00575
input.ibmg97b,input.aiatB1,0.33171
input.ibms97a,input.aiatB1,0.03675
input.INQ401,input.aiatB1,0.08944
input.INQ402,input.aiatB1,0.34389
input.ispa1,input.aiatB1,0.00000
input.ispa2,input.aiatB1,0.00000
input.iss97man,input.aiatB1,0.51263
input.iss97s,input.aiatB1,0.00000
input.iss97vs,input.aiatB1,0.07325
input.jalbse,input.aiatB1,0.00000
input.jalbse0,input.aiatB1,0.00000
input.LNaShort,input.aiatB1,0.63967
input.LNaVryShort,input.aiatB1,0.10165
input.LNmShort,input.aiatB1,0.00886
input.mds601,input.aiatB1,0.00229
input.mds602,input.aiatB1,0.22617
input.mds603,input.aiatB1,0.00032
input.Mercure1,input.aiatB1,0.40087
input.Mercure2,input.aiatB1,0.20210
input.Mercure3,input.aiatB1,0.82448
input.nmsu1,input.aiatB1,0.00000
input.nmsu2,input.aiatB1,0.00000
input.nsasg1,input.aiatB1,0.00074
input.nsasg2,input.aiatB1,0.00000
input.pirc7Aa,input.aiatB1,0.81723
input.pirc7Ad,input.aiatB1,0.00587
input.pirc7At,input.aiatB1,0.35503
input.umcpa197,input.aiatB1,0.00061
input.uwmt6a0,input.aiatB1,0.00000
input.uwmt6a1,input.aiatB1,0.71249
input.uwmt6a2,input.aiatB1,0.04766
input.VrtyAH6a,input.aiatB1,0.01242
input.VrtyAH6b,input.aiatB1,0.11575
input.anu6ash1,input.anu6alo1,0.00054
input.anu6min1,input.anu6alo1,0.03099
input.att97ac,input.anu6alo1,0.00050
input.att97ae,input.anu6alo1,0.00021
input.att97as,input.anu6alo1,0.02912
input.Brkly21,input.anu6alo1,0.00057
input.Brkly22,input.anu6alo1,0.23861
input.Brkly23,input.anu6alo1,0.26838
input.city6ad,input.anu6alo1,0.00660
input.city6al,input.anu6alo1,0.06218
input.city6at,input.anu6alo1,0.37706
input.CLAUG,input.anu6alo1,0.00078
input.CLREL,input.anu6alo1,0.00071
input.Cor6A1cls,input.anu6alo1,0.00025
input.Cor6A2qtcs,input.anu6alo1,0.00035
input.Cor6A3cll,input.anu6alo1,0.21530
input.csiro97a1,input.anu6alo1,0.00002
input.csiro97a2,input.anu6alo1,0.00000
input.csiro97a3,input.anu6alo1,0.00004
input.DCU97lnt,input.anu6alo1,0.00000
input.DCU97lt,input.anu6alo1,0.00000
input.DCU97snt,input.anu6alo1,0.00000
input.DCU97vs,input.anu6alo1,0.00152
input.fsclt6,input.anu6alo1,0.10371
input.fsclt6r,input.anu6alo1,0.05221
input.fsclt6t,input.anu6alo1,0.00000
input.gerua1,input.anu6alo1,0.29256
input.gerua2,input.anu6alo1,0.04742
input.gerua3,input.anu6alo1,0.00000
input.glair61,input.anu6alo1,0.00234
input.glair62,input.anu6alo1,0.00010
input.glair64,input.anu6alo1,0.00000
input.gmu97au1,input.anu6alo1,0.00252
input.gmu97au2,input.anu6alo1,0.00155
input.gmu97ma1,input.anu6alo1,0.00003
input.gmu97ma2,input.anu6alo1,0.00000
input.harris1,input.anu6alo1,0.00224
input.ibmg97a,input.anu6alo1,0.00021
input.ibmg97b,input.anu6alo1,0.05559
input.ibms97a,input.anu6alo1,0.00243
input.INQ401,input.anu6alo1,0.00824
input.INQ402,input.anu6alo1,0.05875
input.ispa1,input.anu6alo1,0.00000
input.ispa2,input.anu6alo1,0.00000
input.iss97man,input.anu6alo1,0.10998
input.iss97s,input.anu6alo1,0.00000
input.iss97vs,input.anu6alo1,0.00624
input.jalbse,input.anu6alo1,0.00000
input.jalbse0,input.anu6alo1,0.00000
input.LNaShort,input.anu6alo1,0.15804
input.LNaVryShort,input.anu6alo1,0.00987
input.LNmShort,input.anu6alo1,0.09417
input.mds601,input.anu6alo1,0.00007
input.mds602,input.anu6alo1,0.03125
input.mds603,input.anu6alo1,0.00001
input.Mercure1,input.anu6alo1,0.91759
input.Mercure2,input.anu6alo1,0.02648
input.Mercure3,input.anu6alo1,0.24389
input.nmsu1,input.anu6alo1,0.00000
input.nmsu2,input.anu6alo1,0.00000
input.nsasg1,input.anu6alo1,0.00002
input.nsasg2,input.anu6alo1,0.00000
input.pirc7Aa,input.anu6alo1,0.24013
input.pirc7Ad,input.anu6alo1,0.00022
input.pirc7At,input.anu6alo1,0.06170
input.umcpa197,input.anu6alo1,0.00001
input.uwmt6a0,input.anu6alo1,0.00017
input.uwmt6a1,input.anu6alo1,0.18950
input.uwmt6a2,input.anu6alo1,0.00346
input.VrtyAH6a,input.anu6alo1,0.00057
input.VrtyAH6b,input.anu6alo1,0.01186
input.anu6min1,input.anu6ash1,0.00000
input.att97ac,input.anu6ash1,0.98410
input.att97ae,input.anu6ash1,0.80572
input.att97as,input.anu6ash1,0.20150
input.Brkly21,input.anu6ash1,0.99086
input.Brkly22,input.anu6ash1,0.02257
input.Brkly23,input.anu6ash1,0.01866
input.city6ad,input.anu6ash1,0.45776
input.city6al,input.anu6ash1,0.11092
input.city6at,input.anu6ash1,0.01000
input.CLAUG,input.anu6ash1,0.00000
input.CLREL,input.anu6ash1,0.00000
input.Cor6A1cls,input.anu6ash1,0.83970
input.Cor6A2qtcs,input.anu6ash1,0.90985
input.Cor6A3cll,input.anu6ash1,0.02642
input.csiro97a1,input.anu6ash1,0.42433
input.csiro97a2,input.anu6ash1,0.06129
input.csiro97a3,input.anu6ash1,0.49988
input.DCU97lnt,input.anu6ash1,0.00000
input.DCU97lt,input.anu6ash1,0.00003
input.DCU97snt,input.anu6ash1,0.05175
input.DCU97vs,input.anu6ash1,0.77372
input.fsclt6,input.anu6ash1,0.06696
input.fsclt6r,input.anu6ash1,0.12908
input.fsclt6t,input.anu6ash1,0.00009
input.gerua1,input.anu6ash1,0.00001
input.gerua2,input.anu6ash1,0.00000
input.gerua3,input.anu6ash1,0.03310
input.glair61,input.anu6ash1,0.67709
input.glair62,input.anu6ash1,0.65858
input.glair64,input.anu6ash1,0.00005
input.gmu97au1,input.anu6ash1,0.66134
input.gmu97au2,input.anu6ash1,0.76853
input.gmu97ma1,input.anu6ash1,0.48889
input.gmu97ma2,input.anu6ash1,0.00000
input.harris1,input.anu6ash1,0.68767
input.ibmg97a,input.anu6ash1,0.80539
input.ibmg97b,input.anu6ash1,0.12238
input.ibms97a,input.anu6ash1,0.66936
input.INQ401,input.anu6ash1,0.41383
input.INQ402,input.anu6ash1,0.11664
input.ispa1,input.anu6ash1,0.00000
input.ispa2,input.anu6ash1,0.00000
input.iss97man,input.anu6ash1,0.06277
input.iss97s,input.anu6ash1,0.00004
input.iss97vs,input.anu6ash1,0.46888
input.jalbse,input.anu6ash1,0.00000
input.jalbse0,input.anu6ash1,0.00000
input.LNaShort,input.anu6ash1,0.04062
input.LNaVryShort,input.anu6ash1,0.37959
input.LNmShort,input.anu6ash1,0.00000
input.mds601,input.anu6ash1,0.59341
input.mds602,input.anu6ash1,0.19180
input.mds603,input.anu6ash1,0.27803
input.Mercure1,input.anu6ash1,0.00079
input.Mercure2,input.anu6ash1,0.21499
input.Mercure3,input.anu6ash1,0.02180
input.nmsu1,input.anu6ash1,0.00000
input.nmsu2,input.anu6ash1,0.00000
input.nsasg1,input.anu6ash1,0.39143
input.nsasg2,input.anu6ash1,0.03145
input.pirc7Aa,input.anu6ash1,0.02235
input.pirc7Ad,input.anu6ash1,0.81097
input.pirc7At,input.anu6ash1,0.11169
input.umcpa197,input.anu6ash1,0.36258
input.uwmt6a0,input.anu6ash1,0.00000
input.uwmt6a1,input.anu6ash1,0.03179
input.uwmt6a2,input.anu6ash1,0.59253
input.VrtyAH6a,input.anu6ash1,0.98748
input.VrtyAH6b,input.anu6ash1,0.34584
input.att97ac,input.anu6min1,0.00000
input.att97ae,input.anu6min1,0.00000
input.att97as,input.anu6min1,0.00001
input.Brkly21,input.anu6min1,0.00000
input.Brkly22,input.anu6min1,0.00085
input.Brkly23,input.anu6min1,0.00110
input.city6ad,input.anu6min1,0.00000
input.city6al,input.anu6min1,0.00006
input.city6at,input.anu6min1,0.00236
input.CLAUG,input.anu6min1,0.22911
input.CLREL,input.anu6min1,0.21925
input.Cor6A1cls,input.anu6min1,0.00000
input.Cor6A2qtcs,input.anu6min1,0.00000
input.Cor6A3cll,input.anu6min1,0.00068
input.csiro97a1,input.anu6min1,0.00000
input.csiro97a2,input.anu6min1,0.00000
input.csiro97a3,input.anu6min1,0.00000
input.DCU97lnt,input.anu6min1,0.00000
input.DCU97lt,input.anu6min1,0.00000
input.DCU97snt,input.anu6min1,0.00000
input.DCU97vs,input.anu6min1,0.00000
input.fsclt6,input.anu6min1,0.00015
input.fsclt6r,input.anu6min1,0.00004
input.fsclt6t,input.anu6min1,0.00000
input.gerua1,input.anu6min1,0.26930
input.gerua2,input.anu6min1,0.86130
input.gerua3,input.anu6min1,0.00000
input.glair61,input.anu6min1,0.00000
input.glair62,input.anu6min1,0.00000
input.glair64,input.anu6min1,0.00000
input.gmu97au1,input.anu6min1,0.00000
input.gmu97au2,input.anu6min1,0.00000
input.gmu97ma1,input.anu6min1,0.00000
input.gmu97ma2,input.anu6min1,0.00000
input.harris1,input.anu6min1,0.00000
input.ibmg97a,input.anu6min1,0.00000
input.ibmg97b,input.anu6min1,0.00005
input.ibms97a,input.anu6min1,0.00000
input.INQ401,input.anu6min1,0.00000
input.INQ402,input.anu6min1,0.00005
input.ispa1,input.anu6min1,0.00000
input.ispa2,input.anu6min1,0.00000
input.iss97man,input.anu6min1,0.00017
input.iss97s,input.anu6min1,0.00000
input.iss97vs,input.anu6min1,0.00000
input.jalbse,input.anu6min1,0.00000
input.jalbse0,input.anu6min1,0.00000
input.LNaShort,input.anu6min1,0.00036
input.LNaVryShort,input.anu6min1,0.00000
input.LNmShort,input.anu6min1,0.62879
input.mds601,input.anu6min1,0.00000
input.mds602,input.anu6min1,0.00002
input.mds603,input.anu6min1,0.00000
input.Mercure1,input.anu6min1,0.02378
input.Mercure2,input.anu6min1,0.00001
input.Mercure3,input.anu6min1,0.00089
input.nmsu1,input.anu6min1,0.00000
input.nmsu2,input.anu6min1,0.00000
input.nsasg1,input.anu6min1,0.00000
input.nsasg2,input.anu6min1,0.00000
input.pirc7Aa,input.anu6min1,0.00086
input.pirc7Ad,input.anu6min1,0.00000
input.pirc7At,input.anu6min1,0.00006
input.umcpa197,input.anu6min1,0.00000
input.uwmt6a0,input.anu6min1,0.11054
input.uwmt6a1,input.anu6min1,0.00052
input.uwmt6a2,input.anu6min1,0.00000
input.VrtyAH6a,input.anu6min1,0.00000
input.VrtyAH6b,input.anu6min1,0.00000
input.att97ae,input.att97ac,0.82118
input.att97as,input.att97ac,0.19456
input.Brkly21,input.att97ac,0.97497
input.Brkly22,input.att97ac,0.02142
input.Brkly23,input.att97ac,0.01768
input.city6ad,input.att97ac,0.44578
input.city6al,input.att97ac,0.10653
input.city6at,input.att97ac,0.00944
input.CLAUG,input.att97ac,0.00000
input.CLREL,input.att97ac,0.00000
input.Cor6A1cls,input.att97ac,0.85531
input.Cor6A2qtcs,input.att97ac,0.92567
input.Cor6A3cll,input.att97ac,0.02510
input.csiro97a1,input.att97ac,0.43598
input.csiro97a2,input.att97ac,0.06410
input.csiro97a3,input.att97ac,0.51263
input.DCU97lnt,input.att97ac,0.00000
input.DCU97lt,input.att97ac,0.00003
input.DCU97snt,input.att97ac,0.05420
input.DCU97vs,input.att97ac,0.75850
input.fsclt6,input.att97ac,0.06404
input.fsclt6r,input.att97ac,0.12413
input.fsclt6t,input.att97ac,0.00010
input.gerua1,input.att97ac,0.00001
input.gerua2,input.att97ac,0.00000
input.gerua3,input.att97ac,0.03477
input.glair61,input.att97ac,0.66257
input.glair62,input.att97ac,0.67307
input.glair64,input.att97ac,0.00005
input.gmu97au1,input.att97ac,0.64696
input.gmu97au2,input.att97ac,0.75335
input.gmu97ma1,input.att97ac,0.50149
input.gmu97ma2,input.att97ac,0.00000
input.harris1,input.att97ac,0.67307
input.ibmg97a,input.att97ac,0.82085
input.ibmg97b,input.att97ac,0.11763
input.ibms97a,input.att97ac,0.65490
input.INQ401,input.att97ac,0.40254
input.INQ402,input.att97ac,0.11207
input.ispa1,input.att97ac,0.00000
input.ispa2,input.att97ac,0.00000
input.iss97man,input.att97ac,0.06001
input.iss97s,input.att97ac,0.00005
input.iss97vs,input.att97ac,0.45674
input.jalbse,input.att97ac,0.00000
input.jalbse0,input.att97ac,0.00000
input.LNaShort,input.att97ac,0.03870
input.LNaVryShort,input.att97ac,0.36887
input.LNmShort,input.att97ac,0.00000
input.mds601,input.att97ac,0.60728
input.mds602,input.att97ac,0.18510
input.mds603,input.att97ac,0.28696
input.Mercure1,input.att97ac,0.00074
input.Mercure2,input.att97ac,0.20771
input.Mercure3,input.att97ac,0.02068
input.nmsu1,input.att97ac,0.00000
input.nmsu2,input.att97ac,0.00000
input.nsasg1,input.att97ac,0.40254
input.nsasg2,input.att97ac,0.03306
input.pirc7Aa,input.att97ac,0.02120
input.pirc7Ad,input.att97ac,0.82646
input.pirc7At,input.att97ac,0.10727
input.umcpa197,input.att97ac,0.37318
input.uwmt6a0,input.att97ac,0.00000
input.uwmt6a1,input.att97ac,0.03024
input.uwmt6a2,input.att97ac,0.57883
input.VrtyAH6a,input.att97ac,0.97158
input.VrtyAH6b,input.att97ac,0.33574
input.att97as,input.att97ae,0.12770
input.Brkly21,input.att97ae,0.79686
input.Brkly22,input.att97ae,0.01152
input.Brkly23,input.att97ae,0.00937
input.city6ad,input.att97ae,0.32291
input.city6al,input.att97ae,0.06577
input.city6at,input.att97ae,0.00478
input.CLAUG,input.att97ae,0.00000
input.CLREL,input.att97ae,0.00000
input.Cor6A1cls,input.att97ae,0.96516
input.Cor6A2qtcs,input.att97ae,0.89441
input.Cor6A3cll,input.att97ae,0.01367
input.csiro97a1,input.att97ae,0.58028
input.csiro97a2,input.att97ae,0.10407
input.csiro97a3,input.att97ae,0.66812
input.DCU97lnt,input.att97ae,0.00000
input.DCU97lt,input.att97ae,0.00009
input.DCU97snt,input.att97ae,0.08928
input.DCU97vs,input.att97ae,0.59371
input.fsclt6,input.att97ae,0.03772
input.fsclt6r,input.att97ae,0.07779
input.fsclt6t,input.att97ae,0.00024
input.gerua1,input.att97ae,0.00000
input.gerua2,input.att97ae,0.00000
input.gerua3,input.att97ae,0.05943
input.glair61,input.att97ae,0.50772
input.glair62,input.att97ae,0.84467
input.glair64,input.att97ae,0.00014
input.gmu97au1,input.att97ae,0.49397
input.gmu97au2,input.att97ae,0.58902
input.gmu97ma1,input.att97ae,0.65551
input.gmu97ma2,input.att97ae,0.00000
input.harris1,input.att97ae,0.51700
input.ibmg97a,input.att97ae,0.99966
input.ibmg97b,input.att97ae,0.07332
input.ibms97a,input.att97ae,0.50095
input.INQ401,input.att97ae,0.28772
input.INQ402,input.att97ae,0.06952
input.ispa1,input.att97ae,0.00000
input.ispa2,input.att97ae,0.00000
input.iss97man,input.att97ae,0.03514
input.iss97s,input.att97ae,0.00012
input.iss97vs,input.att97ae,0.33192
input.jalbse,input.att97ae,0.00000
input.jalbse0,input.att97ae,0.00000
input.LNaShort,input.att97ae,0.02183
input.LNaVryShort,input.att97ae,0.26075
input.LNmShort,input.att97ae,0.00000
input.mds601,input.att97ae,0.77339
input.mds602,input.att97ae,0.12085
input.mds603,input.att97ae,0.40158
input.Mercure1,input.att97ae,0.00032
input.Mercure2,input.att97ae,0.13730
input.Mercure3,input.att97ae,0.01109
input.nmsu1,input.att97ae,0.00000
input.nmsu2,input.att97ae,0.00000
input.nsasg1,input.att97ae,0.54115
input.nsasg2,input.att97ae,0.05674
input.pirc7Aa,input.att97ae,0.01139
input.pirc7Ad,input.att97ae,0.99459
input.pirc7At,input.att97ae,0.06627
input.umcpa197,input.att97ae,0.50637
input.uwmt6a0,input.att97ae,0.00000
input.uwmt6a1,input.att97ae,0.01671
input.uwmt6a2,input.att97ae,0.43473
input.VrtyAH6a,input.att97ae,0.79359
input.VrtyAH6b,input.att97ae,0.23458
input.Brkly21,input.att97as,0.20557
input.Brkly22,input.att97as,0.31570
input.Brkly23,input.att97as,0.28237
input.city6ad,input.att97as,0.59283
input.city6al,input.att97as,0.75141
input.city6at,input.att97as,0.19412
input.CLAUG,input.att97as,0.00000
input.CLREL,input.att97as,0.00000
input.Cor6A1cls,input.att97as,0.13899
input.Cor6A2qtcs,input.att97as,0.16438
input.Cor6A3cll,input.att97as,0.34584
input.csiro97a1,input.att97as,0.03787
input.csiro97a2,input.att97as,0.00164
input.csiro97a3,input.att97as,0.05094
input.DCU97lnt,input.att97as,0.00000
input.DCU97lt,input.att97as,0.00000
input.DCU97snt,input.att97as,0.00127
input.DCU97vs,input.att97as,0.32229
input.fsclt6,input.att97as,0.57912
input.fsclt6r,input.att97as,0.80999
input.fsclt6t,input.att97as,0.00000
input.gerua1,input.att97as,0.00122
input.gerua2,input.att97as,0.00003
input.gerua3,input.att97as,0.00065
input.glair61,input.att97as,0.38932
input.glair62,input.att97as,0.08559
input.glair64,input.att97as,0.00000
input.gmu97au1,input.att97as,0.40134
input.gmu97au2,input.att97as,0.32562
input.gmu97ma1,input.att97as,0.04891
input.gmu97ma2,input.att97as,0.00000
input.harris1,input.att97as,0.38143
input.ibmg97a,input.att97as,0.12759
input.ibmg97b,input.att97as,0.78902
input.ibms97a,input.att97as,0.39519
input.INQ401,input.att97as,0.64544
input.INQ402,input.att97as,0.77047
input.ispa1,input.att97as,0.00000
input.ispa2,input.att97as,0.00000
input.iss97man,input.att97as,0.55955
input.iss97s,input.att97as,0.00000
input.iss97vs,input.att97as,0.58028
input.jalbse,input.att97as,0.00000
input.jalbse0,input.att97as,0.00000
input.LNaShort,input.att97as,0.44124
input.LNaVryShort,input.att97as,0.69017
input.LNmShort,input.att97as,0.00012
input.mds601,input.att97as,0.07011
input.mds602,input.att97as,0.97767
input.mds603,input.att97as,0.01817
input.Mercure1,input.att97as,0.03768
input.Mercure2,input.att97as,0.97023
input.Mercure3,input.att97as,0.30940
input.nmsu1,input.att97as,0.00000
input.nmsu2,input.att97as,0.00000
input.nsasg1,input.att97as,0.03282
input.nsasg2,input.att97as,0.00061
input.pirc7Aa,input.att97as,0.31386
input.pirc7Ad,input.att97as,0.12940
input.pirc7At,input.att97as,0.75399
input.umcpa197,input.att97as,0.02869
input.uwmt6a0,input.att97as,0.00000
input.uwmt6a1,input.att97as,0.38443
input.uwmt6a2,input.att97as,0.45802
input.VrtyAH6a,input.att97as,0.20710
input.VrtyAH6b,input.att97as,0.73794
input.Brkly22,input.Brkly21,0.02326
input.Brkly23,input.Brkly21,0.01924
input.city6ad,input.Brkly21,0.46473
input.city6al,input.Brkly21,0.11351
input.city6at,input.Brkly21,0.01034
input.CLAUG,input.Brkly21,0.00000
input.CLREL,input.Brkly21,0.00000
input.Cor6A1cls,input.Brkly21,0.83076
input.Cor6A2qtcs,input.Brkly21,0.90078
input.Cor6A3cll,input.Brkly21,0.02721
input.csiro97a1,input.Brkly21,0.41772
input.csiro97a2,input.Brkly21,0.05972
input.csiro97a3,input.Brkly21,0.49263
input.DCU97lnt,input.Brkly21,0.00000
input.DCU97lt,input.Brkly21,0.00003
input.DCU97snt,input.Brkly21,0.05039
input.DCU97vs,input.Brkly21,0.78250
input.fsclt6,input.Brkly21,0.06868
input.fsclt6r,input.Brkly21,0.13200
input.fsclt6t,input.Brkly21,0.00009
input.gerua1,input.Brkly21,0.00001
input.gerua2,input.Brkly21,0.00000
input.gerua3,input.Brkly21,0.03216
input.glair61,input.Brkly21,0.68549
input.glair62,input.Brkly21,0.65032
input.glair64,input.Brkly21,0.00005
input.gmu97au1,input.Brkly21,0.66966
input.gmu97au2,input.Brkly21,0.77729
input.gmu97ma1,input.Brkly21,0.48173
input.gmu97ma2,input.Brkly21,0.00000
input.harris1,input.Brkly21,0.69612
input.ibmg97a,input.Brkly21,0.79654
input.ibmg97b,input.Brkly21,0.12517
input.ibms97a,input.Brkly21,0.67772
input.INQ401,input.Brkly21,0.42040
input.INQ402,input.Brkly21,0.11933
input.ispa1,input.Brkly21,0.00000
input.ispa2,input.Brkly21,0.00000
input.iss97man,input.Brkly21,0.06441
input.iss97s,input.Brkly21,0.00004
input.iss97vs,input.Brkly21,0.47594
input.jalbse,input.Brkly21,0.00000
input.jalbse0,input.Brkly21,0.00000
input.LNaShort,input.Brkly21,0.04176
input.LNaVryShort,input.Brkly21,0.38583
input.LNmShort,input.Brkly21,0.00000
input.mds601,input.Brkly21,0.58552
input.mds602,input.Brkly21,0.19573
input.mds603,input.Brkly21,0.27299
input.Mercure1,input.Brkly21,0.00083
input.Mercure2,input.Brkly21,0.21925
input.Mercure3,input.Brkly21,0.02247
input.nmsu1,input.Brkly21,0.00000
input.nmsu2,input.Brkly21,0.00000
input.nsasg1,input.Brkly21,0.38513
input.nsasg2,input.Brkly21,0.03056
input.pirc7Aa,input.Brkly21,0.02303
input.pirc7Ad,input.Brkly21,0.80211
input.pirc7At,input.Brkly21,0.11429
input.umcpa197,input.Brkly21,0.35657
input.uwmt6a0,input.Brkly21,0.00000
input.uwmt6a1,input.Brkly21,0.03271
input.uwmt6a2,input.Brkly21,0.60047
input.VrtyAH6a,input.Brkly21,0.99662
input.VrtyAH6b,input.Brkly21,0.35173
input.Brkly23,input.Brkly22,0.94287
input.city6ad,input.Brkly22,0.12403
input.city6al,input.Brkly22,0.49236
input.city6at,input.Brkly22,0.76788
input.CLAUG,input.Brkly22,0.00001
input.CLREL,input.Brkly22,0.00001
input.Cor6A1cls,input.Brkly22,0.01303
input.Cor6A2qtcs,input.Brkly22,0.01667
input.Cor6A3cll,input.Brkly22,0.95164
input.csiro97a1,input.Brkly22,0.00207
input.csiro97a2,input.Brkly22,0.00003
input.csiro97a3,input.Brkly22,0.00312
input.DCU97lnt,input.Brkly22,0.00000
input.DCU97lt,input.Brkly22,0.00000
input.DCU97snt,input.Brkly22,0.00002
input.DCU97vs,input.Brkly22,0.04625
input.fsclt6,input.Brkly22,0.65368
input.fsclt6r,input.Brkly22,0.44553
input.fsclt6t,input.Brkly22,0.00000
input.gerua1,input.Brkly22,0.02568
input.gerua2,input.Brkly22,0.00157
input.gerua3,input.Brkly22,0.00001
input.glair61,input.Brkly22,0.06230
input.glair62,input.Brkly22,0.00648
input.glair64,input.Brkly22,0.00000
input.gmu97au1,input.Brkly22,0.06539
input.gmu97au2,input.Brkly22,0.04700
input.gmu97ma1,input.Brkly22,0.00295
input.gmu97ma2,input.Brkly22,0.00000
input.harris1,input.Brkly22,0.06030
input.ibmg97a,input.Brkly22,0.01150
input.ibmg97b,input.Brkly22,0.46188
input.ibms97a,input.Brkly22,0.06380
input.INQ401,input.Brkly22,0.14335
input.INQ402,input.Brkly22,0.47673
input.ispa1,input.Brkly22,0.00000
input.ispa2,input.Brkly22,0.00000
input.iss97man,input.Brkly22,0.67461
input.iss97s,input.Brkly22,0.00000
input.iss97vs,input.Brkly22,0.11963
input.jalbse,input.Brkly22,0.00000
input.jalbse0,input.Brkly22,0.00000
input.LNaShort,input.Brkly22,0.81558
input.LNaVryShort,input.Brkly22,0.16093
input.LNmShort,input.Brkly22,0.00434
input.mds601,input.Brkly22,0.00489
input.mds602,input.Brkly22,0.32939
input.mds603,input.Brkly22,0.00076
input.Mercure1,input.Brkly22,0.28237
input.Mercure2,input.Brkly22,0.29804
input.Mercure3,input.Brkly22,0.98951
input.nmsu1,input.Brkly22,0.00000
input.nmsu2,input.Brkly22,0.00000
input.nsasg1,input.Brkly22,0.00170
input.nsasg2,input.Brkly22,0.00001
input.pirc7Aa,input.Brkly22,0.99695
input.pirc7Ad,input.Brkly22,0.01174
input.pirc7At,input.Brkly22,0.49022
input.umcpa197,input.Brkly22,0.00142
input.uwmt6a0,input.Brkly22,0.00000
input.uwmt6a1,input.Brkly22,0.89373
input.uwmt6a2,input.Brkly22,0.08091
input.VrtyAH6a,input.Brkly22,0.02352
input.VrtyAH6b,input.Brkly22,0.18092
input.city6ad,input.Brkly23,0.10745
input.city6al,input.Brkly23,0.44832
input.city6at,input.Brkly23,0.82316
input.CLAUG,input.Brkly23,0.00001
input.CLREL,input.Brkly23,0.00001
input.Cor6A1cls,input.Brkly23,0.01063
input.Cor6A2qtcs,input.Brkly23,0.01368
input.Cor6A3cll,input.Brkly23,0.89474
input.csiro97a1,input.Brkly23,0.00163
input.csiro97a2,input.Brkly23,0.00002
input.csiro97a3,input.Brkly23,0.00247
input.DCU97lnt,input.Brkly23,0.00000
input.DCU97lt,input.Brkly23,0.00000
input.DCU97snt,input.Brkly23,0.00002
input.DCU97vs,input.Brkly23,0.03894
input.fsclt6,input.Brkly23,0.60284
input.fsclt6r,input.Brkly23,0.40397
input.fsclt6t,input.Brkly23,0.00000
input.gerua1,input.Brkly23,0.03082
input.gerua2,input.Brkly23,0.00201
input.gerua3,input.Brkly23,0.00001
input.glair61,input.Brkly23,0.05289
input.glair62,input.Brkly23,0.00520
input.glair64,input.Brkly23,0.00000
input.gmu97au1,input.Brkly23,0.05559
input.gmu97au2,input.Brkly23,0.03959
input.gmu97ma1,input.Brkly23,0.00233
input.gmu97ma2,input.Brkly23,0.00000
input.harris1,input.Brkly23,0.05114
input.ibmg97a,input.Brkly23,0.00936
input.ibmg97b,input.Brkly23,0.41943
input.ibms97a,input.Brkly23,0.05420
input.INQ401,input.Brkly23,0.12476
input.INQ402,input.Brkly23,0.43348
input.ispa1,input.Brkly23,0.00000
input.ispa2,input.Brkly23,0.00000
input.iss97man,input.Brkly23,0.62308
input.iss97s,input.Brkly23,0.00000
input.iss97vs,input.Brkly23,0.10353
input.jalbse,input.Brkly23,0.00000
input.jalbse0,input.Brkly23,0.00000
input.LNaShort,input.Brkly23,0.76044
input.LNaVryShort,input.Brkly23,0.14058
input.LNmShort,input.Brkly23,0.00543
input.mds601,input.Brkly23,0.00390
input.mds602,input.Brkly23,0.29509
input.mds603,input.Brkly23,0.00059
input.Mercure1,input.Brkly23,0.31570
input.Mercure2,input.Brkly23,0.26600
input.Mercure3,input.Brkly23,0.95333
input.nmsu1,input.Brkly23,0.00000
input.nmsu2,input.Brkly23,0.00000
input.nsasg1,input.Brkly23,0.00133
input.nsasg2,input.Brkly23,0.00001
input.pirc7Aa,input.Brkly23,0.94590
input.pirc7Ad,input.Brkly23,0.00956
input.pirc7At,input.Brkly23,0.44629
input.umcpa197,input.Brkly23,0.00110
input.uwmt6a0,input.Brkly23,0.00000
input.uwmt6a1,input.Brkly23,0.83738
input.uwmt6a2,input.Brkly23,0.06920
input.VrtyAH6a,input.Brkly23,0.01946
input.VrtyAH6b,input.Brkly23,0.15866
input.city6al,input.city6ad,0.39448
input.city6at,input.city6ad,0.06677
input.CLAUG,input.city6ad,0.00000
input.CLREL,input.city6ad,0.00000
input.Cor6A1cls,input.city6ad,0.34475
input.Cor6A2qtcs,input.city6ad,0.39213
input.Cor6A3cll,input.city6ad,0.13956
input.csiro97a1,input.city6ad,0.12320
input.csiro97a2,input.city6ad,0.00895
input.csiro97a3,input.city6ad,0.15642
input.DCU97lnt,input.city6ad,0.00000
input.DCU97lt,input.city6ad,0.00000
input.DCU97snt,input.city6ad,0.00719
input.DCU97vs,input.city6ad,0.64909
input.fsclt6,input.city6ad,0.27597
input.fsclt6r,input.city6ad,0.43823
input.fsclt6t,input.city6ad,0.00000
input.gerua1,input.city6ad,0.00016
input.gerua2,input.city6ad,0.00000
input.gerua3,input.city6ad,0.00406
input.glair61,input.city6ad,0.74434
input.glair62,input.city6ad,0.23625
input.glair64,input.city6ad,0.00000
input.gmu97au1,input.city6ad,0.76076
input.gmu97au2,input.city6ad,0.65398
input.gmu97ma1,input.city6ad,0.15140
input.gmu97ma2,input.city6ad,0.00000
input.harris1,input.city6ad,0.73346
input.ibmg97a,input.city6ad,0.32270
input.ibmg97b,input.city6ad,0.42236
input.ibms97a,input.city6ad,0.75238
input.INQ401,input.city6ad,0.94050
input.INQ402,input.city6ad,0.40852
input.ispa1,input.city6ad,0.00000
input.ispa2,input.city6ad,0.00000
input.iss97man,input.city6ad,0.26346
input.iss97s,input.city6ad,0.00000
input.iss97vs,input.city6ad,0.98545
input.jalbse,input.city6ad,0.00000
input.jalbse0,input.city6ad,0.00000
input.LNaShort,input.city6ad,0.19195
input.LNaVryShort,input.city6ad,0.89172
input.LNmShort,input.city6ad,0.00001
input.mds601,input.city6ad,0.20180
input.mds602,input.city6ad,0.57362
input.mds603,input.city6ad,0.06766
input.Mercure1,input.city6ad,0.00897
input.Mercure2,input.city6ad,0.61889
input.Mercure3,input.city6ad,0.12085
input.nmsu1,input.city6ad,0.00000
input.nmsu2,input.city6ad,0.00000
input.nsasg1,input.city6ad,0.10969
input.nsasg2,input.city6ad,0.00381
input.pirc7Aa,input.city6ad,0.12310
input.pirc7Ad,input.city6ad,0.32624
input.pirc7At,input.city6ad,0.39637
input.umcpa197,input.city6ad,0.09833
input.uwmt6a0,input.city6ad,0.00000
input.uwmt6a1,input.city6ad,0.16017
input.uwmt6a2,input.city6ad,0.83572
input.VrtyAH6a,input.city6ad,0.46732
input.VrtyAH6b,input.city6ad,0.84136
input.city6at,input.city6al,0.32624
input.CLAUG,input.city6al,0.00000
input.CLREL,input.city6al,0.00000
input.Cor6A1cls,input.city6al,0.07244
input.Cor6A2qtcs,input.city6al,0.08777
input.Cor6A3cll,input.city6al,0.53137
input.csiro97a1,input.city6al,0.01671
input.csiro97a2,input.city6al,0.00053
input.csiro97a3,input.city6al,0.02328
input.DCU97lnt,input.city6al,0.00000
input.DCU97lt,input.city6al,0.00000
input.DCU97snt,input.city6al,0.00040
input.DCU97vs,input.city6al,0.19137
input.fsclt6,input.city6al,0.81196
input.fsclt6r,input.city6al,0.93916
input.fsclt6t,input.city6al,0.00000
input.gerua1,input.city6al,0.00353
input.gerua2,input.city6al,0.00012
input.gerua3,input.city6al,0.00020
input.glair61,input.city6al,0.23895
input.glair62,input.city6al,0.04176
input.glair64,input.city6al,0.00000
input.gmu97au1,input.city6al,0.24768
input.gmu97au2,input.city6al,0.19368
input.gmu97ma1,input.city6al,0.02225
input.gmu97ma2,input.city6al,0.00000
input.harris1,input.city6al,0.23324
input.ibmg97a,input.city6al,0.06570
input.ibmg97b,input.city6al,0.96077
input.ibms97a,input.city6al,0.24320
input.INQ401,input.city6al,0.43723
input.INQ402,input.city6al,0.98004
input.ispa1,input.city6al,0.00000
input.ispa2,input.city6al,0.00000
input.iss97man,input.city6al,0.78967
input.iss97s,input.city6al,0.00000
input.iss97vs,input.city6al,0.38443
input.jalbse,input.city6al,0.00000
input.jalbse0,input.city6al,0.00000
input.LNaShort,input.city6al,0.65032
input.LNaVryShort,input.city6al,0.47436
input.LNmShort,input.city6al,0.00040
input.mds601,input.city6al,0.03334
input.mds602,input.city6al,0.77274
input.mds603,input.city6al,0.00739
input.Mercure1,input.city6al,0.07814
input.Mercure2,input.city6al,0.72327
input.Mercure3,input.city6al,0.48411
input.nmsu1,input.city6al,0.00000
input.nmsu2,input.city6al,0.00000
input.nsasg1,input.city6al,0.01424
input.nsasg2,input.city6al,0.00018
input.pirc7Aa,input.city6al,0.48996
input.pirc7Ad,input.city6al,0.06677
input.pirc7At,input.city6al,0.99729
input.umcpa197,input.city6al,0.01226
input.uwmt6a0,input.city6al,0.00000
input.uwmt6a1,input.city6al,0.58028
input.uwmt6a2,input.city6al,0.28965
input.VrtyAH6a,input.city6al,0.11448
input.VrtyAH6b,input.city6al,0.51481
input.CLAUG,input.city6at,0.00002
input.CLREL,input.city6at,0.00002
input.Cor6A1cls,input.city6at,0.00547
input.Cor6A2qtcs,input.city6at,0.00717
input.Cor6A3cll,input.city6at,0.72200
input.csiro97a1,input.city6at,0.00074
input.csiro97a2,input.city6at,0.00001
input.csiro97a3,input.city6at,0.00115
input.DCU97lnt,input.city6at,0.00000
input.DCU97lt,input.city6at,0.00000
input.DCU97snt,input.city6at,0.00001
input.DCU97vs,input.city6at,0.02212
input.fsclt6,input.city6at,0.45699
input.fsclt6r,input.city6at,0.29004
input.fsclt6t,input.city6at,0.00000
input.gerua1,input.city6at,0.05289
input.gerua2,input.city6at,0.00416
input.gerua3,input.city6at,0.00000
input.glair61,input.city6at,0.03082
input.glair62,input.city6at,0.00255
input.glair64,input.city6at,0.00000
input.gmu97au1,input.city6at,0.03254
input.gmu97au2,input.city6at,0.02252
input.gmu97ma1,input.city6at,0.00108
input.gmu97ma2,input.city6at,0.00000
input.harris1,input.city6at,0.02972
input.ibmg97a,input.city6at,0.00477
input.ibmg97b,input.city6at,0.30259
input.ibms97a,input.city6at,0.03166
input.INQ401,input.city6at,0.07865
input.INQ402,input.city6at,0.31407
input.ispa1,input.city6at,0.00000
input.ispa2,input.city6at,0.00000
input.iss97man,input.city6at,0.47463
input.iss97s,input.city6at,0.00000
input.iss97vs,input.city6at,0.06410
input.jalbse,input.city6at,0.00000
input.jalbse0,input.city6at,0.00000
input.LNaShort,input.city6at,0.59723
input.LNaVryShort,input.city6at,0.08968
input.LNmShort,input.city6at,0.01055
input.mds601,input.city6at,0.00187
input.mds602,input.city6at,0.20391
input.mds603,input.city6at,0.00025
input.Mercure1,input.city6at,0.43548
input.Mercure2,input.city6at,0.18161
input.Mercure3,input.city6at,0.77794
input.nmsu1,input.city6at,0.00000
input.nmsu2,input.city6at,0.00000
input.nsasg1,input.city6at,0.00060
input.nsasg2,input.city6at,0.00000
input.pirc7Aa,input.city6at,0.77080
input.pirc7Ad,input.city6at,0.00488
input.pirc7At,input.city6at,0.32457
input.umcpa197,input.city6at,0.00049
input.uwmt6a0,input.city6at,0.00000
input.uwmt6a1,input.city6at,0.66812
input.uwmt6a2,input.city6at,0.04129
input.VrtyAH6a,input.city6at,0.01046
input.VrtyAH6b,input.city6at,0.10245
input.CLREL,input.CLAUG,0.97936
input.Cor6A1cls,input.CLAUG,0.00000
input.Cor6A2qtcs,input.CLAUG,0.00000
input.Cor6A3cll,input.CLAUG,0.00000
input.csiro97a1,input.CLAUG,0.00000
input.csiro97a2,input.CLAUG,0.00000
input.csiro97a3,input.CLAUG,0.00000
input.DCU97lnt,input.CLAUG,0.00000
input.DCU97lt,input.CLAUG,0.00000
input.DCU97snt,input.CLAUG,0.00000
input.DCU97vs,input.CLAUG,0.00000
input.fsclt6,input.CLAUG,0.00000
input.fsclt6r,input.CLAUG,0.00000
input.fsclt6t,input.CLAUG,0.00000
input.gerua1,input.CLAUG,0.02104
input.gerua2,input.CLAUG,0.16840
input.gerua3,input.CLAUG,0.00000
input.glair61,input.CLAUG,0.00000
input.glair62,input.CLAUG,0.00000
input.glair64,input.CLAUG,0.00000
input.gmu97au1,input.CLAUG,0.00000
input.gmu97au2,input.CLAUG,0.00000
input.gmu97ma1,input.CLAUG,0.00000
input.gmu97ma2,input.CLAUG,0.00000
input.harris1,input.CLAUG,0.00000
input.ibmg97a,input.CLAUG,0.00000
input.ibmg97b,input.CLAUG,0.00000
input.ibms97a,input.CLAUG,0.00000
input.INQ401,input.CLAUG,0.00000
input.INQ402,input.CLAUG,0.00000
input.ispa1,input.CLAUG,0.00000
input.ispa2,input.CLAUG,0.00000
input.iss97man,input.CLAUG,0.00000
input.iss97s,input.CLAUG,0.00000
input.iss97vs,input.CLAUG,0.00000
input.jalbse,input.CLAUG,0.00000
input.jalbse0,input.CLAUG,0.00000
input.LNaShort,input.CLAUG,0.00000
input.LNaVryShort,input.CLAUG,0.00000
input.LNmShort,input.CLAUG,0.09178
input.mds601,input.CLAUG,0.00000
input.mds602,input.CLAUG,0.00000
input.mds603,input.CLAUG,0.00000
input.Mercure1,input.CLAUG,0.00053
input.Mercure2,input.CLAUG,0.00000
input.Mercure3,input.CLAUG,0.00001
input.nmsu1,input.CLAUG,0.00000
input.nmsu2,input.CLAUG,0.00000
input.nsasg1,input.CLAUG,0.00000
input.nsasg2,input.CLAUG,0.00000
input.pirc7Aa,input.CLAUG,0.00001
input.pirc7Ad,input.CLAUG,0.00000
input.pirc7At,input.CLAUG,0.00000
input.umcpa197,input.CLAUG,0.00000
input.uwmt6a0,input.CLAUG,0.69424
input.uwmt6a1,input.CLAUG,0.00000
input.uwmt6a2,input.CLAUG,0.00000
input.VrtyAH6a,input.CLAUG,0.00000
input.VrtyAH6b,input.CLAUG,0.00000
input.Cor6A1cls,input.CLREL,0.00000
input.Cor6A2qtcs,input.CLREL,0.00000
input.Cor6A3cll,input.CLREL,0.00000
input.csiro97a1,input.CLREL,0.00000
input.csiro97a2,input.CLREL,0.00000
input.csiro97a3,input.CLREL,0.00000
input.DCU97lnt,input.CLREL,0.00000
input.DCU97lt,input.CLREL,0.00000
input.DCU97snt,input.CLREL,0.00000
input.DCU97vs,input.CLREL,0.00000
input.fsclt6,input.CLREL,0.00000
input.fsclt6r,input.CLREL,0.00000
input.fsclt6t,input.CLREL,0.00000
input.gerua1,input.CLREL,0.01964
input.gerua2,input.CLREL,0.16055
input.gerua3,input.CLREL,0.00000
input.glair61,input.CLREL,0.00000
input.glair62,input.CLREL,0.00000
input.glair64,input.CLREL,0.00000
input.gmu97au1,input.CLREL,0.00000
input.gmu97au2,input.CLREL,0.00000
input.gmu97ma1,input.CLREL,0.00000
input.gmu97ma2,input.CLREL,0.00000
input.harris1,input.CLREL,0.00000
input.ibmg97a,input.CLREL,0.00000
input.ibmg97b,input.CLREL,0.00000
input.ibms97a,input.CLREL,0.00000
input.INQ401,input.CLREL,0.00000
input.INQ402,input.CLREL,0.00000
input.ispa1,input.CLREL,0.00000
input.ispa2,input.CLREL,0.00000
input.iss97man,input.CLREL,0.00000
input.iss97s,input.CLREL,0.00000
input.iss97vs,input.CLREL,0.00000
input.jalbse,input.CLREL,0.00000
input.jalbse0,input.CLREL,0.00000
input.LNaShort,input.CLREL,0.00000
input.LNaVryShort,input.CLREL,0.00000
input.LNmShort,input.CLREL,0.08691
input.mds601,input.CLREL,0.00000
input.mds602,input.CLREL,0.00000
input.mds603,input.CLREL,0.00000
input.Mercure1,input.CLREL,0.00048
input.Mercure2,input.CLREL,0.00000
input.Mercure3,input.CLREL,0.00001
input.nmsu1,input.CLREL,0.00000
input.nmsu2,input.CLREL,0.00000
input.nsasg1,input.CLREL,0.00000
input.nsasg2,input.CLREL,0.00000
input.pirc7Aa,input.CLREL,0.00001
input.pirc7Ad,input.CLREL,0.00000
input.pirc7At,input.CLREL,0.00000
input.umcpa197,input.CLREL,0.00000
input.uwmt6a0,input.CLREL,0.71344
input.uwmt6a1,input.CLREL,0.00000
input.uwmt6a2,input.CLREL,0.00000
input.VrtyAH6a,input.CLREL,0.00000
input.VrtyAH6b,input.CLREL,0.00000
input.Cor6A2qtcs,input.Cor6A1cls,0.92904
input.Cor6A3cll,input.Cor6A1cls,0.01542
input.csiro97a1,input.Cor6A1cls,0.55074
input.csiro97a2,input.Cor6A1cls,0.09509
input.csiro97a3,input.Cor6A1cls,0.63664
input.DCU97lnt,input.Cor6A1cls,0.00000
input.DCU97lt,input.Cor6A1cls,0.00007
input.DCU97snt,input.Cor6A1cls,0.08135
input.DCU97vs,input.Cor6A1cls,0.62428
input.fsclt6,input.Cor6A1cls,0.04193
input.fsclt6r,input.Cor6A1cls,0.08543
input.fsclt6t,input.Cor6A1cls,0.00020
input.gerua1,input.Cor6A1cls,0.00000
input.gerua2,input.Cor6A1cls,0.00000
input.gerua3,input.Cor6A1cls,0.05378
input.glair61,input.Cor6A1cls,0.53611
input.glair62,input.Cor6A1cls,0.81064
input.glair64,input.Cor6A1cls,0.00012
input.gmu97au1,input.Cor6A1cls,0.52195
input.gmu97au2,input.Cor6A1cls,0.61949
input.gmu97ma1,input.Cor6A1cls,0.62428
input.gmu97ma2,input.Cor6A1cls,0.00000
input.harris1,input.Cor6A1cls,0.54565
input.ibmg97a,input.Cor6A1cls,0.96482
input.ibmg97b,input.Cor6A1cls,0.08061
input.ibms97a,input.Cor6A1cls,0.52915
input.INQ401,input.Cor6A1cls,0.30799
input.INQ402,input.Cor6A1cls,0.07651
input.ispa1,input.Cor6A1cls,0.00000
input.ispa2,input.Cor6A1cls,0.00000
input.iss97man,input.Cor6A1cls,0.03911
input.iss97s,input.Cor6A1cls,0.00010
input.iss97vs,input.Cor6A1cls,0.35414
input.jalbse,input.Cor6A1cls,0.00000
input.jalbse0,input.Cor6A1cls,0.00000
input.LNaShort,input.Cor6A1cls,0.02447
input.LNaVryShort,input.Cor6A1cls,0.27972
input.LNmShort,input.Cor6A1cls,0.00000
input.mds601,input.Cor6A1cls,0.74018
input.mds602,input.Cor6A1cls,0.13167
input.mds603,input.Cor6A1cls,0.37752
input.Mercure1,input.Cor6A1cls,0.00037
input.Mercure2,input.Cor6A1cls,0.14923
input.Mercure3,input.Cor6A1cls,0.01256
input.nmsu1,input.Cor6A1cls,0.00000
input.nmsu2,input.Cor6A1cls,0.00000
input.nsasg1,input.Cor6A1cls,0.51263
input.nsasg2,input.Cor6A1cls,0.05130
input.pirc7Aa,input.Cor6A1cls,0.01289
input.pirc7Ad,input.Cor6A1cls,0.97057
input.pirc7At,input.Cor6A1cls,0.07298
input.umcpa197,input.Cor6A1cls,0.47883
input.uwmt6a0,input.Cor6A1cls,0.00000
input.uwmt6a1,input.Cor6A1cls,0.01881
input.uwmt6a2,input.Cor6A1cls,0.46085
input.VrtyAH6a,input.Cor6A1cls,0.82745
input.VrtyAH6b,input.Cor6A1cls,0.25222
input.Cor6A3cll,input.Cor6A2qtcs,0.01964
input.csiro97a1,input.Cor6A2qtcs,0.49290
input.csiro97a2,input.Cor6A2qtcs,0.07872
input.csiro97a3,input.Cor6A2qtcs,0.57448
input.DCU97lnt,input.Cor6A2qtcs,0.00000
input.DCU97lt,input.Cor6A2qtcs,0.00005
input.DCU97snt,input.Cor6A2qtcs,0.06696
input.DCU97vs,input.Cor6A2qtcs,0.68861
input.fsclt6,input.Cor6A2qtcs,0.05175
input.fsclt6r,input.Cor6A2qtcs,0.10290
input.fsclt6t,input.Cor6A2qtcs,0.00014
input.gerua1,input.Cor6A2qtcs,0.00000
input.gerua2,input.Cor6A2qtcs,0.00000
input.gerua3,input.Cor6A2qtcs,0.04362
input.glair61,input.Cor6A2qtcs,0.59635
input.glair62,input.Cor6A2qtcs,0.74242
input.glair64,input.Cor6A2qtcs,0.00008
input.gmu97au1,input.Cor6A2qtcs,0.58144
input.gmu97au2,input.Cor6A2qtcs,0.68362
input.gmu97ma1,input.Cor6A2qtcs,0.56269
input.gmu97ma2,input.Cor6A2qtcs,0.00000
input.harris1,input.Cor6A2qtcs,0.60639
input.ibmg97a,input.Cor6A2qtcs,0.89407
input.ibmg97b,input.Cor6A2qtcs,0.09730
input.ibms97a,input.Cor6A2qtcs,0.58902
input.INQ401,input.Cor6A2qtcs,0.35217
input.INQ402,input.Cor6A2qtcs,0.09252
input.ispa1,input.Cor6A2qtcs,0.00000
input.ispa2,input.Cor6A2qtcs,0.00000
input.iss97man,input.Cor6A2qtcs,0.04838
input.iss97s,input.Cor6A2qtcs,0.00007
input.iss97vs,input.Cor6A2qtcs,0.40230
input.jalbse,input.Cor6A2qtcs,0.00000
input.jalbse0,input.Cor6A2qtcs,0.00000
input.LNaShort,input.Cor6A2qtcs,0.03073
input.LNaVryShort,input.Cor6A2qtcs,0.32125
input.LNmShort,input.Cor6A2qtcs,0.00000
input.mds601,input.Cor6A2qtcs,0.67399
input.mds602,input.Cor6A2qtcs,0.15605
input.mds603,input.Cor6A2qtcs,0.33128
input.Mercure1,input.Cor6A2qtcs,0.00052
input.Mercure2,input.Cor6A2qtcs,0.17600
input.Mercure3,input.Cor6A2qtcs,0.01608
input.nmsu1,input.Cor6A2qtcs,0.00000
input.nmsu2,input.Cor6A2qtcs,0.00000
input.nsasg1,input.Cor6A2qtcs,0.45699
input.nsasg2,input.Cor6A2qtcs,0.04154
input.pirc7Aa,input.Cor6A2qtcs,0.01650
input.pirc7Ad,input.Cor6A2qtcs,0.89977
input.pirc7At,input.Cor6A2qtcs,0.08840
input.umcpa197,input.Cor6A2qtcs,0.42531
input.uwmt6a0,input.Cor6A2qtcs,0.00000
input.uwmt6a1,input.Cor6A2qtcs,0.02381
input.uwmt6a2,input.Cor6A2qtcs,0.51673
input.VrtyAH6a,input.Cor6A2qtcs,0.89742
input.VrtyAH6b,input.Cor6A2qtcs,0.29101
input.csiro97a1,input.Cor6A3cll,0.00254
input.csiro97a2,input.Cor6A3cll,0.00004
input.csiro97a3,input.Cor6A3cll,0.00380
input.DCU97lnt,input.Cor6A3cll,0.00000
input.DCU97lt,input.Cor6A3cll,0.00000
input.DCU97snt,input.Cor6A3cll,0.00003
input.DCU97vs,input.Cor6A3cll,0.05330
input.fsclt6,input.Cor6A3cll,0.69800
input.fsclt6r,input.Cor6A3cll,0.48252
input.fsclt6t,input.Cor6A3cll,0.00000
input.gerua1,input.Cor6A3cll,0.02193
input.gerua2,input.Cor6A3cll,0.00127
input.gerua3,input.Cor6A3cll,0.00001
input.glair61,input.Cor6A3cll,0.07130
input.glair62,input.Cor6A3cll,0.00777
input.glair64,input.Cor6A3cll,0.00000
input.gmu97au1,input.Cor6A3cll,0.07476
input.gmu97au2,input.Cor6A3cll,0.05415
input.gmu97ma1,input.Cor6A3cll,0.00359
input.gmu97ma2,input.Cor6A3cll,0.00000
input.harris1,input.Cor6A3cll,0.06907
input.ibmg97a,input.Cor6A3cll,0.01365
input.ibmg97b,input.Cor6A3cll,0.49961
input.ibms97a,input.Cor6A3cll,0.07298
input.INQ401,input.Cor6A3cll,0.16068
input.INQ402,input.Cor6A3cll,0.51509
input.ispa1,input.Cor6A3cll,0.00000
input.ispa2,input.Cor6A3cll,0.00000
input.iss97man,input.Cor6A3cll,0.71946
input.iss97s,input.Cor6A3cll,0.00000
input.iss97vs,input.Cor6A3cll,0.13474
input.jalbse,input.Cor6A3cll,0.00000
input.jalbse0,input.Cor6A3cll,0.00000
input.LNaShort,input.Cor6A3cll,0.86297
input.LNaVryShort,input.Cor6A3cll,0.17982
input.LNmShort,input.Cor6A3cll,0.00358
input.mds601,input.Cor6A3cll,0.00589
input.mds602,input.Cor6A3cll,0.36035
input.mds603,input.Cor6A3cll,0.00095
input.Mercure1,input.Cor6A3cll,0.25611
input.Mercure2,input.Cor6A3cll,0.32708
input.Mercure3,input.Cor6A3cll,0.94118
input.nmsu1,input.Cor6A3cll,0.00000
input.nmsu2,input.Cor6A3cll,0.00000
input.nsasg1,input.Cor6A3cll,0.00209
input.nsasg2,input.Cor6A3cll,0.00001
input.pirc7Aa,input.Cor6A3cll,0.94861
input.pirc7Ad,input.Cor6A3cll,0.01393
input.pirc7At,input.Cor6A3cll,0.52915
input.umcpa197,input.Cor6A3cll,0.00175
input.uwmt6a0,input.Cor6A3cll,0.00000
input.uwmt6a1,input.Cor6A3cll,0.94185
input.uwmt6a2,input.Cor6A3cll,0.09203
input.VrtyAH6a,input.Cor6A3cll,0.02750
input.VrtyAH6b,input.Cor6A3cll,0.20150
input.csiro97a2,input.csiro97a1,0.28351
input.csiro97a3,input.csiro97a1,0.90112
input.DCU97lnt,input.csiro97a1,0.00000
input.DCU97lt,input.csiro97a1,0.00074
input.DCU97snt,input.csiro97a1,0.25169
input.DCU97vs,input.csiro97a1,0.27728
input.fsclt6,input.csiro97a1,0.00852
input.fsclt6r,input.csiro97a1,0.02052
input.fsclt6t,input.csiro97a1,0.00183
input.gerua1,input.csiro97a1,0.00000
input.gerua2,input.csiro97a1,0.00000
input.gerua3,input.csiro97a1,0.18287
input.glair61,input.csiro97a1,0.22423
input.glair62,input.csiro97a1,0.72105
input.glair64,input.csiro97a1,0.00113
input.gmu97au1,input.csiro97a1,0.21609
input.gmu97au2,input.csiro97a1,0.27429
input.gmu97ma1,input.csiro97a1,0.91490
input.gmu97ma2,input.csiro97a1,0.00000
input.harris1,input.csiro97a1,0.22977
input.ibmg97a,input.csiro97a1,0.58057
input.ibmg97b,input.csiro97a1,0.01909
input.ibms97a,input.csiro97a1,0.22021
input.INQ401,input.csiro97a1,0.10607
input.INQ402,input.csiro97a1,0.01789
input.ispa1,input.csiro97a1,0.00000
input.ispa2,input.csiro97a1,0.00000
input.iss97man,input.csiro97a1,0.00782
input.iss97s,input.csiro97a1,0.00101
input.iss97vs,input.csiro97a1,0.12770
input.jalbse,input.csiro97a1,0.00000
input.jalbse0,input.csiro97a1,0.00000
input.LNaShort,input.csiro97a1,0.00442
input.LNaVryShort,input.csiro97a1,0.09343
input.LNmShort,input.csiro97a1,0.00000
input.mds601,input.csiro97a1,0.79098
input.mds602,input.csiro97a1,0.03536
input.mds603,input.csiro97a1,0.77502
input.Mercure1,input.csiro97a1,0.00003
input.Mercure2,input.csiro97a1,0.04146
input.Mercure3,input.csiro97a1,0.00198
input.nmsu1,input.csiro97a1,0.00000
input.nmsu2,input.csiro97a1,0.00001
input.nsasg1,input.csiro97a1,0.95367
input.nsasg2,input.csiro97a1,0.17627
input.pirc7Aa,input.csiro97a1,0.00205
input.pirc7Ad,input.csiro97a1,0.57564
input.pirc7At,input.csiro97a1,0.01687
input.umcpa197,input.csiro97a1,0.91120
input.uwmt6a0,input.csiro97a1,0.00000
input.uwmt6a1,input.csiro97a1,0.00322
input.uwmt6a2,input.csiro97a1,0.18217
input.VrtyAH6a,input.csiro97a1,0.41529
input.VrtyAH6b,input.csiro97a1,0.08157
input.csiro97a3,input.csiro97a2,0.23142
input.DCU97lnt,input.csiro97a2,0.00021
input.DCU97lt,input.csiro97a2,0.02125
input.DCU97snt,input.csiro97a2,0.94118
input.DCU97vs,input.csiro97a2,0.03086
input.fsclt6,input.csiro97a2,0.00021
input.fsclt6r,input.csiro97a2,0.00070
input.fsclt6t,input.csiro97a2,0.04087
input.gerua1,input.csiro97a2,0.00000
input.gerua2,input.csiro97a2,0.00000
input.gerua3,input.csiro97a2,0.79523
input.glair61,input.csiro97a2,0.02215
input.glair62,input.csiro97a2,0.15285
input.glair64,input.csiro97a2,0.02900
input.gmu97au1,input.csiro97a2,0.02092
input.gmu97au2,input.csiro97a2,0.03033
input.gmu97ma1,input.csiro97a2,0.23827
input.gmu97ma2,input.csiro97a2,0.00003
input.harris1,input.csiro97a2,0.02300
input.ibmg97a,input.csiro97a2,0.10416
input.ibmg97b,input.csiro97a2,0.00063
input.ibms97a,input.csiro97a2,0.02154
input.INQ401,input.csiro97a2,0.00718
input.INQ402,input.csiro97a2,0.00058
input.ispa1,input.csiro97a2,0.00000
input.ispa2,input.csiro97a2,0.00000
input.iss97man,input.csiro97a2,0.00019
input.iss97s,input.csiro97a2,0.02671
input.iss97vs,input.csiro97a2,0.00944
input.jalbse,input.csiro97a2,0.00000
input.jalbse0,input.csiro97a2,0.00000
input.LNaShort,input.csiro97a2,0.00009
input.LNaVryShort,input.csiro97a2,0.00596
input.LNmShort,input.csiro97a2,0.00000
input.mds601,input.csiro97a2,0.18106
input.mds602,input.csiro97a2,0.00149
input.mds603,input.csiro97a2,0.43149
input.Mercure1,input.csiro97a2,0.00000
input.Mercure2,input.csiro97a2,0.00186
input.Mercure3,input.csiro97a2,0.00003
input.nmsu1,input.csiro97a2,0.00000
input.nmsu2,input.csiro97a2,0.00053
input.nsasg1,input.csiro97a2,0.31041
input.nsasg2,input.csiro97a2,0.77957
input.pirc7Aa,input.csiro97a2,0.00003
input.pirc7Ad,input.csiro97a2,0.10263
input.pirc7At,input.csiro97a2,0.00054
input.umcpa197,input.csiro97a2,0.33659
input.uwmt6a0,input.csiro97a2,0.00000
input.uwmt6a1,input.csiro97a2,0.00006
input.uwmt6a2,input.csiro97a2,0.01610
input.VrtyAH6a,input.csiro97a2,0.05915
input.VrtyAH6b,input.csiro97a2,0.00489
input.DCU97lnt,input.csiro97a3,0.00000
input.DCU97lt,input.csiro97a3,0.00046
input.DCU97snt,input.csiro97a3,0.20391
input.DCU97vs,input.csiro97a3,0.33595
input.fsclt6,input.csiro97a3,0.01219
input.fsclt6r,input.csiro97a3,0.02835
input.fsclt6t,input.csiro97a3,0.00119
input.gerua1,input.csiro97a3,0.00000
input.gerua2,input.csiro97a3,0.00000
input.gerua3,input.csiro97a3,0.14533
input.glair61,input.csiro97a3,0.27522
input.glair62,input.csiro97a3,0.81591
input.glair64,input.csiro97a3,0.00072
input.gmu97au1,input.csiro97a3,0.26582
input.gmu97au2,input.csiro97a3,0.33255
input.gmu97ma1,input.csiro97a3,0.98613
input.gmu97ma2,input.csiro97a3,0.00000
input.harris1,input.csiro97a3,0.28161
input.ibmg97a,input.csiro97a3,0.66843
input.ibmg97b,input.csiro97a3,0.02645
input.ibms97a,input.csiro97a3,0.27058
input.INQ401,input.csiro97a3,0.13574
input.INQ402,input.csiro97a3,0.02485
input.ispa1,input.csiro97a3,0.00000
input.ispa2,input.csiro97a3,0.00000
input.iss97man,input.csiro97a3,0.01123
input.iss97s,input.csiro97a3,0.00064
input.iss97vs,input.csiro97a3,0.16182
input.jalbse,input.csiro97a3,0.00000
input.jalbse0,input.csiro97a3,0.00000
input.LNaShort,input.csiro97a3,0.00649
input.LNaVryShort,input.csiro97a3,0.12034
input.LNmShort,input.csiro97a3,0.00000
input.mds601,input.csiro97a3,0.88804
input.mds602,input.csiro97a3,0.04771
input.mds603,input.csiro97a3,0.68175
input.Mercure1,input.csiro97a3,0.00006
input.Mercure2,input.csiro97a3,0.05554
input.Mercure3,input.csiro97a3,0.00299
input.nmsu1,input.csiro97a3,0.00000
input.nmsu2,input.csiro97a3,0.00000
input.nsasg1,input.csiro97a3,0.85531
input.nsasg2,input.csiro97a3,0.13979
input.pirc7Aa,input.csiro97a3,0.00309
input.pirc7Ad,input.csiro97a3,0.66319
input.pirc7At,input.csiro97a3,0.02349
input.umcpa197,input.csiro97a3,0.81360
input.uwmt6a0,input.csiro97a3,0.00000
input.uwmt6a1,input.csiro97a3,0.00478
input.uwmt6a2,input.csiro97a3,0.22633
input.VrtyAH6a,input.csiro97a3,0.48996
input.VrtyAH6b,input.csiro97a3,0.10580
input.DCU97lt,input.DCU97lnt,0.15979
input.DCU97snt,input.DCU97lnt,0.00028
input.DCU97vs,input.DCU97lnt,0.00000
input.fsclt6,input.DCU97lnt,0.00000
input.fsclt6r,input.DCU97lnt,0.00000
input.fsclt6t,input.DCU97lnt,0.09602
input.gerua1,input.DCU97lnt,0.00000
input.gerua2,input.DCU97lnt,0.00000
input.gerua3,input.DCU97lnt,0.00056
input.glair61,input.DCU97lnt,0.00000
input.glair62,input.DCU97lnt,0.00000
input.glair64,input.DCU97lnt,0.12706
input.gmu97au1,input.DCU97lnt,0.00000
input.gmu97au2,input.DCU97lnt,0.00000
input.gmu97ma1,input.DCU97lnt,0.00000
input.gmu97ma2,input.DCU97lnt,0.66042
input.harris1,input.DCU97lnt,0.00000
input.ibmg97a,input.DCU97lnt,0.00000
input.ibmg97b,input.DCU97lnt,0.00000
input.ibms97a,input.DCU97lnt,0.00000
input.INQ401,input.DCU97lnt,0.00000
input.INQ402,input.DCU97lnt,0.00000
input.ispa1,input.DCU97lnt,0.22133
input.ispa2,input.DCU97lnt,0.11264
input.iss97man,input.DCU97lnt,0.00000
input.iss97s,input.DCU97lnt,0.13529
input.iss97vs,input.DCU97lnt,0.00000
input.jalbse,input.DCU97lnt,0.16169
input.jalbse0,input.DCU97lnt,0.08816
input.LNaShort,input.DCU97lnt,0.00000
input.LNaVryShort,input.DCU97lnt,0.00000
input.LNmShort,input.DCU97lnt,0.00000
input.mds601,input.DCU97lnt,0.00000
input.mds602,input.DCU97lnt,0.00000
input.mds603,input.DCU97lnt,0.00001
input.Mercure1,input.DCU97lnt,0.00000
input.Mercure2,input.DCU97lnt,0.00000
input.Mercure3,input.DCU97lnt,0.00000
input.nmsu1,input.DCU97lnt,0.12559
input.nmsu2,input.DCU97lnt,0.80670
input.nsasg1,input.DCU97lnt,0.00000
input.nsasg2,input.DCU97lnt,0.00060
input.pirc7Aa,input.DCU97lnt,0.00000
input.pirc7Ad,input.DCU97lnt,0.00000
input.pirc7At,input.DCU97lnt,0.00000
input.umcpa197,input.DCU97lnt,0.00000
input.uwmt6a0,input.DCU97lnt,0.00000
input.uwmt6a1,input.DCU97lnt,0.00000
input.uwmt6a2,input.DCU97lnt,0.00000
input.VrtyAH6a,input.DCU97lnt,0.00000
input.VrtyAH6b,input.DCU97lnt,0.00000
input.DCU97snt,input.DCU97lt,0.02577
input.DCU97vs,input.DCU97lt,0.00001
input.fsclt6,input.DCU97lt,0.00000
input.fsclt6r,input.DCU97lt,0.00000
input.fsclt6t,input.DCU97lt,0.79588
input.gerua1,input.DCU97lt,0.00000
input.gerua2,input.DCU97lt,0.00000
input.gerua3,input.DCU97lt,0.04095
input.glair61,input.DCU97lt,0.00000
input.glair62,input.DCU97lt,0.00019
input.glair64,input.DCU97lt,0.90448
input.gmu97au1,input.DCU97lt,0.00000
input.gmu97au2,input.DCU97lt,0.00001
input.gmu97ma1,input.DCU97lt,0.00050
input.gmu97ma2,input.DCU97lt,0.06502
input.harris1,input.DCU97lt,0.00000
input.ibmg97a,input.DCU97lt,0.00009
input.ibmg97b,input.DCU97lt,0.00000
input.ibms97a,input.DCU97lt,0.00000
input.INQ401,input.DCU97lt,0.00000
input.INQ402,input.DCU97lt,0.00000
input.ispa1,input.DCU97lt,0.00857
input.ispa2,input.DCU97lt,0.00277
input.iss97man,input.DCU97lt,0.00000
input.iss97s,input.DCU97lt,0.93005
input.iss97vs,input.DCU97lt,0.00000
input.jalbse,input.DCU97lt,0.00503
input.jalbse0,input.DCU97lt,0.00186
input.LNaShort,input.DCU97lt,0.00000
input.LNaVryShort,input.DCU97lt,0.00000
input.LNmShort,input.DCU97lt,0.00000
input.mds601,input.DCU97lt,0.00027
input.mds602,input.DCU97lt,0.00000
input.mds603,input.DCU97lt,0.00200
input.Mercure1,input.DCU97lt,0.00000
input.Mercure2,input.DCU97lt,0.00000
input.Mercure3,input.DCU97lt,0.00000
input.nmsu1,input.DCU97lt,0.00331
input.nmsu2,input.DCU97lt,0.24561
input.nsasg1,input.DCU97lt,0.00091
input.nsasg2,input.DCU97lt,0.04301
input.pirc7Aa,input.DCU97lt,0.00000
input.pirc7Ad,input.DCU97lt,0.00008
input.pirc7At,input.DCU97lt,0.00000
input.umcpa197,input.DCU97lt,0.00110
input.uwmt6a0,input.DCU97lt,0.00000
input.uwmt6a1,input.DCU97lt,0.00000
input.uwmt6a2,input.DCU97lt,0.00000
input.VrtyAH6a,input.DCU97lt,0.00003
input.VrtyAH6b,input.DCU97lt,0.00000
input.DCU97vs,input.DCU97snt,0.02557
input.fsclt6,input.DCU97snt,0.00016
input.fsclt6r,input.DCU97snt,0.00053
input.fsclt6t,input.DCU97snt,0.04872
input.gerua1,input.DCU97snt,0.00000
input.gerua2,input.DCU97snt,0.00000
input.gerua3,input.DCU97snt,0.85265
input.glair61,input.DCU97snt,0.01820
input.glair62,input.DCU97snt,0.13276
input.glair64,input.DCU97snt,0.03488
input.gmu97au1,input.DCU97snt,0.01716
input.gmu97au2,input.DCU97snt,0.02512
input.gmu97ma1,input.DCU97snt,0.21017
input.gmu97ma2,input.DCU97snt,0.00005
input.harris1,input.DCU97snt,0.01892
input.ibmg97a,input.DCU97snt,0.08936
input.ibmg97b,input.DCU97snt,0.00048
input.ibms97a,input.DCU97snt,0.01768
input.INQ401,input.DCU97snt,0.00574
input.INQ402,input.DCU97snt,0.00044
input.ispa1,input.DCU97snt,0.00000
input.ispa2,input.DCU97snt,0.00000
input.iss97man,input.DCU97snt,0.00014
input.iss97s,input.DCU97snt,0.03220
input.iss97vs,input.DCU97snt,0.00760
input.jalbse,input.DCU97snt,0.00000
input.jalbse0,input.DCU97snt,0.00000
input.LNaShort,input.DCU97snt,0.00007
input.LNaVryShort,input.DCU97snt,0.00475
input.LNmShort,input.DCU97snt,0.00000
input.mds601,input.DCU97snt,0.15816
input.mds602,input.DCU97snt,0.00115
input.mds603,input.DCU97snt,0.38955
input.Mercure1,input.DCU97snt,0.00000
input.Mercure2,input.DCU97snt,0.00145
input.Mercure3,input.DCU97snt,0.00002
input.nmsu1,input.DCU97snt,0.00000
input.nmsu2,input.DCU97snt,0.00070
input.nsasg1,input.DCU97snt,0.27653
input.nsasg2,input.DCU97snt,0.83672
input.pirc7Aa,input.DCU97snt,0.00002
input.pirc7Ad,input.DCU97snt,0.08801
input.pirc7At,input.DCU97snt,0.00041
input.umcpa197,input.DCU97snt,0.30080
input.uwmt6a0,input.DCU97snt,0.00000
input.uwmt6a1,input.DCU97snt,0.00004
input.uwmt6a2,input.DCU97snt,0.01313
input.VrtyAH6a,input.DCU97snt,0.04989
input.VrtyAH6b,input.DCU97snt,0.00388
input.fsclt6,input.DCU97vs,0.12248
input.fsclt6r,input.DCU97vs,0.21862
input.fsclt6t,input.DCU97vs,0.00003
input.gerua1,input.DCU97vs,0.00002
input.gerua2,input.DCU97vs,0.00000
input.gerua3,input.DCU97vs,0.01559
input.glair61,input.DCU97vs,0.89742
input.glair62,input.DCU97vs,0.46576
input.glair64,input.DCU97vs,0.00001
input.gmu97au1,input.DCU97vs,0.88034
input.gmu97au2,input.DCU97vs,0.99459
input.gmu97ma1,input.DCU97vs,0.32729
input.gmu97ma2,input.DCU97vs,0.00000
input.harris1,input.DCU97vs,0.90884
input.ibmg97a,input.DCU97vs,0.59341
input.ibmg97b,input.DCU97vs,0.20863
input.ibms97a,input.DCU97vs,0.88904
input.INQ401,input.DCU97vs,0.59635
input.INQ402,input.DCU97vs,0.20001
input.ispa1,input.DCU97vs,0.00000
input.ispa2,input.DCU97vs,0.00000
input.iss97man,input.DCU97vs,0.11565
input.iss97s,input.DCU97vs,0.00001
input.iss97vs,input.DCU97vs,0.66227
input.jalbse,input.DCU97vs,0.00000
input.jalbse0,input.DCU97vs,0.00000
input.LNaShort,input.DCU97vs,0.07843
input.LNaVryShort,input.DCU97vs,0.55442
input.LNmShort,input.DCU97vs,0.00000
input.mds601,input.DCU97vs,0.41141
input.mds602,input.DCU97vs,0.30880
input.mds603,input.DCU97vs,0.16998
input.Mercure1,input.DCU97vs,0.00215
input.Mercure2,input.DCU97vs,0.34087
input.Mercure3,input.DCU97vs,0.04483
input.nmsu1,input.DCU97vs,0.00000
input.nmsu2,input.DCU97vs,0.00000
input.nsasg1,input.DCU97vs,0.25240
input.nsasg2,input.DCU97vs,0.01474
input.pirc7Aa,input.DCU97vs,0.04583
input.pirc7Ad,input.DCU97vs,0.59841
input.pirc7At,input.DCU97vs,0.19252
input.umcpa197,input.DCU97vs,0.23092
input.uwmt6a0,input.DCU97vs,0.00000
input.uwmt6a1,input.DCU97vs,0.06295
input.uwmt6a2,input.DCU97vs,0.80440
input.VrtyAH6a,input.DCU97vs,0.78576
input.VrtyAH6b,input.DCU97vs,0.51235
input.fsclt6r,input.fsclt6,0.75335
input.fsclt6t,input.fsclt6,0.00000
input.gerua1,input.fsclt6,0.00737
input.gerua2,input.fsclt6,0.00031
input.gerua3,input.fsclt6,0.00007
input.glair61,input.fsclt6,0.15691
input.glair62,input.fsclt6,0.02298
input.glair64,input.fsclt6,0.00000
input.gmu97au1,input.fsclt6,0.16335
input.gmu97au2,input.fsclt6,0.12413
input.gmu97ma1,input.fsclt6,0.01160
input.gmu97ma2,input.fsclt6,0.00000
input.harris1,input.fsclt6,0.15273
input.ibmg97a,input.fsclt6,0.03768
input.ibmg97b,input.fsclt6,0.77404
input.ibms97a,input.fsclt6,0.16004
input.INQ401,input.fsclt6,0.31021
input.INQ402,input.fsclt6,0.79261
input.ispa1,input.fsclt6,0.00000
input.ispa2,input.fsclt6,0.00000
input.iss97man,input.fsclt6,0.97700
input.iss97s,input.fsclt6,0.00000
input.iss97vs,input.fsclt6,0.26801
input.jalbse,input.fsclt6,0.00000
input.jalbse0,input.fsclt6,0.00000
input.LNaShort,input.fsclt6,0.82944
input.LNaVryShort,input.fsclt6,0.34044
input.LNmShort,input.fsclt6,0.00096
input.mds601,input.fsclt6,0.01799
input.mds602,input.fsclt6,0.59841
input.mds603,input.fsclt6,0.00354
input.Mercure1,input.fsclt6,0.12759
input.Mercure2,input.fsclt6,0.55386
input.Mercure3,input.fsclt6,0.64422
input.nmsu1,input.fsclt6,0.00000
input.nmsu2,input.fsclt6,0.00000
input.nsasg1,input.fsclt6,0.00717
input.nsasg2,input.fsclt6,0.00007
input.pirc7Aa,input.fsclt6,0.65093
input.pirc7Ad,input.fsclt6,0.03835
input.pirc7At,input.fsclt6,0.80933
input.umcpa197,input.fsclt6,0.00610
input.uwmt6a0,input.fsclt6,0.00000
input.uwmt6a1,input.fsclt6,0.75270
input.uwmt6a2,input.fsclt6,0.19470
input.VrtyAH6a,input.fsclt6,0.06933
input.VrtyAH6b,input.fsclt6,0.37386
input.fsclt6t,input.fsclt6r,0.00000
input.gerua1,input.fsclt6r,0.00275
input.gerua2,input.fsclt6r,0.00009
input.gerua3,input.fsclt6r,0.00026
input.glair61,input.fsclt6r,0.27077
input.glair62,input.fsclt6r,0.05004
input.glair64,input.fsclt6r,0.00000
input.gmu97au1,input.fsclt6r,0.28029
input.gmu97au2,input.fsclt6r,0.22117
input.gmu97ma1,input.fsclt6r,0.02712
input.gmu97ma2,input.fsclt6r,0.00000
input.harris1,input.fsclt6r,0.26455
input.ibmg97a,input.fsclt6r,0.07771
input.ibmg97b,input.fsclt6r,0.97835
input.ibms97a,input.fsclt6r,0.27541
input.INQ401,input.fsclt6r,0.48358
input.INQ402,input.fsclt6r,0.95908
input.ispa1,input.fsclt6r,0.00000
input.ispa2,input.fsclt6r,0.00000
input.iss97man,input.fsclt6r,0.73155
input.iss97s,input.fsclt6r,0.00000
input.iss97vs,input.fsclt6r,0.42753
input.jalbse,input.fsclt6r,0.00000
input.jalbse0,input.fsclt6r,0.00000
input.LNaShort,input.fsclt6r,0.59635
input.LNaVryShort,input.fsclt6r,0.52278
input.LNmShort,input.fsclt6r,0.00030
input.mds601,input.fsclt6r,0.04021
input.mds602,input.fsclt6r,0.83175
input.mds603,input.fsclt6r,0.00926
input.Mercure1,input.fsclt6r,0.06608
input.Mercure2,input.fsclt6r,0.78120
input.Mercure3,input.fsclt6r,0.43773
input.nmsu1,input.fsclt6r,0.00000
input.nmsu2,input.fsclt6r,0.00000
input.nsasg1,input.fsclt6r,0.01756
input.nsasg2,input.fsclt6r,0.00024
input.pirc7Aa,input.fsclt6r,0.44326
input.pirc7Ad,input.fsclt6r,0.07894
input.pirc7At,input.fsclt6r,0.94185
input.umcpa197,input.fsclt6r,0.01517
input.uwmt6a0,input.fsclt6r,0.00000
input.uwmt6a1,input.fsclt6r,0.52915
input.uwmt6a2,input.fsclt6r,0.32583
input.VrtyAH6a,input.fsclt6r,0.13309
input.VrtyAH6b,input.fsclt6r,0.56527
input.gerua1,input.fsclt6t,0.00000
input.gerua2,input.fsclt6t,0.00000
input.gerua3,input.fsclt6t,0.07421
input.glair61,input.fsclt6t,0.00001
input.glair62,input.fsclt6t,0.00051
input.glair64,input.fsclt6t,0.88971
input.gmu97au1,input.fsclt6t,0.00001
input.gmu97au2,input.fsclt6t,0.00003
input.gmu97ma1,input.fsclt6t,0.00126
input.gmu97ma2,input.fsclt6t,0.03540
input.harris1,input.fsclt6t,0.00002
input.ibmg97a,input.fsclt6t,0.00024
input.ibmg97b,input.fsclt6t,0.00000
input.ibms97a,input.fsclt6t,0.00001
input.INQ401,input.fsclt6t,0.00000
input.INQ402,input.fsclt6t,0.00000
input.ispa1,input.fsclt6t,0.00388
input.ispa2,input.fsclt6t,0.00115
input.iss97man,input.fsclt6t,0.00000
input.iss97s,input.fsclt6t,0.86430
input.iss97vs,input.fsclt6t,0.00000
input.jalbse,input.fsclt6t,0.00218
input.jalbse0,input.fsclt6t,0.00075
input.LNaShort,input.fsclt6t,0.00000
input.LNaVryShort,input.fsclt6t,0.00000
input.LNmShort,input.fsclt6t,0.00000
input.mds601,input.fsclt6t,0.00072
input.mds602,input.fsclt6t,0.00000
input.mds603,input.fsclt6t,0.00463
input.Mercure1,input.fsclt6t,0.00000
input.Mercure2,input.fsclt6t,0.00000
input.Mercure3,input.fsclt6t,0.00000
input.nmsu1,input.fsclt6t,0.00139
input.nmsu2,input.fsclt6t,0.15568
input.nsasg1,input.fsclt6t,0.00222
input.nsasg2,input.fsclt6t,0.07757
input.pirc7Aa,input.fsclt6t,0.00000
input.pirc7Ad,input.fsclt6t,0.00024
input.pirc7At,input.fsclt6t,0.00000
input.umcpa197,input.fsclt6t,0.00265
input.uwmt6a0,input.fsclt6t,0.00000
input.uwmt6a1,input.fsclt6t,0.00000
input.uwmt6a2,input.fsclt6t,0.00001
input.VrtyAH6a,input.fsclt6t,0.00008
input.VrtyAH6b,input.fsclt6t,0.00000
input.gerua2,input.gerua1,0.35239
input.gerua3,input.gerua1,0.00000
input.glair61,input.gerua1,0.00004
input.glair62,input.gerua1,0.00000
input.glair64,input.gerua1,0.00000
input.gmu97au1,input.gerua1,0.00005
input.gmu97au2,input.gerua1,0.00002
input.gmu97ma1,input.gerua1,0.00000
input.gmu97ma2,input.gerua1,0.00000
input.harris1,input.gerua1,0.00004
input.ibmg97a,input.gerua1,0.00000
input.ibmg97b,input.gerua1,0.00301
input.ibms97a,input.gerua1,0.00004
input.INQ401,input.gerua1,0.00022
input.INQ402,input.gerua1,0.00325
input.ispa1,input.gerua1,0.00000
input.ispa2,input.gerua1,0.00000
input.iss97man,input.gerua1,0.00803
input.iss97s,input.gerua1,0.00000
input.iss97vs,input.gerua1,0.00015
input.jalbse,input.gerua1,0.00000
input.jalbse0,input.gerua1,0.00000
input.LNaShort,input.gerua1,0.01373
input.LNaVryShort,input.gerua1,0.00028
input.LNmShort,input.gerua1,0.53443
input.mds601,input.gerua1,0.00000
input.mds602,input.gerua1,0.00134
input.mds603,input.gerua1,0.00000
input.Mercure1,input.gerua1,0.24768
input.Mercure2,input.gerua1,0.00107
input.Mercure3,input.gerua1,0.02656
input.nmsu1,input.gerua1,0.00000
input.nmsu2,input.gerua1,0.00000
input.nsasg1,input.gerua1,0.00000
input.nsasg2,input.gerua1,0.00000
input.pirc7Aa,input.gerua1,0.02593
input.pirc7Ad,input.gerua1,0.00000
input.pirc7At,input.gerua1,0.00349
input.umcpa197,input.gerua1,0.00000
input.uwmt6a0,input.gerua1,0.00692
input.uwmt6a1,input.gerua1,0.01805
input.uwmt6a2,input.gerua1,0.00007
input.VrtyAH6a,input.gerua1,0.00001
input.VrtyAH6b,input.gerua1,0.00036
input.gerua3,input.gerua2,0.00000
input.glair61,input.gerua2,0.00000
input.glair62,input.gerua2,0.00000
input.glair64,input.gerua2,0.00000
input.gmu97au1,input.gerua2,0.00000
input.gmu97au2,input.gerua2,0.00000
input.gmu97ma1,input.gerua2,0.00000
input.gmu97ma2,input.gerua2,0.00000
input.harris1,input.gerua2,0.00000
input.ibmg97a,input.gerua2,0.00000
input.ibmg97b,input.gerua2,0.00010
input.ibms97a,input.gerua2,0.00000
input.INQ401,input.gerua2,0.00000
input.INQ402,input.gerua2,0.00011
input.ispa1,input.gerua2,0.00000
input.ispa2,input.gerua2,0.00000
input.iss97man,input.gerua2,0.00034
input.iss97s,input.gerua2,0.00000
input.iss97vs,input.gerua2,0.00000
input.jalbse,input.gerua2,0.00000
input.jalbse0,input.gerua2,0.00000
input.LNaShort,input.gerua2,0.00069
input.LNaVryShort,input.gerua2,0.00001
input.LNmShort,input.gerua2,0.75754
input.mds601,input.gerua2,0.00000
input.mds602,input.gerua2,0.00004
input.mds603,input.gerua2,0.00000
input.Mercure1,input.gerua2,0.03698
input.Mercure2,input.gerua2,0.00003
input.Mercure3,input.gerua2,0.00164
input.nmsu1,input.gerua2,0.00000
input.nmsu2,input.gerua2,0.00000
input.nsasg1,input.gerua2,0.00000
input.nsasg2,input.gerua2,0.00000
input.pirc7Aa,input.gerua2,0.00159
input.pirc7Ad,input.gerua2,0.00000
input.pirc7At,input.gerua2,0.00012
input.umcpa197,input.gerua2,0.00000
input.uwmt6a0,input.gerua2,0.07665
input.uwmt6a1,input.gerua2,0.00099
input.uwmt6a2,input.gerua2,0.00000
input.VrtyAH6a,input.gerua2,0.00000
input.VrtyAH6b,input.gerua2,0.00001
input.glair61,input.gerua3,0.01085
input.glair62,input.gerua3,0.09121
input.glair64,input.gerua3,0.05436
input.gmu97au1,input.gerua3,0.01020
input.gmu97au2,input.gerua3,0.01530
input.gmu97ma1,input.gerua3,0.15019
input.gmu97ma2,input.gerua3,0.00010
input.harris1,input.gerua3,0.01131
input.ibmg97a,input.gerua3,0.05949
input.ibmg97b,input.gerua3,0.00024
input.ibms97a,input.gerua3,0.01053
input.INQ401,input.gerua3,0.00320
input.INQ402,input.gerua3,0.00022
input.ispa1,input.gerua3,0.00000
input.ispa2,input.gerua3,0.00000
input.iss97man,input.gerua3,0.00007
input.iss97s,input.gerua3,0.05044
input.iss97vs,input.gerua3,0.00430
input.jalbse,input.gerua3,0.00000
input.jalbse0,input.gerua3,0.00000
input.LNaShort,input.gerua3,0.00003
input.LNaVryShort,input.gerua3,0.00262
input.LNmShort,input.gerua3,0.00000
input.mds601,input.gerua3,0.11026
input.mds602,input.gerua3,0.00059
input.mds603,input.gerua3,0.29548
input.Mercure1,input.gerua3,0.00000
input.Mercure2,input.gerua3,0.00075
input.Mercure3,input.gerua3,0.00001
input.nmsu1,input.gerua3,0.00000
input.nmsu2,input.gerua3,0.00135
input.nsasg1,input.gerua3,0.20270
input.nsasg2,input.gerua3,0.98376
input.pirc7Aa,input.gerua3,0.00001
input.pirc7Ad,input.gerua3,0.05852
input.pirc7At,input.gerua3,0.00020
input.umcpa197,input.gerua3,0.22229
input.uwmt6a0,input.gerua3,0.00000
input.uwmt6a1,input.gerua3,0.00002
input.uwmt6a2,input.gerua3,0.00767
input.VrtyAH6a,input.gerua3,0.03182
input.VrtyAH6b,input.gerua3,0.00211
input.glair62,input.glair61,0.39072
input.glair64,input.glair61,0.00001
input.gmu97au1,input.glair61,0.98275
input.gmu97au2,input.glair61,0.90280
input.gmu97ma1,input.glair61,0.26764
input.gmu97ma2,input.glair61,0.00000
input.harris1,input.glair61,0.98850
input.ibmg97a,input.glair61,0.50745
input.ibmg97b,input.glair61,0.25914
input.ibms97a,input.glair61,0.99154
input.INQ401,input.glair61,0.68861
input.INQ402,input.glair61,0.24907
input.ispa1,input.glair61,0.00000
input.ispa2,input.glair61,0.00000
input.iss97man,input.glair61,0.14864
input.iss97s,input.glair61,0.00001
input.iss97vs,input.glair61,0.75818
input.jalbse,input.glair61,0.00000
input.jalbse0,input.glair61,0.00000
input.LNaShort,input.glair61,0.10290
input.LNaVryShort,input.glair61,0.64392
input.LNmShort,input.glair61,0.00000
input.mds601,input.glair61,0.34195
input.mds602,input.glair61,0.37409
input.mds603,input.glair61,0.13331
input.Mercure1,input.glair61,0.00329
input.Mercure2,input.glair61,0.41021
input.Mercure3,input.glair61,0.06047
input.nmsu1,input.glair61,0.00000
input.nmsu2,input.glair61,0.00000
input.nsasg1,input.glair61,0.20285
input.nsasg2,input.glair61,0.01024
input.pirc7Aa,input.glair61,0.06176
input.pirc7Ad,input.glair61,0.51208
input.pirc7At,input.glair61,0.24030
input.umcpa197,input.glair61,0.18454
input.uwmt6a0,input.glair61,0.00000
input.uwmt6a1,input.glair61,0.08352
input.uwmt6a2,input.glair61,0.90548
input.VrtyAH6a,input.glair61,0.68861
input.VrtyAH6b,input.glair61,0.59871
input.glair64,input.glair62,0.00030
input.gmu97au1,input.glair62,0.37890
input.gmu97au2,input.glair62,0.46162
input.gmu97ma1,input.glair62,0.80243
input.gmu97ma2,input.glair62,0.00000
input.harris1,input.glair62,0.39873
input.ibmg97a,input.glair62,0.84501
input.ibmg97b,input.glair62,0.04695
input.ibms97a,input.glair62,0.38490
input.INQ401,input.glair62,0.20801
input.INQ402,input.glair62,0.04433
input.ispa1,input.glair62,0.00000
input.ispa2,input.glair62,0.00000
input.iss97man,input.glair62,0.02130
input.iss97s,input.glair62,0.00027
input.iss97vs,input.glair62,0.24354
input.jalbse,input.glair62,0.00000
input.jalbse0,input.glair62,0.00000
input.LNaShort,input.glair62,0.01280
input.LNaVryShort,input.glair62,0.18666
input.LNmShort,input.glair62,0.00000
input.mds601,input.glair62,0.92668
input.mds602,input.glair62,0.08061
input.mds603,input.glair62,0.52030
input.Mercure1,input.glair62,0.00015
input.Mercure2,input.glair62,0.09260
input.Mercure3,input.glair62,0.00623
input.nmsu1,input.glair62,0.00000
input.nmsu2,input.glair62,0.00000
input.nsasg1,input.glair62,0.67803
input.nsasg2,input.glair62,0.08738
input.pirc7Aa,input.glair62,0.00640
input.pirc7Ad,input.glair62,0.83937
input.pirc7At,input.glair62,0.04210
input.umcpa197,input.glair62,0.63936
input.uwmt6a0,input.glair62,0.00000
input.uwmt6a1,input.glair62,0.00963
input.uwmt6a2,input.glair62,0.32855
input.VrtyAH6a,input.glair62,0.64726
input.VrtyAH6b,input.glair62,0.16618
input.gmu97au1,input.glair64,0.00001
input.gmu97au2,input.glair64,0.00001
input.gmu97ma1,input.glair64,0.00077
input.gmu97ma2,input.glair64,0.04940
input.harris1,input.glair64,0.00001
input.ibmg97a,input.glair64,0.00014
input.ibmg97b,input.glair64,0.00000
input.ibms97a,input.glair64,0.00001
input.INQ401,input.glair64,0.00000
input.INQ402,input.glair64,0.00000
input.ispa1,input.glair64,0.00598
input.ispa2,input.glair64,0.00186
input.iss97man,input.glair64,0.00000
input.iss97s,input.glair64,0.97429
input.iss97vs,input.glair64,0.00000
input.jalbse,input.glair64,0.00344
input.jalbse0,input.glair64,0.00123
input.LNaShort,input.glair64,0.00000
input.LNaVryShort,input.glair64,0.00000
input.LNmShort,input.glair64,0.00000
input.mds601,input.glair64,0.00043
input.mds602,input.glair64,0.00000
input.mds603,input.glair64,0.00298
input.Mercure1,input.glair64,0.00000
input.Mercure2,input.glair64,0.00000
input.Mercure3,input.glair64,0.00000
input.nmsu1,input.glair64,0.00223
input.nmsu2,input.glair64,0.20016
input.nsasg1,input.glair64,0.00138
input.nsasg2,input.glair64,0.05696
input.pirc7Aa,input.glair64,0.00000
input.pirc7Ad,input.glair64,0.00014
input.pirc7At,input.glair64,0.00000
input.umcpa197,input.glair64,0.00166
input.uwmt6a0,input.glair64,0.00000
input.uwmt6a1,input.glair64,0.00000
input.uwmt6a2,input.glair64,0.00000
input.VrtyAH6a,input.glair64,0.00005
input.VrtyAH6b,input.glair64,0.00000
input.gmu97au2,input.gmu97au1,0.88569
input.gmu97ma1,input.gmu97au1,0.25842
input.gmu97ma2,input.gmu97au1,0.00000
input.harris1,input.gmu97au1,0.97125
input.ibmg97a,input.gmu97au1,0.49370
input.ibmg97b,input.gmu97au1,0.26838
input.ibms97a,input.gmu97au1,0.99120
input.INQ401,input.gmu97au1,0.70460
input.INQ402,input.gmu97au1,0.25806
input.ispa1,input.gmu97au1,0.00000
input.ispa2,input.gmu97au1,0.00000
input.iss97man,input.gmu97au1,0.15481
input.iss97s,input.gmu97au1,0.00001
input.iss97vs,input.gmu97au1,0.77469
input.jalbse,input.gmu97au1,0.00000
input.jalbse0,input.gmu97au1,0.00000
input.LNaShort,input.gmu97au1,0.10755
input.LNaVryShort,input.gmu97au1,0.65950
input.LNmShort,input.gmu97au1,0.00000
input.mds601,input.gmu97au1,0.33107
input.mds602,input.gmu97au1,0.38583
input.mds603,input.gmu97au1,0.12781
input.Mercure1,input.gmu97au1,0.00353
input.Mercure2,input.gmu97au1,0.42261
input.Mercure3,input.gmu97au1,0.06350
input.nmsu1,input.gmu97au1,0.00000
input.nmsu2,input.gmu97au1,0.00000
input.nsasg1,input.gmu97au1,0.19529
input.nsasg2,input.gmu97au1,0.00962
input.pirc7Aa,input.gmu97au1,0.06484
input.pirc7Ad,input.gmu97au1,0.49826
input.pirc7At,input.gmu97au1,0.24907
input.umcpa197,input.gmu97au1,0.17749
input.uwmt6a0,input.gmu97au1,0.00000
input.uwmt6a1,input.gmu97au1,0.08746
input.uwmt6a2,input.gmu97au1,0.92264
input.VrtyAH6a,input.gmu97au1,0.67276
input.VrtyAH6b,input.gmu97au1,0.61381
input.gmu97ma1,input.gmu97au2,0.32395
input.gmu97ma2,input.gmu97au2,0.00000
input.harris1,input.gmu97au2,0.91422
input.ibmg97a,input.gmu97au2,0.58873
input.ibmg97b,input.gmu97au2,0.21109
input.ibms97a,input.gmu97au2,0.89441
input.INQ401,input.gmu97au2,0.60106
input.INQ402,input.gmu97au2,0.20240
input.ispa1,input.gmu97au2,0.00000
input.ispa2,input.gmu97au2,0.00000
input.iss97man,input.gmu97au2,0.11723
input.iss97s,input.gmu97au2,0.00001
input.iss97vs,input.gmu97au2,0.66719
input.jalbse,input.gmu97au2,0.00000
input.jalbse0,input.gmu97au2,0.00000
input.LNaShort,input.gmu97au2,0.07959
input.LNaVryShort,input.gmu97au2,0.55898
input.LNmShort,input.gmu97au2,0.00000
input.mds601,input.gmu97au2,0.40756
input.mds602,input.gmu97au2,0.31203
input.mds603,input.gmu97au2,0.16788
input.Mercure1,input.gmu97au2,0.00220
input.Mercure2,input.gmu97au2,0.34432
input.Mercure3,input.gmu97au2,0.04556
input.nmsu1,input.gmu97au2,0.00000
input.nmsu2,input.gmu97au2,0.00000
input.nsasg1,input.gmu97au2,0.24959
input.nsasg2,input.gmu97au2,0.01446
input.pirc7Aa,input.gmu97au2,0.04658
input.pirc7Ad,input.gmu97au2,0.59371
input.pirc7At,input.gmu97au2,0.19485
input.umcpa197,input.gmu97au2,0.22829
input.uwmt6a0,input.gmu97au2,0.00000
input.uwmt6a1,input.gmu97au2,0.06392
input.uwmt6a2,input.gmu97au2,0.80966
input.VrtyAH6a,input.gmu97au2,0.78054
input.VrtyAH6b,input.gmu97au2,0.51673
input.gmu97ma2,input.gmu97ma1,0.00000
input.harris1,input.gmu97ma1,0.27392
input.ibmg97a,input.gmu97ma1,0.65582
input.ibmg97b,input.gmu97ma1,0.02529
input.ibms97a,input.gmu97ma1,0.26310
input.INQ401,input.gmu97ma1,0.13124
input.INQ402,input.gmu97ma1,0.02375
input.ispa1,input.gmu97ma1,0.00000
input.ispa2,input.gmu97ma1,0.00000
input.iss97man,input.gmu97ma1,0.01068
input.iss97s,input.gmu97ma1,0.00069
input.iss97vs,input.gmu97ma1,0.15667
input.jalbse,input.gmu97ma1,0.00000
input.jalbse0,input.gmu97ma1,0.00000
input.LNaShort,input.gmu97ma1,0.00615
input.LNaVryShort,input.gmu97ma1,0.11624
input.LNmShort,input.gmu97ma1,0.00000
input.mds601,input.gmu97ma1,0.87432
input.mds602,input.gmu97ma1,0.04579
input.mds603,input.gmu97ma1,0.69455
input.Mercure1,input.gmu97ma1,0.00005
input.Mercure2,input.gmu97ma1,0.05336
input.Mercure3,input.gmu97ma1,0.00283
input.nmsu1,input.gmu97ma1,0.00000
input.nmsu2,input.gmu97ma1,0.00000
input.nsasg1,input.gmu97ma1,0.86897
input.nsasg2,input.gmu97ma1,0.14451
input.pirc7Aa,input.gmu97ma1,0.00292
input.pirc7Ad,input.gmu97ma1,0.65062
input.pirc7At,input.gmu97ma1,0.02245
input.umcpa197,input.gmu97ma1,0.82712
input.uwmt6a0,input.gmu97ma1,0.00000
input.uwmt6a1,input.gmu97ma1,0.00452
input.uwmt6a2,input.gmu97ma1,0.21973
input.VrtyAH6a,input.gmu97ma1,0.47909
input.VrtyAH6b,input.gmu97ma1,0.10210
input.harris1,input.gmu97ma2,0.00000
input.ibmg97a,input.gmu97ma2,0.00000
input.ibmg97b,input.gmu97ma2,0.00000
input.ibms97a,input.gmu97ma2,0.00000
input.INQ401,input.gmu97ma2,0.00000
input.INQ402,input.gmu97ma2,0.00000
input.ispa1,input.gmu97ma2,0.43323
input.ispa2,input.gmu97ma2,0.25134
input.iss97man,input.gmu97ma2,0.00000
input.iss97s,input.gmu97ma2,0.05325
input.iss97vs,input.gmu97ma2,0.00000
input.jalbse,input.gmu97ma2,0.33701
input.jalbse0,input.gmu97ma2,0.20557
input.LNaShort,input.gmu97ma2,0.00000
input.LNaVryShort,input.gmu97ma2,0.00000
input.LNmShort,input.gmu97ma2,0.00000
input.mds601,input.gmu97ma2,0.00000
input.mds602,input.gmu97ma2,0.00000
input.mds603,input.gmu97ma2,0.00000
input.Mercure1,input.gmu97ma2,0.00000
input.Mercure2,input.gmu97ma2,0.00000
input.Mercure3,input.gmu97ma2,0.00000
input.nmsu1,input.gmu97ma2,0.27466
input.nmsu2,input.gmu97ma2,0.49397
input.nsasg1,input.gmu97ma2,0.00000
input.nsasg2,input.gmu97ma2,0.00011
input.pirc7Aa,input.gmu97ma2,0.00000
input.pirc7Ad,input.gmu97ma2,0.00000
input.pirc7At,input.gmu97ma2,0.00000
input.umcpa197,input.gmu97ma2,0.00000
input.uwmt6a0,input.gmu97ma2,0.00000
input.uwmt6a1,input.gmu97ma2,0.00000
input.uwmt6a2,input.gmu97ma2,0.00000
input.VrtyAH6a,input.gmu97ma2,0.00000
input.VrtyAH6b,input.gmu97ma2,0.00000
input.ibmg97a,input.harris1,0.51673
input.ibmg97b,input.harris1,0.25310
input.ibms97a,input.harris1,0.98004
input.INQ401,input.harris1,0.67803
input.INQ402,input.harris1,0.24320
input.ispa1,input.harris1,0.00000
input.ispa2,input.harris1,0.00000
input.iss97man,input.harris1,0.14463
input.iss97s,input.harris1,0.00001
input.iss97vs,input.harris1,0.74723
input.jalbse,input.harris1,0.00000
input.jalbse0,input.harris1,0.00000
input.LNaShort,input.harris1,0.09989
input.LNaVryShort,input.harris1,0.63361
input.LNmShort,input.harris1,0.00000
input.mds601,input.harris1,0.34932
input.mds602,input.harris1,0.36639
input.mds603,input.harris1,0.13708
input.Mercure1,input.harris1,0.00314
input.Mercure2,input.harris1,0.40206
input.Mercure3,input.harris1,0.05852
input.nmsu1,input.harris1,0.00000
input.nmsu2,input.harris1,0.00000
input.nsasg1,input.harris1,0.20801
input.nsasg2,input.harris1,0.01067
input.pirc7Aa,input.harris1,0.05978
input.pirc7Ad,input.harris1,0.52140
input.pirc7At,input.harris1,0.23458
input.umcpa197,input.harris1,0.18936
input.uwmt6a0,input.harris1,0.00000
input.uwmt6a1,input.harris1,0.08098
input.uwmt6a2,input.harris1,0.89407
input.VrtyAH6a,input.harris1,0.69926
input.VrtyAH6b,input.harris1,0.58873
input.ibmg97b,input.ibmg97a,0.07325
input.ibms97a,input.ibmg97a,0.50068
input.INQ401,input.ibmg97a,0.28753
input.INQ402,input.ibmg97a,0.06946
input.ispa1,input.ibmg97a,0.00000
input.ispa2,input.ibmg97a,0.00000
input.iss97man,input.ibmg97a,0.03510
input.iss97s,input.ibmg97a,0.00012
input.iss97vs,input.ibmg97a,0.33171
input.jalbse,input.ibmg97a,0.00000
input.jalbse0,input.ibmg97a,0.00000
input.LNaShort,input.ibmg97a,0.02180
input.LNaVryShort,input.ibmg97a,0.26057
input.LNmShort,input.ibmg97a,0.00000
input.mds601,input.ibmg97a,0.77372
input.mds602,input.ibmg97a,0.12075
input.mds603,input.ibmg97a,0.40182
input.Mercure1,input.ibmg97a,0.00032
input.Mercure2,input.ibmg97a,0.13719
input.Mercure3,input.ibmg97a,0.01108
input.nmsu1,input.ibmg97a,0.00000
input.nmsu2,input.ibmg97a,0.00000
input.nsasg1,input.ibmg97a,0.54143
input.nsasg2,input.ibmg97a,0.05679
input.pirc7Aa,input.ibmg97a,0.01138
input.pirc7Ad,input.ibmg97a,0.99425
input.pirc7At,input.ibmg97a,0.06620
input.umcpa197,input.ibmg97a,0.50664
input.uwmt6a0,input.ibmg97a,0.00000
input.uwmt6a1,input.ibmg97a,0.01669
input.uwmt6a2,input.ibmg97a,0.43448
input.VrtyAH6a,input.ibmg97a,0.79327
input.VrtyAH6b,input.ibmg97a,0.23441
input.ibms97a,input.ibmg97b,0.26364
input.INQ401,input.ibmg97b,0.46680
input.INQ402,input.ibmg97b,0.98072
input.ispa1,input.ibmg97b,0.00000
input.ispa2,input.ibmg97b,0.00000
input.iss97man,input.ibmg97b,0.75206
input.iss97s,input.ibmg97b,0.00000
input.iss97vs,input.ibmg97b,0.41189
input.jalbse,input.ibmg97b,0.00000
input.jalbse0,input.ibmg97b,0.00000
input.LNaShort,input.ibmg97b,0.61530
input.LNaVryShort,input.ibmg97b,0.50528
input.LNmShort,input.ibmg97b,0.00033
input.mds601,input.ibmg97b,0.03764
input.mds602,input.ibmg97b,0.81064
input.mds603,input.ibmg97b,0.00855
input.Mercure1,input.ibmg97b,0.07018
input.Mercure2,input.ibmg97b,0.76044
input.Mercure3,input.ibmg97b,0.45392
input.nmsu1,input.ibmg97b,0.00000
input.nmsu2,input.ibmg97b,0.00000
input.nsasg1,input.ibmg97b,0.01631
input.nsasg2,input.ibmg97b,0.00022
input.pirc7Aa,input.ibmg97b,0.45956
input.pirc7Ad,input.ibmg97b,0.07442
input.pirc7At,input.ibmg97b,0.96347
input.umcpa197,input.ibmg97b,0.01408
input.uwmt6a0,input.ibmg97b,0.00000
input.uwmt6a1,input.ibmg97b,0.54706
input.uwmt6a2,input.ibmg97b,0.31264
input.VrtyAH6a,input.ibmg97b,0.12622
input.VrtyAH6b,input.ibmg97b,0.54706
input.INQ401,input.ibms97a,0.69643
input.INQ402,input.ibms97a,0.25345
input.ispa1,input.ibms97a,0.00000
input.ispa2,input.ibms97a,0.00000
input.iss97man,input.ibms97a,0.15164
input.iss97s,input.ibms97a,0.00001
input.iss97vs,input.ibms97a,0.76626
input.jalbse,input.ibms97a,0.00000
input.jalbse0,input.ibms97a,0.00000
input.LNaShort,input.ibms97a,0.10516
input.LNaVryShort,input.ibms97a,0.65154
input.LNmShort,input.ibms97a,0.00000
input.mds601,input.ibms97a,0.33659
input.mds602,input.ibms97a,0.37982
input.mds603,input.ibms97a,0.13059
input.Mercure1,input.ibms97a,0.00341
input.Mercure2,input.ibms97a,0.41626
input.Mercure3,input.ibms97a,0.06194
input.nmsu1,input.ibms97a,0.00000
input.nmsu2,input.ibms97a,0.00000
input.nsasg1,input.ibms97a,0.19912
input.nsasg2,input.ibms97a,0.00993
input.pirc7Aa,input.ibms97a,0.06325
input.pirc7Ad,input.ibms97a,0.50528
input.pirc7At,input.ibms97a,0.24457
input.umcpa197,input.ibms97a,0.18106
input.uwmt6a0,input.ibms97a,0.00000
input.uwmt6a1,input.ibms97a,0.08543
input.uwmt6a2,input.ibms97a,0.91389
input.VrtyAH6a,input.ibms97a,0.68082
input.VrtyAH6b,input.ibms97a,0.60609
input.INQ402,input.INQ401,0.45213
input.ispa1,input.INQ401,0.00000
input.ispa2,input.INQ401,0.00000
input.iss97man,input.INQ401,0.29666
input.iss97s,input.INQ401,0.00000
input.iss97vs,input.INQ401,0.92601
input.jalbse,input.INQ401,0.00000
input.jalbse0,input.INQ401,0.00000
input.LNaShort,input.INQ401,0.21862
input.LNaVryShort,input.INQ401,0.95097
input.LNmShort,input.INQ401,0.00002
input.mds601,input.INQ401,0.17667
input.mds602,input.INQ401,0.62548
input.mds603,input.INQ401,0.05718
input.Mercure1,input.INQ401,0.01113
input.Mercure2,input.INQ401,0.67245
input.Mercure3,input.INQ401,0.13979
input.nmsu1,input.INQ401,0.00000
input.nmsu2,input.INQ401,0.00000
input.nsasg1,input.INQ401,0.09409
input.nsasg2,input.INQ401,0.00299
input.pirc7Aa,input.INQ401,0.14230
input.pirc7Ad,input.INQ401,0.29081
input.pirc7At,input.INQ401,0.43923
input.umcpa197,input.INQ401,0.08405
input.uwmt6a0,input.INQ401,0.00000
input.uwmt6a1,input.INQ401,0.18356
input.uwmt6a2,input.INQ401,0.77794
input.VrtyAH6a,input.INQ401,0.42285
input.VrtyAH6b,input.INQ401,0.90011
input.ispa1,input.INQ402,0.00000
input.ispa2,input.INQ402,0.00000
input.iss97man,input.INQ402,0.77047
input.iss97s,input.INQ402,0.00000
input.iss97vs,input.INQ402,0.39826
input.jalbse,input.INQ402,0.00000
input.jalbse0,input.INQ402,0.00000
input.LNaShort,input.INQ402,0.63241
input.LNaVryShort,input.INQ402,0.48996
input.LNmShort,input.INQ402,0.00037
input.mds601,input.INQ402,0.03547
input.mds602,input.INQ402,0.79196
input.mds603,input.INQ402,0.00796
input.Mercure1,input.INQ402,0.07401
input.Mercure2,input.INQ402,0.74210
input.Mercure3,input.INQ402,0.46862
input.nmsu1,input.INQ402,0.00000
input.nmsu2,input.INQ402,0.00000
input.nsasg1,input.INQ402,0.01526
input.nsasg2,input.INQ402,0.00020
input.pirc7Aa,input.INQ402,0.47436
input.pirc7Ad,input.INQ402,0.07057
input.pirc7At,input.INQ402,0.98275
input.umcpa197,input.INQ402,0.01316
input.uwmt6a0,input.INQ402,0.00000
input.uwmt6a1,input.INQ402,0.56326
input.uwmt6a2,input.INQ402,0.30120
input.VrtyAH6a,input.INQ402,0.12034
input.VrtyAH6b,input.INQ402,0.53109
input.ispa2,input.ispa1,0.71629
input.iss97man,input.ispa1,0.00000
input.iss97s,input.ispa1,0.00660
input.iss97vs,input.ispa1,0.00000
input.jalbse,input.ispa1,0.85997
input.jalbse0,input.ispa1,0.62969
input.LNaShort,input.ispa1,0.00000
input.LNaVryShort,input.ispa1,0.00000
input.LNmShort,input.ispa1,0.00000
input.mds601,input.ispa1,0.00000
input.mds602,input.ispa1,0.00000
input.mds603,input.ispa1,0.00000
input.Mercure1,input.ispa1,0.00000
input.Mercure2,input.ispa1,0.00000
input.Mercure3,input.ispa1,0.00000
input.nmsu1,input.ispa1,0.75754
input.nmsu2,input.ispa1,0.14219
input.nsasg1,input.ispa1,0.00000
input.nsasg2,input.ispa1,0.00000
input.pirc7Aa,input.ispa1,0.00000
input.pirc7Ad,input.ispa1,0.00000
input.pirc7At,input.ispa1,0.00000
input.umcpa197,input.ispa1,0.00000
input.uwmt6a0,input.ispa1,0.00000
input.uwmt6a1,input.ispa1,0.00000
input.uwmt6a2,input.ispa1,0.00000
input.VrtyAH6a,input.ispa1,0.00000
input.VrtyAH6b,input.ispa1,0.00000
input.iss97man,input.ispa2,0.00000
input.iss97s,input.ispa2,0.00207
input.iss97vs,input.ispa2,0.00000
input.jalbse,input.ispa2,0.85165
input.jalbse0,input.ispa2,0.90548
input.LNaShort,input.ispa2,0.00000
input.LNaVryShort,input.ispa2,0.00000
input.LNmShort,input.ispa2,0.00000
input.mds601,input.ispa2,0.00000
input.mds602,input.ispa2,0.00000
input.mds603,input.ispa2,0.00000
input.Mercure1,input.ispa2,0.00000
input.Mercure2,input.ispa2,0.00000
input.Mercure3,input.ispa2,0.00000
input.nmsu1,input.ispa2,0.95637
input.nmsu2,input.ispa2,0.06708
input.nsasg1,input.ispa2,0.00000
input.nsasg2,input.ispa2,0.00000
input.pirc7Aa,input.ispa2,0.00000
input.pirc7Ad,input.ispa2,0.00000
input.pirc7At,input.ispa2,0.00000
input.umcpa197,input.ispa2,0.00000
input.uwmt6a0,input.ispa2,0.00000
input.uwmt6a1,input.ispa2,0.00000
input.uwmt6a2,input.ispa2,0.00000
input.VrtyAH6a,input.ispa2,0.00000
input.VrtyAH6b,input.ispa2,0.00000
input.iss97s,input.iss97man,0.00000
input.iss97vs,input.iss97man,0.25575
input.jalbse,input.iss97man,0.00000
input.jalbse0,input.iss97man,0.00000
input.LNaShort,input.iss97man,0.85198
input.LNaVryShort,input.iss97man,0.32603
input.LNmShort,input.iss97man,0.00107
input.mds601,input.iss97man,0.01663
input.mds602,input.iss97man,0.57854
input.mds603,input.iss97man,0.00322
input.Mercure1,input.iss97man,0.13496
input.Mercure2,input.iss97man,0.53471
input.Mercure3,input.iss97man,0.66504
input.nmsu1,input.iss97man,0.00000
input.nmsu2,input.iss97man,0.00000
input.nsasg1,input.iss97man,0.00657
input.nsasg2,input.iss97man,0.00006
input.pirc7Aa,input.iss97man,0.67183
input.pirc7Ad,input.iss97man,0.03573
input.pirc7At,input.iss97man,0.78706
input.umcpa197,input.iss97man,0.00558
input.uwmt6a0,input.iss97man,0.00000
input.uwmt6a1,input.iss97man,0.77469
input.uwmt6a2,input.iss97man,0.18496
input.VrtyAH6a,input.iss97man,0.06502
input.VrtyAH6b,input.iss97man,0.35857
input.iss97vs,input.iss97s,0.00000
input.jalbse,input.iss97s,0.00382
input.jalbse0,input.iss97s,0.00138
input.LNaShort,input.iss97s,0.00000
input.LNaVryShort,input.iss97s,0.00000
input.LNmShort,input.iss97s,0.00000
input.mds601,input.iss97s,0.00038
input.mds602,input.iss97s,0.00000
input.mds603,input.iss97s,0.00268
input.Mercure1,input.iss97s,0.00000
input.Mercure2,input.iss97s,0.00000
input.Mercure3,input.iss97s,0.00000
input.nmsu1,input.iss97s,0.00248
input.nmsu2,input.iss97s,0.21171
input.nsasg1,input.iss97s,0.00124
input.nsasg2,input.iss97s,0.05289
input.pirc7Aa,input.iss97s,0.00000
input.pirc7Ad,input.iss97s,0.00012
input.pirc7At,input.iss97s,0.00000
input.umcpa197,input.iss97s,0.00149
input.uwmt6a0,input.iss97s,0.00000
input.uwmt6a1,input.iss97s,0.00000
input.uwmt6a2,input.iss97s,0.00000
input.VrtyAH6a,input.iss97s,0.00004
input.VrtyAH6b,input.iss97s,0.00000
input.jalbse,input.iss97vs,0.00000
input.jalbse0,input.iss97vs,0.00000
input.LNaShort,input.iss97vs,0.18581
input.LNaVryShort,input.iss97vs,0.87733
input.LNmShort,input.iss97vs,0.00001
input.mds601,input.iss97vs,0.20832
input.mds602,input.iss97vs,0.56126
input.mds603,input.iss97vs,0.07044
input.Mercure1,input.iss97vs,0.00851
input.Mercure2,input.iss97vs,0.60609
input.Mercure3,input.iss97vs,0.11654
input.nmsu1,input.iss97vs,0.00000
input.nmsu2,input.iss97vs,0.00000
input.nsasg1,input.iss97vs,0.11380
input.nsasg2,input.iss97vs,0.00403
input.pirc7Aa,input.iss97vs,0.11873
input.pirc7Ad,input.iss97vs,0.33531
input.pirc7At,input.iss97vs,0.38629
input.umcpa197,input.iss97vs,0.10210
input.uwmt6a0,input.iss97vs,0.00000
input.uwmt6a1,input.iss97vs,0.15481
input.uwmt6a2,input.iss97vs,0.84999
input.VrtyAH6a,input.iss97vs,0.47857
input.VrtyAH6b,input.iss97vs,0.82712
input.jalbse0,input.jalbse,0.75979
input.LNaShort,input.jalbse,0.00000
input.LNaVryShort,input.jalbse,0.00000
input.LNmShort,input.jalbse,0.00000
input.mds601,input.jalbse,0.00000
input.mds602,input.jalbse,0.00000
input.mds603,input.jalbse,0.00000
input.Mercure1,input.jalbse,0.00000
input.Mercure2,input.jalbse,0.00000
input.Mercure3,input.jalbse,0.00000
input.nmsu1,input.jalbse,0.89474
input.nmsu2,input.jalbse,0.10016
input.nsasg1,input.jalbse,0.00000
input.nsasg2,input.jalbse,0.00000
input.pirc7Aa,input.jalbse,0.00000
input.pirc7Ad,input.jalbse,0.00000
input.pirc7At,input.jalbse,0.00000
input.umcpa197,input.jalbse,0.00000
input.uwmt6a0,input.jalbse,0.00000
input.uwmt6a1,input.jalbse,0.00000
input.uwmt6a2,input.jalbse,0.00000
input.VrtyAH6a,input.jalbse,0.00000
input.VrtyAH6b,input.jalbse,0.00000
input.LNaShort,input.jalbse0,0.00000
input.LNaVryShort,input.jalbse0,0.00000
input.LNmShort,input.jalbse0,0.00000
input.mds601,input.jalbse0,0.00000
input.mds602,input.jalbse0,0.00000
input.mds603,input.jalbse0,0.00000
input.Mercure1,input.jalbse0,0.00000
input.Mercure2,input.jalbse0,0.00000
input.Mercure3,input.jalbse0,0.00000
input.nmsu1,input.jalbse0,0.86230
input.nmsu2,input.jalbse0,0.05119
input.nsasg1,input.jalbse0,0.00000
input.nsasg2,input.jalbse0,0.00000
input.pirc7Aa,input.jalbse0,0.00000
input.pirc7Ad,input.jalbse0,0.00000
input.pirc7At,input.jalbse0,0.00000
input.umcpa197,input.jalbse0,0.00000
input.uwmt6a0,input.jalbse0,0.00000
input.uwmt6a1,input.jalbse0,0.00000
input.uwmt6a2,input.jalbse0,0.00000
input.VrtyAH6a,input.jalbse0,0.00000
input.VrtyAH6b,input.jalbse0,0.00000
input.LNaVryShort,input.LNaShort,0.24252
input.LNmShort,input.LNaShort,0.00203
input.mds601,input.LNaShort,0.00984
input.mds602,input.LNaShort,0.45802
input.mds603,input.LNaShort,0.00174
input.Mercure1,input.LNaShort,0.19079
input.Mercure2,input.LNaShort,0.41943
input.Mercure3,input.LNaShort,0.80539
input.nmsu1,input.LNaShort,0.00000
input.nmsu2,input.LNaShort,0.00000
input.nsasg1,input.LNaShort,0.00368
input.nsasg2,input.LNaShort,0.00003
input.pirc7Aa,input.LNaShort,0.81262
input.pirc7Ad,input.LNaShort,0.02222
input.pirc7At,input.LNaShort,0.64787
input.umcpa197,input.LNaShort,0.00310
input.uwmt6a0,input.LNaShort,0.00000
input.uwmt6a1,input.LNaShort,0.92062
input.uwmt6a2,input.LNaShort,0.13048
input.VrtyAH6a,input.LNaShort,0.04218
input.VrtyAH6b,input.LNaShort,0.26930
input.LNmShort,input.LNaVryShort,0.00002
input.mds601,input.LNaVryShort,0.15779
input.mds602,input.LNaVryShort,0.66966
input.mds603,input.LNaVryShort,0.04960
input.Mercure1,input.LNaVryShort,0.01325
input.Mercure2,input.LNaVryShort,0.71787
input.Mercure3,input.LNaVryShort,0.15704
input.nmsu1,input.LNaVryShort,0.00000
input.nmsu2,input.LNaVryShort,0.00000
input.nsasg1,input.LNaVryShort,0.08262
input.nsasg2,input.LNaVryShort,0.00245
input.pirc7Aa,input.LNaVryShort,0.15979
input.pirc7Ad,input.LNaVryShort,0.26364
input.pirc7At,input.LNaVryShort,0.47646
input.umcpa197,input.LNaVryShort,0.07359
input.uwmt6a0,input.LNaVryShort,0.00000
input.uwmt6a1,input.LNaVryShort,0.20466
input.uwmt6a2,input.LNaVryShort,0.73123
input.VrtyAH6a,input.LNaVryShort,0.38815
input.VrtyAH6b,input.LNaVryShort,0.94894
input.mds601,input.LNmShort,0.00000
input.mds602,input.LNmShort,0.00013
input.mds603,input.LNmShort,0.00000
input.Mercure1,input.LNmShort,0.07553
input.Mercure2,input.LNmShort,0.00010
input.Mercure3,input.LNmShort,0.00452
input.nmsu1,input.LNmShort,0.00000
input.nmsu2,input.LNmShort,0.00000
input.nsasg1,input.LNmShort,0.00000
input.nsasg2,input.LNmShort,0.00000
input.pirc7Aa,input.LNmShort,0.00439
input.pirc7Ad,input.LNmShort,0.00000
input.pirc7At,input.LNmShort,0.00040
input.umcpa197,input.LNmShort,0.00000
input.uwmt6a0,input.LNmShort,0.03760
input.uwmt6a1,input.LNmShort,0.00283
input.uwmt6a2,input.LNmShort,0.00000
input.VrtyAH6a,input.LNmShort,0.00000
input.VrtyAH6b,input.LNmShort,0.00003
input.mds602,input.mds601,0.06589
input.mds603,input.mds601,0.58173
input.Mercure1,input.mds601,0.00010
input.Mercure2,input.mds601,0.07609
input.Mercure3,input.mds601,0.00469
input.nmsu1,input.mds601,0.00000
input.nmsu2,input.mds601,0.00000
input.nsasg1,input.mds601,0.74659
input.nsasg2,input.mds601,0.10580
input.pirc7Aa,input.mds601,0.00483
input.pirc7Ad,input.mds601,0.76820
input.pirc7At,input.mds601,0.03362
input.umcpa197,input.mds601,0.70649
input.uwmt6a0,input.mds601,0.00000
input.uwmt6a1,input.mds601,0.00734
input.uwmt6a2,input.mds601,0.28504
input.VrtyAH6a,input.mds601,0.58260
input.VrtyAH6b,input.mds601,0.13979
input.mds603,input.mds602,0.01685
input.Mercure1,input.mds602,0.04033
input.Mercure2,input.mds602,0.94793
input.Mercure3,input.mds602,0.32291
input.nmsu1,input.mds602,0.00000
input.nmsu2,input.mds602,0.00000
input.nsasg1,input.mds602,0.03059
input.nsasg2,input.mds602,0.00055
input.pirc7Aa,input.mds602,0.32750
input.pirc7Ad,input.mds602,0.12248
input.pirc7At,input.mds602,0.77534
input.umcpa197,input.mds602,0.02671
input.uwmt6a0,input.mds602,0.00000
input.uwmt6a1,input.mds602,0.39992
input.uwmt6a2,input.mds602,0.44124
input.VrtyAH6a,input.mds602,0.19720
input.VrtyAH6b,input.mds602,0.71692
input.Mercure1,input.mds603,0.00001
input.Mercure2,input.mds603,0.02009
input.Mercure3,input.mds603,0.00073
input.nmsu1,input.mds603,0.00000
input.nmsu2,input.mds603,0.00002
input.nsasg1,input.mds603,0.81986
input.nsasg2,input.mds603,0.28619
input.pirc7Aa,input.mds603,0.00075
input.pirc7Ad,input.mds603,0.39779
input.pirc7At,input.mds603,0.00746
input.umcpa197,input.mds603,0.86164
input.uwmt6a0,input.mds603,0.00000
input.uwmt6a1,input.mds603,0.00123
input.uwmt6a2,input.mds603,0.10525
input.VrtyAH6a,input.mds603,0.27114
input.VrtyAH6b,input.mds603,0.04262
input.Mercure2,input.Mercure1,0.03437
input.Mercure3,input.Mercure1,0.28830
input.nmsu1,input.Mercure1,0.00000
input.nmsu2,input.Mercure1,0.00000
input.nsasg1,input.Mercure1,0.00003
input.nsasg2,input.Mercure1,0.00000
input.pirc7Aa,input.Mercure1,0.28409
input.pirc7Ad,input.Mercure1,0.00032
input.pirc7At,input.Mercure1,0.07757
input.umcpa197,input.Mercure1,0.00002
input.uwmt6a0,input.Mercure1,0.00012
input.uwmt6a1,input.Mercure1,0.22682
input.uwmt6a2,input.Mercure1,0.00480
input.VrtyAH6a,input.Mercure1,0.00084
input.VrtyAH6b,input.Mercure1,0.01583
input.Mercure3,input.Mercure2,0.29197
input.nmsu1,input.Mercure2,0.00000
input.nmsu2,input.Mercure2,0.00000
input.nsasg1,input.Mercure2,0.03599
input.nsasg2,input.Mercure2,0.00070
input.pirc7Aa,input.Mercure2,0.29627
input.pirc7Ad,input.Mercure2,0.13910
input.pirc7At,input.Mercure2,0.72581
input.umcpa197,input.Mercure2,0.03152
input.uwmt6a0,input.Mercure2,0.00000
input.uwmt6a1,input.Mercure2,0.36437
input.uwmt6a2,input.Mercure2,0.48094
input.VrtyAH6a,input.Mercure2,0.22085
input.VrtyAH6b,input.Mercure2,0.76626
input.nmsu1,input.Mercure3,0.00000
input.nmsu2,input.Mercure3,0.00000
input.nsasg1,input.Mercure3,0.00163
input.nsasg2,input.Mercure3,0.00001
input.pirc7Aa,input.Mercure3,0.99256
input.pirc7Ad,input.Mercure3,0.01131
input.pirc7At,input.Mercure3,0.48199
input.umcpa197,input.Mercure3,0.00135
input.uwmt6a0,input.Mercure3,0.00000
input.uwmt6a1,input.Mercure3,0.88335
input.uwmt6a2,input.Mercure3,0.07865
input.VrtyAH6a,input.Mercure3,0.02272
input.VrtyAH6b,input.Mercure3,0.17667
input.nmsu2,input.nmsu1,0.07567
input.nsasg1,input.nmsu1,0.00000
input.nsasg2,input.nmsu1,0.00000
input.pirc7Aa,input.nmsu1,0.00000
input.pirc7Ad,input.nmsu1,0.00000
input.pirc7At,input.nmsu1,0.00000
input.umcpa197,input.nmsu1,0.00000
input.uwmt6a0,input.nmsu1,0.00000
input.uwmt6a1,input.nmsu1,0.00000
input.uwmt6a2,input.nmsu1,0.00000
input.VrtyAH6a,input.nmsu1,0.00000
input.VrtyAH6b,input.nmsu1,0.00000
input.nsasg1,input.nmsu2,0.00001
input.nsasg2,input.nmsu2,0.00145
input.pirc7Aa,input.nmsu2,0.00000
input.pirc7Ad,input.nmsu2,0.00000
input.pirc7At,input.nmsu2,0.00000
input.umcpa197,input.nmsu2,0.00001
input.uwmt6a0,input.nmsu2,0.00000
input.uwmt6a1,input.nmsu2,0.00000
input.uwmt6a2,input.nmsu2,0.00000
input.VrtyAH6a,input.nmsu2,0.00000
input.VrtyAH6b,input.nmsu2,0.00000
input.nsasg2,input.nsasg1,0.19558
input.pirc7Aa,input.nsasg1,0.00168
input.pirc7Ad,input.nsasg1,0.53667
input.pirc7At,input.nsasg1,0.01438
input.umcpa197,input.nsasg1,0.95739
input.uwmt6a0,input.nsasg1,0.00000
input.uwmt6a1,input.nsasg1,0.00266
input.uwmt6a2,input.nsasg1,0.16386
input.VrtyAH6a,input.nsasg1,0.38281
input.VrtyAH6b,input.nsasg1,0.07190
input.pirc7Aa,input.nsasg2,0.00001
input.pirc7Ad,input.nsasg2,0.05586
input.pirc7At,input.nsasg2,0.00018
input.umcpa197,input.nsasg2,0.21468
input.uwmt6a0,input.nsasg2,0.00000
input.uwmt6a1,input.nsasg2,0.00002
input.uwmt6a2,input.nsasg2,0.00722
input.VrtyAH6a,input.nsasg2,0.03024
input.VrtyAH6b,input.nsasg2,0.00197
input.pirc7Ad,input.pirc7Aa,0.01162
input.pirc7At,input.pirc7Aa,0.48783
input.umcpa197,input.pirc7Aa,0.00140
input.uwmt6a0,input.pirc7Aa,0.00000
input.uwmt6a1,input.pirc7Aa,0.89072
input.uwmt6a2,input.pirc7Aa,0.08025
input.VrtyAH6a,input.pirc7Aa,0.02328
input.VrtyAH6b,input.pirc7Aa,0.17968
input.pirc7At,input.pirc7Ad,0.06727
input.umcpa197,input.pirc7Ad,0.50203
input.uwmt6a0,input.pirc7Ad,0.00000
input.uwmt6a1,input.pirc7Ad,0.01702
input.uwmt6a2,input.pirc7Ad,0.43873
input.VrtyAH6a,input.pirc7Ad,0.79883
input.VrtyAH6b,input.pirc7Ad,0.23726
input.umcpa197,input.pirc7At,0.01238
input.uwmt6a0,input.pirc7At,0.00000
input.uwmt6a1,input.pirc7At,0.57796
input.uwmt6a2,input.pirc7At,0.29120
input.VrtyAH6a,input.pirc7At,0.11526
input.VrtyAH6b,input.pirc7At,0.51700
input.uwmt6a0,input.umcpa197,0.00000
input.uwmt6a1,input.umcpa197,0.00223
input.uwmt6a2,input.umcpa197,0.14828
input.VrtyAH6a,input.umcpa197,0.35437
input.VrtyAH6b,input.umcpa197,0.06386
input.uwmt6a1,input.uwmt6a0,0.00000
input.uwmt6a2,input.uwmt6a0,0.00000
input.VrtyAH6a,input.uwmt6a0,0.00000
input.VrtyAH6b,input.uwmt6a0,0.00000
input.uwmt6a2,input.uwmt6a1,0.10699
input.VrtyAH6a,input.uwmt6a1,0.03306
input.VrtyAH6b,input.uwmt6a1,0.22846
input.VrtyAH6a,input.uwmt6a2,0.60343
input.VrtyAH6b,input.uwmt6a2,0.68362
input.VrtyAH6b,input.VrtyAH6a,0.35392
