input.CCP0,input.asubaral,0.80894
input.CCP1,input.asubaral,0.02162
input.dcu1,input.asubaral,0.00306
input.dcu2,input.asubaral,0.00110
input.dpsearch1,input.asubaral,0.76247
input.dpsearch2,input.asubaral,0.71684
input.DUTAdHoc1,input.asubaral,0.00110
input.DUTAdHoc2,input.asubaral,0.00167
input.genome1,input.asubaral,0.13074
input.genome2,input.asubaral,0.54553
input.i2r1,input.asubaral,0.00136
input.i2r2,input.asubaral,0.00205
input.iasl1,input.asubaral,0.00089
input.iasl2,input.asubaral,0.00450
input.ibmadz05bs,input.asubaral,0.00000
input.ibmadz05us,input.asubaral,0.00000
input.iitprf011003,input.asubaral,0.03437
input.MARYGEN1,input.asubaral,0.36456
input.NCBIMAN,input.asubaral,0.33346
input.NCBITHQ,input.asubaral,0.46822
input.NLMfusionA,input.asubaral,0.00045
input.NLMfusionB,input.asubaral,0.00029
input.NTUgah1,input.asubaral,0.00009
input.NTUgah2,input.asubaral,0.00003
input.OHSUall,input.asubaral,0.18357
input.OHSUkey,input.asubaral,0.00782
input.PDnoSE,input.asubaral,0.01320
input.PDSESe02,input.asubaral,0.14685
input.SFUshi,input.asubaral,0.09054
input.THUIRgen1S,input.asubaral,0.00011
input.THUIRgen2P,input.asubaral,0.00018
input.tnog10,input.asubaral,0.00205
input.tnog10p,input.asubaral,0.00045
input.UAmscombGeFb,input.asubaral,0.00018
input.UAmscombGeMl,input.asubaral,0.02162
input.UBIgeneA,input.asubaral,0.01112
input.UICgen1,input.asubaral,0.43197
input.UIowa05GN101,input.asubaral,0.95180
input.UIowa05GN102,input.asubaral,0.76247
input.UIUCgAuto,input.asubaral,0.00029
input.UIUCgInt,input.asubaral,0.00002
input.UMD01,input.asubaral,0.14685
input.UMD02,input.asubaral,0.01112
input.UniGe2,input.asubaral,0.00251
input.UniGeNe,input.asubaral,0.01112
input.UniNeHug2,input.asubaral,0.00001
input.UniNeHug2c,input.asubaral,0.00136
input.uta05a,input.asubaral,0.00014
input.uta05i,input.asubaral,0.00018
input.uwmtEg05,input.asubaral,0.00011
input.uwmtEg05fb,input.asubaral,0.00371
input.wim1,input.asubaral,0.13074
input.wim2,input.asubaral,0.54553
input.YAMAHASHI1,input.asubaral,0.62868
input.YAMAHASHI2,input.asubaral,0.85610
input.york05ga1,input.asubaral,0.00000
input.york05ga2,input.asubaral,0.00029
input.york05ga3,input.asubaral,0.00001
input.york05ga4,input.asubaral,0.00167
input.york05ga5,input.asubaral,0.00089
input.york05gm1,input.asubaral,0.00000
input.CCP1,input.CCP0,0.01112
input.dcu1,input.CCP0,0.00653
input.dcu2,input.CCP0,0.00251
input.dpsearch1,input.CCP0,0.58642
input.dpsearch2,input.CCP0,0.54553
input.DUTAdHoc1,input.CCP0,0.00251
input.DUTAdHoc2,input.CCP0,0.00371
input.genome1,input.CCP0,0.20430
input.genome2,input.CCP0,0.71684
input.i2r1,input.CCP0,0.00306
input.i2r2,input.CCP0,0.00450
input.iasl1,input.CCP0,0.00205
input.iasl2,input.CCP0,0.00934
input.ibmadz05bs,input.CCP0,0.00000
input.ibmadz05us,input.CCP0,0.00000
input.iitprf011003,input.CCP0,0.06095
input.MARYGEN1,input.CCP0,0.50610
input.NCBIMAN,input.CCP0,0.46822
input.NCBITHQ,input.CCP0,0.62868
input.NLMfusionA,input.CCP0,0.00110
input.NLMfusionB,input.CCP0,0.00071
input.NTUgah1,input.CCP0,0.00023
input.NTUgah2,input.CCP0,0.00009
input.OHSUall,input.CCP0,0.27657
input.OHSUkey,input.CCP0,0.01561
input.PDnoSE,input.CCP0,0.02531
input.PDSESe02,input.CCP0,0.22668
input.SFUshi,input.CCP0,0.14685
input.THUIRgen1S,input.CCP0,0.00029
input.THUIRgen2P,input.CCP0,0.00045
input.tnog10,input.CCP0,0.00450
input.tnog10p,input.CCP0,0.00110
input.UAmscombGeFb,input.CCP0,0.00045
input.UAmscombGeMl,input.CCP0,0.03986
input.UBIgeneA,input.CCP0,0.02162
input.UICgen1,input.CCP0,0.58642
input.UIowa05GN101,input.CCP0,0.85610
input.UIowa05GN102,input.CCP0,0.95180
input.UIUCgAuto,input.CCP0,0.00071
input.UIUCgInt,input.CCP0,0.00007
input.UMD01,input.CCP0,0.22668
input.UMD02,input.CCP0,0.00543
input.UniGe2,input.CCP0,0.00543
input.UniGeNe,input.CCP0,0.02162
input.UniNeHug2,input.CCP0,0.00004
input.UniNeHug2c,input.CCP0,0.00306
input.uta05a,input.CCP0,0.00036
input.uta05i,input.CCP0,0.00045
input.uwmtEg05,input.CCP0,0.00029
input.uwmtEg05fb,input.CCP0,0.00782
input.wim1,input.CCP0,0.20430
input.wim2,input.CCP0,0.71684
input.YAMAHASHI1,input.CCP0,0.46822
input.YAMAHASHI2,input.CCP0,0.67220
input.york05ga1,input.CCP0,0.00000
input.york05ga2,input.CCP0,0.00071
input.york05ga3,input.CCP0,0.00003
input.york05ga4,input.CCP0,0.00371
input.york05ga5,input.CCP0,0.00205
input.york05gm1,input.CCP0,0.00000
input.dcu1,input.CCP1,0.00000
input.dcu2,input.CCP1,0.00000
input.dpsearch1,input.CCP1,0.04607
input.dpsearch2,input.CCP1,0.05307
input.DUTAdHoc1,input.CCP1,0.00000
input.DUTAdHoc2,input.CCP1,0.00000
input.genome1,input.CCP1,0.00014
input.genome2,input.CCP1,0.00371
input.i2r1,input.CCP1,0.00000
input.i2r2,input.CCP1,0.00000
input.iasl1,input.CCP1,0.00000
input.iasl2,input.CCP1,0.00000
input.ibmadz05bs,input.CCP1,0.00000
input.ibmadz05us,input.CCP1,0.00000
input.iitprf011003,input.CCP1,0.00001
input.MARYGEN1,input.CCP1,0.00136
input.NCBIMAN,input.CCP1,0.00110
input.NCBITHQ,input.CCP1,0.00251
input.NLMfusionA,input.CCP1,0.00000
input.NLMfusionB,input.CCP1,0.00000
input.NTUgah1,input.CCP1,0.00000
input.NTUgah2,input.CCP1,0.00000
input.OHSUall,input.CCP1,0.00029
input.OHSUkey,input.CCP1,0.00000
input.PDnoSE,input.CCP1,0.00000
input.PDSESe02,input.CCP1,0.00018
input.SFUshi,input.CCP1,0.00007
input.THUIRgen1S,input.CCP1,0.00000
input.THUIRgen2P,input.CCP1,0.00000
input.tnog10,input.CCP1,0.00000
input.tnog10p,input.CCP1,0.00000
input.UAmscombGeFb,input.CCP1,0.00000
input.UAmscombGeMl,input.CCP1,0.00000
input.UBIgeneA,input.CCP1,0.00000
input.UICgen1,input.CCP1,0.00205
input.UIowa05GN101,input.CCP1,0.01840
input.UIowa05GN102,input.CCP1,0.00934
input.UIUCgAuto,input.CCP1,0.00000
input.UIUCgInt,input.CCP1,0.00000
input.UMD01,input.CCP1,0.00018
input.UMD02,input.CCP1,0.80894
input.UniGe2,input.CCP1,0.00000
input.UniGeNe,input.CCP1,0.00000
input.UniNeHug2,input.CCP1,0.00000
input.UniNeHug2c,input.CCP1,0.00000
input.uta05a,input.CCP1,0.00000
input.uta05i,input.CCP1,0.00000
input.uwmtEg05,input.CCP1,0.00000
input.uwmtEg05fb,input.CCP1,0.00000
input.wim1,input.CCP1,0.00014
input.wim2,input.CCP1,0.00371
input.YAMAHASHI1,input.CCP1,0.06976
input.YAMAHASHI2,input.CCP1,0.03437
input.york05ga1,input.CCP1,0.00000
input.york05ga2,input.CCP1,0.00000
input.york05ga3,input.CCP1,0.00000
input.york05ga4,input.CCP1,0.00000
input.york05ga5,input.CCP1,0.00000
input.york05gm1,input.CCP1,0.00000
input.dcu2,input.dcu1,0.76247
input.dpsearch1,input.dcu1,0.00110
input.dpsearch2,input.dcu1,0.00089
input.DUTAdHoc1,input.dcu1,0.76247
input.DUTAdHoc2,input.dcu1,0.85610
input.genome1,input.dcu1,0.14685
input.genome2,input.dcu1,0.01840
input.i2r1,input.dcu1,0.80894
input.i2r2,input.dcu1,0.90377
input.iasl1,input.dcu1,0.71684
input.iasl2,input.dcu1,0.90377
input.ibmadz05bs,input.dcu1,0.01561
input.ibmadz05us,input.dcu1,0.01561
input.iitprf011003,input.dcu1,0.39740
input.MARYGEN1,input.dcu1,0.03986
input.NCBIMAN,input.dcu1,0.04607
input.NCBITHQ,input.dcu1,0.02531
input.NLMfusionA,input.dcu1,0.58642
input.NLMfusionB,input.dcu1,0.50610
input.NTUgah1,input.dcu1,0.33346
input.NTUgah2,input.dcu1,0.22668
input.OHSUall,input.dcu1,0.10266
input.OHSUkey,input.dcu1,0.76247
input.PDnoSE,input.dcu1,0.62868
input.PDSESe02,input.dcu1,0.13074
input.SFUshi,input.dcu1,0.20430
input.THUIRgen1S,input.dcu1,0.36456
input.THUIRgen2P,input.dcu1,0.43197
input.tnog10,input.dcu1,0.90377
input.tnog10p,input.dcu1,0.58642
input.UAmscombGeFb,input.dcu1,0.43197
input.UAmscombGeMl,input.dcu1,0.50610
input.UBIgeneA,input.dcu1,0.67220
input.UICgen1,input.dcu1,0.02955
input.UIowa05GN101,input.dcu1,0.00371
input.UIowa05GN102,input.dcu1,0.00782
input.UIUCgAuto,input.dcu1,0.50610
input.UIUCgInt,input.dcu1,0.20430
input.UMD01,input.dcu1,0.13074
input.UMD02,input.dcu1,0.00000
input.UniGe2,input.dcu1,0.95180
input.UniGeNe,input.dcu1,0.67220
input.UniNeHug2,input.dcu1,0.16444
input.UniNeHug2c,input.dcu1,0.80894
input.uta05a,input.dcu1,0.39740
input.uta05i,input.dcu1,0.43197
input.uwmtEg05,input.dcu1,0.36456
input.uwmtEg05fb,input.dcu1,0.95180
input.wim1,input.dcu1,0.14685
input.wim2,input.dcu1,0.01840
input.YAMAHASHI1,input.dcu1,0.00057
input.YAMAHASHI2,input.dcu1,0.00167
input.york05ga1,input.dcu1,0.04607
input.york05ga2,input.dcu1,0.50610
input.york05ga3,input.dcu1,0.14685
input.york05ga4,input.dcu1,0.85610
input.york05ga5,input.dcu1,0.71684
input.york05gm1,input.dcu1,0.04607
input.dpsearch1,input.dcu2,0.00036
input.dpsearch2,input.dcu2,0.00029
input.DUTAdHoc1,input.dcu2,1.00000
input.DUTAdHoc2,input.dcu2,0.90377
input.genome1,input.dcu2,0.07960
input.genome2,input.dcu2,0.00782
input.i2r1,input.dcu2,0.95180
input.i2r2,input.dcu2,0.85610
input.iasl1,input.dcu2,0.95180
input.iasl2,input.dcu2,0.67220
input.ibmadz05bs,input.dcu2,0.03437
input.ibmadz05us,input.dcu2,0.03437
input.iitprf011003,input.dcu2,0.25076
input.MARYGEN1,input.dcu2,0.01840
input.NCBIMAN,input.dcu2,0.02162
input.NCBITHQ,input.dcu2,0.01112
input.NLMfusionA,input.dcu2,0.80894
input.NLMfusionB,input.dcu2,0.71684
input.NTUgah1,input.dcu2,0.50610
input.NTUgah2,input.dcu2,0.36456
input.OHSUall,input.dcu2,0.05307
input.OHSUkey,input.dcu2,0.54553
input.PDnoSE,input.dcu2,0.43197
input.PDSESe02,input.dcu2,0.06976
input.SFUshi,input.dcu2,0.11603
input.THUIRgen1S,input.dcu2,0.54553
input.THUIRgen2P,input.dcu2,0.62868
input.tnog10,input.dcu2,0.85610
input.tnog10p,input.dcu2,0.80894
input.UAmscombGeFb,input.dcu2,0.62868
input.UAmscombGeMl,input.dcu2,0.33346
input.UBIgeneA,input.dcu2,0.46822
input.UICgen1,input.dcu2,0.01320
input.UIowa05GN101,input.dcu2,0.00136
input.UIowa05GN102,input.dcu2,0.00306
input.UIUCgAuto,input.dcu2,0.71684
input.UIUCgInt,input.dcu2,0.33346
input.UMD01,input.dcu2,0.06976
input.UMD02,input.dcu2,0.00000
input.UniGe2,input.dcu2,0.80894
input.UniGeNe,input.dcu2,0.46822
input.UniNeHug2,input.dcu2,0.27657
input.UniNeHug2c,input.dcu2,0.95180
input.uta05a,input.dcu2,0.58642
input.uta05i,input.dcu2,0.62868
input.uwmtEg05,input.dcu2,0.54553
input.uwmtEg05fb,input.dcu2,0.71684
input.wim1,input.dcu2,0.07960
input.wim2,input.dcu2,0.00782
input.YAMAHASHI1,input.dcu2,0.00018
input.YAMAHASHI2,input.dcu2,0.00057
input.york05ga1,input.dcu2,0.09054
input.york05ga2,input.dcu2,0.71684
input.york05ga3,input.dcu2,0.25076
input.york05ga4,input.dcu2,0.90377
input.york05ga5,input.dcu2,0.95180
input.york05gm1,input.dcu2,0.09054
input.dpsearch2,input.dpsearch1,0.95180
input.DUTAdHoc1,input.dpsearch1,0.00036
input.DUTAdHoc2,input.dpsearch1,0.00057
input.genome1,input.dpsearch1,0.06976
input.genome2,input.dpsearch1,0.36456
input.i2r1,input.dpsearch1,0.00045
input.i2r2,input.dpsearch1,0.00071
input.iasl1,input.dpsearch1,0.00029
input.iasl2,input.dpsearch1,0.00167
input.ibmadz05bs,input.dpsearch1,0.00000
input.ibmadz05us,input.dpsearch1,0.00000
input.iitprf011003,input.dpsearch1,0.01561
input.MARYGEN1,input.dpsearch1,0.22668
input.NCBIMAN,input.dpsearch1,0.20430
input.NCBITHQ,input.dpsearch1,0.30413
input.NLMfusionA,input.dpsearch1,0.00014
input.NLMfusionB,input.dpsearch1,0.00009
input.NTUgah1,input.dpsearch1,0.00002
input.NTUgah2,input.dpsearch1,0.00001
input.OHSUall,input.dpsearch1,0.10266
input.OHSUkey,input.dpsearch1,0.00306
input.PDnoSE,input.dpsearch1,0.00543
input.PDSESe02,input.dpsearch1,0.07960
input.SFUshi,input.dpsearch1,0.04607
input.THUIRgen1S,input.dpsearch1,0.00003
input.THUIRgen2P,input.dpsearch1,0.00005
input.tnog10,input.dpsearch1,0.00071
input.tnog10p,input.dpsearch1,0.00014
input.UAmscombGeFb,input.dpsearch1,0.00005
input.UAmscombGeMl,input.dpsearch1,0.00934
input.UBIgeneA,input.dpsearch1,0.00450
input.UICgen1,input.dpsearch1,0.27657
input.UIowa05GN101,input.dpsearch1,0.71684
input.UIowa05GN102,input.dpsearch1,0.54553
input.UIUCgAuto,input.dpsearch1,0.00009
input.UIUCgInt,input.dpsearch1,0.00001
input.UMD01,input.dpsearch1,0.07960
input.UMD02,input.dpsearch1,0.02531
input.UniGe2,input.dpsearch1,0.00089
input.UniGeNe,input.dpsearch1,0.00450
input.UniNeHug2,input.dpsearch1,0.00000
input.UniNeHug2c,input.dpsearch1,0.00045
input.uta05a,input.dpsearch1,0.00004
input.uta05i,input.dpsearch1,0.00005
input.uwmtEg05,input.dpsearch1,0.00003
input.uwmtEg05fb,input.dpsearch1,0.00136
input.wim1,input.dpsearch1,0.06976
input.wim2,input.dpsearch1,0.36456
input.YAMAHASHI1,input.dpsearch1,0.85610
input.YAMAHASHI2,input.dpsearch1,0.90377
input.york05ga1,input.dpsearch1,0.00000
input.york05ga2,input.dpsearch1,0.00009
input.york05ga3,input.dpsearch1,0.00000
input.york05ga4,input.dpsearch1,0.00057
input.york05ga5,input.dpsearch1,0.00029
input.york05gm1,input.dpsearch1,0.00000
input.DUTAdHoc1,input.dpsearch2,0.00029
input.DUTAdHoc2,input.dpsearch2,0.00045
input.genome1,input.dpsearch2,0.06095
input.genome2,input.dpsearch2,0.33346
input.i2r1,input.dpsearch2,0.00036
input.i2r2,input.dpsearch2,0.00057
input.iasl1,input.dpsearch2,0.00023
input.iasl2,input.dpsearch2,0.00136
input.ibmadz05bs,input.dpsearch2,0.00000
input.ibmadz05us,input.dpsearch2,0.00000
input.iitprf011003,input.dpsearch2,0.01320
input.MARYGEN1,input.dpsearch2,0.20430
input.NCBIMAN,input.dpsearch2,0.18357
input.NCBITHQ,input.dpsearch2,0.27657
input.NLMfusionA,input.dpsearch2,0.00011
input.NLMfusionB,input.dpsearch2,0.00007
input.NTUgah1,input.dpsearch2,0.00002
input.NTUgah2,input.dpsearch2,0.00001
input.OHSUall,input.dpsearch2,0.09054
input.OHSUkey,input.dpsearch2,0.00251
input.PDnoSE,input.dpsearch2,0.00450
input.PDSESe02,input.dpsearch2,0.06976
input.SFUshi,input.dpsearch2,0.03986
input.THUIRgen1S,input.dpsearch2,0.00002
input.THUIRgen2P,input.dpsearch2,0.00004
input.tnog10,input.dpsearch2,0.00057
input.tnog10p,input.dpsearch2,0.00011
input.UAmscombGeFb,input.dpsearch2,0.00004
input.UAmscombGeMl,input.dpsearch2,0.00782
input.UBIgeneA,input.dpsearch2,0.00371
input.UICgen1,input.dpsearch2,0.25076
input.UIowa05GN101,input.dpsearch2,0.67220
input.UIowa05GN102,input.dpsearch2,0.50610
input.UIUCgAuto,input.dpsearch2,0.00007
input.UIUCgInt,input.dpsearch2,0.00000
input.UMD01,input.dpsearch2,0.06976
input.UMD02,input.dpsearch2,0.02955
input.UniGe2,input.dpsearch2,0.00071
input.UniGeNe,input.dpsearch2,0.00371
input.UniNeHug2,input.dpsearch2,0.00000
input.UniNeHug2c,input.dpsearch2,0.00036
input.uta05a,input.dpsearch2,0.00003
input.uta05i,input.dpsearch2,0.00004
input.uwmtEg05,input.dpsearch2,0.00002
input.uwmtEg05fb,input.dpsearch2,0.00110
input.wim1,input.dpsearch2,0.06095
input.wim2,input.dpsearch2,0.33346
input.YAMAHASHI1,input.dpsearch2,0.90377
input.YAMAHASHI2,input.dpsearch2,0.85610
input.york05ga1,input.dpsearch2,0.00000
input.york05ga2,input.dpsearch2,0.00007
input.york05ga3,input.dpsearch2,0.00000
input.york05ga4,input.dpsearch2,0.00045
input.york05ga5,input.dpsearch2,0.00023
input.york05gm1,input.dpsearch2,0.00000
input.DUTAdHoc2,input.DUTAdHoc1,0.90377
input.genome1,input.DUTAdHoc1,0.07960
input.genome2,input.DUTAdHoc1,0.00782
input.i2r1,input.DUTAdHoc1,0.95180
input.i2r2,input.DUTAdHoc1,0.85610
input.iasl1,input.DUTAdHoc1,0.95180
input.iasl2,input.DUTAdHoc1,0.67220
input.ibmadz05bs,input.DUTAdHoc1,0.03437
input.ibmadz05us,input.DUTAdHoc1,0.03437
input.iitprf011003,input.DUTAdHoc1,0.25076
input.MARYGEN1,input.DUTAdHoc1,0.01840
input.NCBIMAN,input.DUTAdHoc1,0.02162
input.NCBITHQ,input.DUTAdHoc1,0.01112
input.NLMfusionA,input.DUTAdHoc1,0.80894
input.NLMfusionB,input.DUTAdHoc1,0.71684
input.NTUgah1,input.DUTAdHoc1,0.50610
input.NTUgah2,input.DUTAdHoc1,0.36456
input.OHSUall,input.DUTAdHoc1,0.05307
input.OHSUkey,input.DUTAdHoc1,0.54553
input.PDnoSE,input.DUTAdHoc1,0.43197
input.PDSESe02,input.DUTAdHoc1,0.06976
input.SFUshi,input.DUTAdHoc1,0.11603
input.THUIRgen1S,input.DUTAdHoc1,0.54553
input.THUIRgen2P,input.DUTAdHoc1,0.62868
input.tnog10,input.DUTAdHoc1,0.85610
input.tnog10p,input.DUTAdHoc1,0.80894
input.UAmscombGeFb,input.DUTAdHoc1,0.62868
input.UAmscombGeMl,input.DUTAdHoc1,0.33346
input.UBIgeneA,input.DUTAdHoc1,0.46822
input.UICgen1,input.DUTAdHoc1,0.01320
input.UIowa05GN101,input.DUTAdHoc1,0.00136
input.UIowa05GN102,input.DUTAdHoc1,0.00306
input.UIUCgAuto,input.DUTAdHoc1,0.71684
input.UIUCgInt,input.DUTAdHoc1,0.33346
input.UMD01,input.DUTAdHoc1,0.06976
input.UMD02,input.DUTAdHoc1,0.00000
input.UniGe2,input.DUTAdHoc1,0.80894
input.UniGeNe,input.DUTAdHoc1,0.46822
input.UniNeHug2,input.DUTAdHoc1,0.27657
input.UniNeHug2c,input.DUTAdHoc1,0.95180
input.uta05a,input.DUTAdHoc1,0.58642
input.uta05i,input.DUTAdHoc1,0.62868
input.uwmtEg05,input.DUTAdHoc1,0.54553
input.uwmtEg05fb,input.DUTAdHoc1,0.71684
input.wim1,input.DUTAdHoc1,0.07960
input.wim2,input.DUTAdHoc1,0.00782
input.YAMAHASHI1,input.DUTAdHoc1,0.00018
input.YAMAHASHI2,input.DUTAdHoc1,0.00057
input.york05ga1,input.DUTAdHoc1,0.09054
input.york05ga2,input.DUTAdHoc1,0.71684
input.york05ga3,input.DUTAdHoc1,0.25076
input.york05ga4,input.DUTAdHoc1,0.90377
input.york05ga5,input.DUTAdHoc1,0.95180
input.york05gm1,input.DUTAdHoc1,0.09054
input.genome1,input.DUTAdHoc2,0.10266
input.genome2,input.DUTAdHoc2,0.01112
input.i2r1,input.DUTAdHoc2,0.95180
input.i2r2,input.DUTAdHoc2,0.95180
input.iasl1,input.DUTAdHoc2,0.85610
input.iasl2,input.DUTAdHoc2,0.76247
input.ibmadz05bs,input.DUTAdHoc2,0.02531
input.ibmadz05us,input.DUTAdHoc2,0.02531
input.iitprf011003,input.DUTAdHoc2,0.30413
input.MARYGEN1,input.DUTAdHoc2,0.02531
input.NCBIMAN,input.DUTAdHoc2,0.02955
input.NCBITHQ,input.DUTAdHoc2,0.01561
input.NLMfusionA,input.DUTAdHoc2,0.71684
input.NLMfusionB,input.DUTAdHoc2,0.62868
input.NTUgah1,input.DUTAdHoc2,0.43197
input.NTUgah2,input.DUTAdHoc2,0.30413
input.OHSUall,input.DUTAdHoc2,0.06976
input.OHSUkey,input.DUTAdHoc2,0.62868
input.PDnoSE,input.DUTAdHoc2,0.50610
input.PDSESe02,input.DUTAdHoc2,0.09054
input.SFUshi,input.DUTAdHoc2,0.14685
input.THUIRgen1S,input.DUTAdHoc2,0.46822
input.THUIRgen2P,input.DUTAdHoc2,0.54553
input.tnog10,input.DUTAdHoc2,0.95180
input.tnog10p,input.DUTAdHoc2,0.71684
input.UAmscombGeFb,input.DUTAdHoc2,0.54553
input.UAmscombGeMl,input.DUTAdHoc2,0.39740
input.UBIgeneA,input.DUTAdHoc2,0.54553
input.UICgen1,input.DUTAdHoc2,0.01840
input.UIowa05GN101,input.DUTAdHoc2,0.00205
input.UIowa05GN102,input.DUTAdHoc2,0.00450
input.UIUCgAuto,input.DUTAdHoc2,0.62868
input.UIUCgInt,input.DUTAdHoc2,0.27657
input.UMD01,input.DUTAdHoc2,0.09054
input.UMD02,input.DUTAdHoc2,0.00000
input.UniGe2,input.DUTAdHoc2,0.90377
input.UniGeNe,input.DUTAdHoc2,0.54553
input.UniNeHug2,input.DUTAdHoc2,0.22668
input.UniNeHug2c,input.DUTAdHoc2,0.95180
input.uta05a,input.DUTAdHoc2,0.50610
input.uta05i,input.DUTAdHoc2,0.54553
input.uwmtEg05,input.DUTAdHoc2,0.46822
input.uwmtEg05fb,input.DUTAdHoc2,0.80894
input.wim1,input.DUTAdHoc2,0.10266
input.wim2,input.DUTAdHoc2,0.01112
input.YAMAHASHI1,input.DUTAdHoc2,0.00029
input.YAMAHASHI2,input.DUTAdHoc2,0.00089
input.york05ga1,input.DUTAdHoc2,0.06976
input.york05ga2,input.DUTAdHoc2,0.62868
input.york05ga3,input.DUTAdHoc2,0.20430
input.york05ga4,input.DUTAdHoc2,1.00000
input.york05ga5,input.DUTAdHoc2,0.85610
input.york05gm1,input.DUTAdHoc2,0.06976
input.genome2,input.genome1,0.36456
input.i2r1,input.genome1,0.09054
input.i2r2,input.genome1,0.11603
input.iasl1,input.genome1,0.06976
input.iasl2,input.genome1,0.18357
input.ibmadz05bs,input.genome1,0.00011
input.ibmadz05us,input.genome1,0.00011
input.iitprf011003,input.genome1,0.54553
input.MARYGEN1,input.genome1,0.54553
input.NCBIMAN,input.genome1,0.58642
input.NCBITHQ,input.genome1,0.43197
input.NLMfusionA,input.genome1,0.04607
input.NLMfusionB,input.genome1,0.03437
input.NTUgah1,input.genome1,0.01561
input.NTUgah2,input.genome1,0.00782
input.OHSUall,input.genome1,0.85610
input.OHSUkey,input.genome1,0.25076
input.PDnoSE,input.genome1,0.33346
input.PDSESe02,input.genome1,0.95180
input.SFUshi,input.genome1,0.85610
input.THUIRgen1S,input.genome1,0.01840
input.THUIRgen2P,input.genome1,0.02531
input.tnog10,input.genome1,0.11603
input.tnog10p,input.genome1,0.04607
input.UAmscombGeFb,input.genome1,0.02531
input.UAmscombGeMl,input.genome1,0.43197
input.UBIgeneA,input.genome1,0.30413
input.UICgen1,input.genome1,0.46822
input.UIowa05GN101,input.genome1,0.14685
input.UIowa05GN102,input.genome1,0.22668
input.UIUCgAuto,input.genome1,0.03437
input.UIUCgInt,input.genome1,0.00653
input.UMD01,input.genome1,0.95180
input.UMD02,input.genome1,0.00005
input.UniGe2,input.genome1,0.13074
input.UniGeNe,input.genome1,0.30413
input.UniNeHug2,input.genome1,0.00450
input.UniNeHug2c,input.genome1,0.09054
input.uta05a,input.genome1,0.02162
input.uta05i,input.genome1,0.02531
input.uwmtEg05,input.genome1,0.01840
input.uwmtEg05fb,input.genome1,0.16444
input.wim1,input.genome1,1.00000
input.wim2,input.genome1,0.36456
input.YAMAHASHI1,input.genome1,0.04607
input.YAMAHASHI2,input.genome1,0.09054
input.york05ga1,input.genome1,0.00057
input.york05ga2,input.genome1,0.03437
input.york05ga3,input.genome1,0.00371
input.york05ga4,input.genome1,0.10266
input.york05ga5,input.genome1,0.06976
input.york05gm1,input.genome1,0.00057
input.i2r1,input.genome2,0.00934
input.i2r2,input.genome2,0.01320
input.iasl1,input.genome2,0.00653
input.iasl2,input.genome2,0.02531
input.ibmadz05bs,input.genome2,0.00000
input.ibmadz05us,input.genome2,0.00000
input.iitprf011003,input.genome2,0.13074
input.MARYGEN1,input.genome2,0.76247
input.NCBIMAN,input.genome2,0.71684
input.NCBITHQ,input.genome2,0.90377
input.NLMfusionA,input.genome2,0.00371
input.NLMfusionB,input.genome2,0.00251
input.NTUgah1,input.genome2,0.00089
input.NTUgah2,input.genome2,0.00036
input.OHSUall,input.genome2,0.46822
input.OHSUkey,input.genome2,0.03986
input.PDnoSE,input.genome2,0.06095
input.PDSESe02,input.genome2,0.39740
input.SFUshi,input.genome2,0.27657
input.THUIRgen1S,input.genome2,0.00110
input.THUIRgen2P,input.genome2,0.00167
input.tnog10,input.genome2,0.01320
input.tnog10p,input.genome2,0.00371
input.UAmscombGeFb,input.genome2,0.00167
input.UAmscombGeMl,input.genome2,0.09054
input.UBIgeneA,input.genome2,0.05307
input.UICgen1,input.genome2,0.85610
input.UIowa05GN101,input.genome2,0.58642
input.UIowa05GN102,input.genome2,0.76247
input.UIUCgAuto,input.genome2,0.00251
input.UIUCgInt,input.genome2,0.00029
input.UMD01,input.genome2,0.39740
input.UMD02,input.genome2,0.00167
input.UniGe2,input.genome2,0.01561
input.UniGeNe,input.genome2,0.05307
input.UniNeHug2,input.genome2,0.00018
input.UniNeHug2c,input.genome2,0.00934
input.uta05a,input.genome2,0.00136
input.uta05i,input.genome2,0.00167
input.uwmtEg05,input.genome2,0.00110
input.uwmtEg05fb,input.genome2,0.02162
input.wim1,input.genome2,0.36456
input.wim2,input.genome2,1.00000
input.YAMAHASHI1,input.genome2,0.27657
input.YAMAHASHI2,input.genome2,0.43197
input.york05ga1,input.genome2,0.00001
input.york05ga2,input.genome2,0.00251
input.york05ga3,input.genome2,0.00014
input.york05ga4,input.genome2,0.01112
input.york05ga5,input.genome2,0.00653
input.york05gm1,input.genome2,0.00001
input.i2r2,input.i2r1,0.90377
input.iasl1,input.i2r1,0.90377
input.iasl2,input.i2r1,0.71684
input.ibmadz05bs,input.i2r1,0.02955
input.ibmadz05us,input.i2r1,0.02955
input.iitprf011003,input.i2r1,0.27657
input.MARYGEN1,input.i2r1,0.02162
input.NCBIMAN,input.i2r1,0.02531
input.NCBITHQ,input.i2r1,0.01320
input.NLMfusionA,input.i2r1,0.76247
input.NLMfusionB,input.i2r1,0.67220
input.NTUgah1,input.i2r1,0.46822
input.NTUgah2,input.i2r1,0.33346
input.OHSUall,input.i2r1,0.06095
input.OHSUkey,input.i2r1,0.58642
input.PDnoSE,input.i2r1,0.46822
input.PDSESe02,input.i2r1,0.07960
input.SFUshi,input.i2r1,0.13074
input.THUIRgen1S,input.i2r1,0.50610
input.THUIRgen2P,input.i2r1,0.58642
input.tnog10,input.i2r1,0.90377
input.tnog10p,input.i2r1,0.76247
input.UAmscombGeFb,input.i2r1,0.58642
input.UAmscombGeMl,input.i2r1,0.36456
input.UBIgeneA,input.i2r1,0.50610
input.UICgen1,input.i2r1,0.01561
input.UIowa05GN101,input.i2r1,0.00167
input.UIowa05GN102,input.i2r1,0.00371
input.UIUCgAuto,input.i2r1,0.67220
input.UIUCgInt,input.i2r1,0.30413
input.UMD01,input.i2r1,0.07960
input.UMD02,input.i2r1,0.00000
input.UniGe2,input.i2r1,0.85610
input.UniGeNe,input.i2r1,0.50610
input.UniNeHug2,input.i2r1,0.25076
input.UniNeHug2c,input.i2r1,1.00000
input.uta05a,input.i2r1,0.54553
input.uta05i,input.i2r1,0.58642
input.uwmtEg05,input.i2r1,0.50610
input.uwmtEg05fb,input.i2r1,0.76247
input.wim1,input.i2r1,0.09054
input.wim2,input.i2r1,0.00934
input.YAMAHASHI1,input.i2r1,0.00023
input.YAMAHASHI2,input.i2r1,0.00071
input.york05ga1,input.i2r1,0.07960
input.york05ga2,input.i2r1,0.67220
input.york05ga3,input.i2r1,0.22668
input.york05ga4,input.i2r1,0.95180
input.york05ga5,input.i2r1,0.90377
input.york05gm1,input.i2r1,0.07960
input.iasl1,input.i2r2,0.80894
input.iasl2,input.i2r2,0.80894
input.ibmadz05bs,input.i2r2,0.02162
input.ibmadz05us,input.i2r2,0.02162
input.iitprf011003,input.i2r2,0.33346
input.MARYGEN1,input.i2r2,0.02955
input.NCBIMAN,input.i2r2,0.03437
input.NCBITHQ,input.i2r2,0.01840
input.NLMfusionA,input.i2r2,0.67220
input.NLMfusionB,input.i2r2,0.58642
input.NTUgah1,input.i2r2,0.39740
input.NTUgah2,input.i2r2,0.27657
input.OHSUall,input.i2r2,0.07960
input.OHSUkey,input.i2r2,0.67220
input.PDnoSE,input.i2r2,0.54553
input.PDSESe02,input.i2r2,0.10266
input.SFUshi,input.i2r2,0.16444
input.THUIRgen1S,input.i2r2,0.43197
input.THUIRgen2P,input.i2r2,0.50610
input.tnog10,input.i2r2,1.00000
input.tnog10p,input.i2r2,0.67220
input.UAmscombGeFb,input.i2r2,0.50610
input.UAmscombGeMl,input.i2r2,0.43197
input.UBIgeneA,input.i2r2,0.58642
input.UICgen1,input.i2r2,0.02162
input.UIowa05GN101,input.i2r2,0.00251
input.UIowa05GN102,input.i2r2,0.00543
input.UIUCgAuto,input.i2r2,0.58642
input.UIUCgInt,input.i2r2,0.25076
input.UMD01,input.i2r2,0.10266
input.UMD02,input.i2r2,0.00000
input.UniGe2,input.i2r2,0.95180
input.UniGeNe,input.i2r2,0.58642
input.UniNeHug2,input.i2r2,0.20430
input.UniNeHug2c,input.i2r2,0.90377
input.uta05a,input.i2r2,0.46822
input.uta05i,input.i2r2,0.50610
input.uwmtEg05,input.i2r2,0.43197
input.uwmtEg05fb,input.i2r2,0.85610
input.wim1,input.i2r2,0.11603
input.wim2,input.i2r2,0.01320
input.YAMAHASHI1,input.i2r2,0.00036
input.YAMAHASHI2,input.i2r2,0.00110
input.york05ga1,input.i2r2,0.06095
input.york05ga2,input.i2r2,0.58642
input.york05ga3,input.i2r2,0.18357
input.york05ga4,input.i2r2,0.95180
input.york05ga5,input.i2r2,0.80894
input.york05gm1,input.i2r2,0.06095
input.iasl2,input.iasl1,0.62868
input.ibmadz05bs,input.iasl1,0.03986
input.ibmadz05us,input.iasl1,0.03986
input.iitprf011003,input.iasl1,0.22668
input.MARYGEN1,input.iasl1,0.01561
input.NCBIMAN,input.iasl1,0.01840
input.NCBITHQ,input.iasl1,0.00934
input.NLMfusionA,input.iasl1,0.85610
input.NLMfusionB,input.iasl1,0.76247
input.NTUgah1,input.iasl1,0.54553
input.NTUgah2,input.iasl1,0.39740
input.OHSUall,input.iasl1,0.04607
input.OHSUkey,input.iasl1,0.50610
input.PDnoSE,input.iasl1,0.39740
input.PDSESe02,input.iasl1,0.06095
input.SFUshi,input.iasl1,0.10266
input.THUIRgen1S,input.iasl1,0.58642
input.THUIRgen2P,input.iasl1,0.67220
input.tnog10,input.iasl1,0.80894
input.tnog10p,input.iasl1,0.85610
input.UAmscombGeFb,input.iasl1,0.67220
input.UAmscombGeMl,input.iasl1,0.30413
input.UBIgeneA,input.iasl1,0.43197
input.UICgen1,input.iasl1,0.01112
input.UIowa05GN101,input.iasl1,0.00110
input.UIowa05GN102,input.iasl1,0.00251
input.UIUCgAuto,input.iasl1,0.76247
input.UIUCgInt,input.iasl1,0.36456
input.UMD01,input.iasl1,0.06095
input.UMD02,input.iasl1,0.00000
input.UniGe2,input.iasl1,0.76247
input.UniGeNe,input.iasl1,0.43197
input.UniNeHug2,input.iasl1,0.30413
input.UniNeHug2c,input.iasl1,0.90377
input.uta05a,input.iasl1,0.62868
input.uta05i,input.iasl1,0.67220
input.uwmtEg05,input.iasl1,0.58642
input.uwmtEg05fb,input.iasl1,0.67220
input.wim1,input.iasl1,0.06976
input.wim2,input.iasl1,0.00653
input.YAMAHASHI1,input.iasl1,0.00014
input.YAMAHASHI2,input.iasl1,0.00045
input.york05ga1,input.iasl1,0.10266
input.york05ga2,input.iasl1,0.76247
input.york05ga3,input.iasl1,0.27657
input.york05ga4,input.iasl1,0.85610
input.york05ga5,input.iasl1,1.00000
input.york05gm1,input.iasl1,0.10266
input.ibmadz05bs,input.iasl2,0.01112
input.ibmadz05us,input.iasl2,0.01112
input.iitprf011003,input.iasl2,0.46822
input.MARYGEN1,input.iasl2,0.05307
input.NCBIMAN,input.iasl2,0.06095
input.NCBITHQ,input.iasl2,0.03437
input.NLMfusionA,input.iasl2,0.50610
input.NLMfusionB,input.iasl2,0.43197
input.NTUgah1,input.iasl2,0.27657
input.NTUgah2,input.iasl2,0.18357
input.OHSUall,input.iasl2,0.13074
input.OHSUkey,input.iasl2,0.85610
input.PDnoSE,input.iasl2,0.71684
input.PDSESe02,input.iasl2,0.16444
input.SFUshi,input.iasl2,0.25076
input.THUIRgen1S,input.iasl2,0.30413
input.THUIRgen2P,input.iasl2,0.36456
input.tnog10,input.iasl2,0.80894
input.tnog10p,input.iasl2,0.50610
input.UAmscombGeFb,input.iasl2,0.36456
input.UAmscombGeMl,input.iasl2,0.58642
input.UBIgeneA,input.iasl2,0.76247
input.UICgen1,input.iasl2,0.03986
input.UIowa05GN101,input.iasl2,0.00543
input.UIowa05GN102,input.iasl2,0.01112
input.UIUCgAuto,input.iasl2,0.43197
input.UIUCgInt,input.iasl2,0.16444
input.UMD01,input.iasl2,0.16444
input.UMD02,input.iasl2,0.00000
input.UniGe2,input.iasl2,0.85610
input.UniGeNe,input.iasl2,0.76247
input.UniNeHug2,input.iasl2,0.13074
input.UniNeHug2c,input.iasl2,0.71684
input.uta05a,input.iasl2,0.33346
input.uta05i,input.iasl2,0.36456
input.uwmtEg05,input.iasl2,0.30413
input.uwmtEg05fb,input.iasl2,0.95180
input.wim1,input.iasl2,0.18357
input.wim2,input.iasl2,0.02531
input.YAMAHASHI1,input.iasl2,0.00089
input.YAMAHASHI2,input.iasl2,0.00251
input.york05ga1,input.iasl2,0.03437
input.york05ga2,input.iasl2,0.43197
input.york05ga3,input.iasl2,0.11603
input.york05ga4,input.iasl2,0.76247
input.york05ga5,input.iasl2,0.62868
input.york05gm1,input.iasl2,0.03437
input.ibmadz05us,input.ibmadz05bs,1.00000
input.iitprf011003,input.ibmadz05bs,0.00110
input.MARYGEN1,input.ibmadz05bs,0.00001
input.NCBIMAN,input.ibmadz05bs,0.00001
input.NCBITHQ,input.ibmadz05bs,0.00000
input.NLMfusionA,input.ibmadz05bs,0.06095
input.NLMfusionB,input.ibmadz05bs,0.07960
input.NTUgah1,input.ibmadz05bs,0.14685
input.NTUgah2,input.ibmadz05bs,0.22668
input.OHSUall,input.ibmadz05bs,0.00005
input.OHSUkey,input.ibmadz05bs,0.00653
input.PDnoSE,input.ibmadz05bs,0.00371
input.PDSESe02,input.ibmadz05bs,0.00009
input.SFUshi,input.ibmadz05bs,0.00023
input.THUIRgen1S,input.ibmadz05bs,0.13074
input.THUIRgen2P,input.ibmadz05bs,0.10266
input.tnog10,input.ibmadz05bs,0.02162
input.tnog10p,input.ibmadz05bs,0.06095
input.UAmscombGeFb,input.ibmadz05bs,0.10266
input.UAmscombGeMl,input.ibmadz05bs,0.00205
input.UBIgeneA,input.ibmadz05bs,0.00450
input.UICgen1,input.ibmadz05bs,0.00000
input.UIowa05GN101,input.ibmadz05bs,0.00000
input.UIowa05GN102,input.ibmadz05bs,0.00000
input.UIUCgAuto,input.ibmadz05bs,0.07960
input.UIUCgInt,input.ibmadz05bs,0.25076
input.UMD01,input.ibmadz05bs,0.00009
input.UMD02,input.ibmadz05bs,0.00000
input.UniGe2,input.ibmadz05bs,0.01840
input.UniGeNe,input.ibmadz05bs,0.00450
input.UniNeHug2,input.ibmadz05bs,0.30413
input.UniNeHug2c,input.ibmadz05bs,0.02955
input.uta05a,input.ibmadz05bs,0.11603
input.uta05i,input.ibmadz05bs,0.10266
input.uwmtEg05,input.ibmadz05bs,0.13074
input.uwmtEg05fb,input.ibmadz05bs,0.01320
input.wim1,input.ibmadz05bs,0.00011
input.wim2,input.ibmadz05bs,0.00000
input.YAMAHASHI1,input.ibmadz05bs,0.00000
input.YAMAHASHI2,input.ibmadz05bs,0.00000
input.york05ga1,input.ibmadz05bs,0.67220
input.york05ga2,input.ibmadz05bs,0.07960
input.york05ga3,input.ibmadz05bs,0.33346
input.york05ga4,input.ibmadz05bs,0.02531
input.york05ga5,input.ibmadz05bs,0.03986
input.york05gm1,input.ibmadz05bs,0.67220
input.iitprf011003,input.ibmadz05us,0.00110
input.MARYGEN1,input.ibmadz05us,0.00001
input.NCBIMAN,input.ibmadz05us,0.00001
input.NCBITHQ,input.ibmadz05us,0.00000
input.NLMfusionA,input.ibmadz05us,0.06095
input.NLMfusionB,input.ibmadz05us,0.07960
input.NTUgah1,input.ibmadz05us,0.14685
input.NTUgah2,input.ibmadz05us,0.22668
input.OHSUall,input.ibmadz05us,0.00005
input.OHSUkey,input.ibmadz05us,0.00653
input.PDnoSE,input.ibmadz05us,0.00371
input.PDSESe02,input.ibmadz05us,0.00009
input.SFUshi,input.ibmadz05us,0.00023
input.THUIRgen1S,input.ibmadz05us,0.13074
input.THUIRgen2P,input.ibmadz05us,0.10266
input.tnog10,input.ibmadz05us,0.02162
input.tnog10p,input.ibmadz05us,0.06095
input.UAmscombGeFb,input.ibmadz05us,0.10266
input.UAmscombGeMl,input.ibmadz05us,0.00205
input.UBIgeneA,input.ibmadz05us,0.00450
input.UICgen1,input.ibmadz05us,0.00000
input.UIowa05GN101,input.ibmadz05us,0.00000
input.UIowa05GN102,input.ibmadz05us,0.00000
input.UIUCgAuto,input.ibmadz05us,0.07960
input.UIUCgInt,input.ibmadz05us,0.25076
input.UMD01,input.ibmadz05us,0.00009
input.UMD02,input.ibmadz05us,0.00000
input.UniGe2,input.ibmadz05us,0.01840
input.UniGeNe,input.ibmadz05us,0.00450
input.UniNeHug2,input.ibmadz05us,0.30413
input.UniNeHug2c,input.ibmadz05us,0.02955
input.uta05a,input.ibmadz05us,0.11603
input.uta05i,input.ibmadz05us,0.10266
input.uwmtEg05,input.ibmadz05us,0.13074
input.uwmtEg05fb,input.ibmadz05us,0.01320
input.wim1,input.ibmadz05us,0.00011
input.wim2,input.ibmadz05us,0.00000
input.YAMAHASHI1,input.ibmadz05us,0.00000
input.YAMAHASHI2,input.ibmadz05us,0.00000
input.york05ga1,input.ibmadz05us,0.67220
input.york05ga2,input.ibmadz05us,0.07960
input.york05ga3,input.ibmadz05us,0.33346
input.york05ga4,input.ibmadz05us,0.02531
input.york05ga5,input.ibmadz05us,0.03986
input.york05gm1,input.ibmadz05us,0.67220
input.MARYGEN1,input.iitprf011003,0.22668
input.NCBIMAN,input.iitprf011003,0.25076
input.NCBITHQ,input.iitprf011003,0.16444
input.NLMfusionA,input.iitprf011003,0.16444
input.NLMfusionB,input.iitprf011003,0.13074
input.NTUgah1,input.iitprf011003,0.06976
input.NTUgah2,input.iitprf011003,0.03986
input.OHSUall,input.iitprf011003,0.43197
input.OHSUkey,input.iitprf011003,0.58642
input.PDnoSE,input.iitprf011003,0.71684
input.PDSESe02,input.iitprf011003,0.50610
input.SFUshi,input.iitprf011003,0.67220
input.THUIRgen1S,input.iitprf011003,0.07960
input.THUIRgen2P,input.iitprf011003,0.10266
input.tnog10,input.iitprf011003,0.33346
input.tnog10p,input.iitprf011003,0.16444
input.UAmscombGeFb,input.iitprf011003,0.10266
input.UAmscombGeMl,input.iitprf011003,0.85610
input.UBIgeneA,input.iitprf011003,0.67220
input.UICgen1,input.iitprf011003,0.18357
input.UIowa05GN101,input.iitprf011003,0.03986
input.UIowa05GN102,input.iitprf011003,0.06976
input.UIUCgAuto,input.iitprf011003,0.13074
input.UIUCgInt,input.iitprf011003,0.03437
input.UMD01,input.iitprf011003,0.50610
input.UMD02,input.iitprf011003,0.00000
input.UniGe2,input.iitprf011003,0.36456
input.UniGeNe,input.iitprf011003,0.67220
input.UniNeHug2,input.iitprf011003,0.02531
input.UniNeHug2c,input.iitprf011003,0.27657
input.uta05a,input.iitprf011003,0.09054
input.uta05i,input.iitprf011003,0.10266
input.uwmtEg05,input.iitprf011003,0.07960
input.uwmtEg05fb,input.iitprf011003,0.43197
input.wim1,input.iitprf011003,0.54553
input.wim2,input.iitprf011003,0.13074
input.YAMAHASHI1,input.iitprf011003,0.00934
input.YAMAHASHI2,input.iitprf011003,0.02162
input.york05ga1,input.iitprf011003,0.00450
input.york05ga2,input.iitprf011003,0.13074
input.york05ga3,input.iitprf011003,0.02162
input.york05ga4,input.iitprf011003,0.30413
input.york05ga5,input.iitprf011003,0.22668
input.york05gm1,input.iitprf011003,0.00450
input.NCBIMAN,input.MARYGEN1,0.95180
input.NCBITHQ,input.MARYGEN1,0.85610
input.NLMfusionA,input.MARYGEN1,0.00934
input.NLMfusionB,input.MARYGEN1,0.00653
input.NTUgah1,input.MARYGEN1,0.00251
input.NTUgah2,input.MARYGEN1,0.00110
input.OHSUall,input.MARYGEN1,0.67220
input.OHSUkey,input.MARYGEN1,0.07960
input.PDnoSE,input.MARYGEN1,0.11603
input.PDSESe02,input.MARYGEN1,0.58642
input.SFUshi,input.MARYGEN1,0.43197
input.THUIRgen1S,input.MARYGEN1,0.00306
input.THUIRgen2P,input.MARYGEN1,0.00450
input.tnog10,input.MARYGEN1,0.02955
input.tnog10p,input.MARYGEN1,0.00934
input.UAmscombGeFb,input.MARYGEN1,0.00450
input.UAmscombGeMl,input.MARYGEN1,0.16444
input.UBIgeneA,input.MARYGEN1,0.10266
input.UICgen1,input.MARYGEN1,0.90377
input.UIowa05GN101,input.MARYGEN1,0.39740
input.UIowa05GN102,input.MARYGEN1,0.54553
input.UIUCgAuto,input.MARYGEN1,0.00653
input.UIUCgInt,input.MARYGEN1,0.00089
input.UMD01,input.MARYGEN1,0.58642
input.UMD02,input.MARYGEN1,0.00057
input.UniGe2,input.MARYGEN1,0.03437
input.UniGeNe,input.MARYGEN1,0.10266
input.UniNeHug2,input.MARYGEN1,0.00057
input.UniNeHug2c,input.MARYGEN1,0.02162
input.uta05a,input.MARYGEN1,0.00371
input.uta05i,input.MARYGEN1,0.00450
input.uwmtEg05,input.MARYGEN1,0.00306
input.uwmtEg05fb,input.MARYGEN1,0.04607
input.wim1,input.MARYGEN1,0.54553
input.wim2,input.MARYGEN1,0.76247
input.YAMAHASHI1,input.MARYGEN1,0.16444
input.YAMAHASHI2,input.MARYGEN1,0.27657
input.york05ga1,input.MARYGEN1,0.00005
input.york05ga2,input.MARYGEN1,0.00653
input.york05ga3,input.MARYGEN1,0.00045
input.york05ga4,input.MARYGEN1,0.02531
input.york05ga5,input.MARYGEN1,0.01561
input.york05gm1,input.MARYGEN1,0.00005
input.NCBITHQ,input.NCBIMAN,0.80894
input.NLMfusionA,input.NCBIMAN,0.01112
input.NLMfusionB,input.NCBIMAN,0.00782
input.NTUgah1,input.NCBIMAN,0.00306
input.NTUgah2,input.NCBIMAN,0.00136
input.OHSUall,input.NCBIMAN,0.71684
input.OHSUkey,input.NCBIMAN,0.09054
input.PDnoSE,input.NCBIMAN,0.13074
input.PDSESe02,input.NCBIMAN,0.62868
input.SFUshi,input.NCBIMAN,0.46822
input.THUIRgen1S,input.NCBIMAN,0.00371
input.THUIRgen2P,input.NCBIMAN,0.00543
input.tnog10,input.NCBIMAN,0.03437
input.tnog10p,input.NCBIMAN,0.01112
input.UAmscombGeFb,input.NCBIMAN,0.00543
input.UAmscombGeMl,input.NCBIMAN,0.18357
input.UBIgeneA,input.NCBIMAN,0.11603
input.UICgen1,input.NCBIMAN,0.85610
input.UIowa05GN101,input.NCBIMAN,0.36456
input.UIowa05GN102,input.NCBIMAN,0.50610
input.UIUCgAuto,input.NCBIMAN,0.00782
input.UIUCgInt,input.NCBIMAN,0.00110
input.UMD01,input.NCBIMAN,0.62868
input.UMD02,input.NCBIMAN,0.00045
input.UniGe2,input.NCBIMAN,0.03986
input.UniGeNe,input.NCBIMAN,0.11603
input.UniNeHug2,input.NCBIMAN,0.00071
input.UniNeHug2c,input.NCBIMAN,0.02531
input.uta05a,input.NCBIMAN,0.00450
input.uta05i,input.NCBIMAN,0.00543
input.uwmtEg05,input.NCBIMAN,0.00371
input.uwmtEg05fb,input.NCBIMAN,0.05307
input.wim1,input.NCBIMAN,0.58642
input.wim2,input.NCBIMAN,0.71684
input.YAMAHASHI1,input.NCBIMAN,0.14685
input.YAMAHASHI2,input.NCBIMAN,0.25076
input.york05ga1,input.NCBIMAN,0.00007
input.york05ga2,input.NCBIMAN,0.00782
input.york05ga3,input.NCBIMAN,0.00057
input.york05ga4,input.NCBIMAN,0.02955
input.york05ga5,input.NCBIMAN,0.01840
input.york05gm1,input.NCBIMAN,0.00007
input.NLMfusionA,input.NCBITHQ,0.00543
input.NLMfusionB,input.NCBITHQ,0.00371
input.NTUgah1,input.NCBITHQ,0.00136
input.NTUgah2,input.NCBITHQ,0.00057
input.OHSUall,input.NCBITHQ,0.54553
input.OHSUkey,input.NCBITHQ,0.05307
input.PDnoSE,input.NCBITHQ,0.07960
input.PDSESe02,input.NCBITHQ,0.46822
input.SFUshi,input.NCBITHQ,0.33346
input.THUIRgen1S,input.NCBITHQ,0.00167
input.THUIRgen2P,input.NCBITHQ,0.00251
input.tnog10,input.NCBITHQ,0.01840
input.tnog10p,input.NCBITHQ,0.00543
input.UAmscombGeFb,input.NCBITHQ,0.00251
input.UAmscombGeMl,input.NCBITHQ,0.11603
input.UBIgeneA,input.NCBITHQ,0.06976
input.UICgen1,input.NCBITHQ,0.95180
input.UIowa05GN101,input.NCBITHQ,0.50610
input.UIowa05GN102,input.NCBITHQ,0.67220
input.UIUCgAuto,input.NCBITHQ,0.00371
input.UIUCgInt,input.NCBITHQ,0.00045
input.UMD01,input.NCBITHQ,0.46822
input.UMD02,input.NCBITHQ,0.00110
input.UniGe2,input.NCBITHQ,0.02162
input.UniGeNe,input.NCBITHQ,0.06976
input.UniNeHug2,input.NCBITHQ,0.00029
input.UniNeHug2c,input.NCBITHQ,0.01320
input.uta05a,input.NCBITHQ,0.00205
input.uta05i,input.NCBITHQ,0.00251
input.uwmtEg05,input.NCBITHQ,0.00167
input.uwmtEg05fb,input.NCBITHQ,0.02955
input.wim1,input.NCBITHQ,0.43197
input.wim2,input.NCBITHQ,0.90377
input.YAMAHASHI1,input.NCBITHQ,0.22668
input.YAMAHASHI2,input.NCBITHQ,0.36456
input.york05ga1,input.NCBITHQ,0.00002
input.york05ga2,input.NCBITHQ,0.00371
input.york05ga3,input.NCBITHQ,0.00023
input.york05ga4,input.NCBITHQ,0.01561
input.york05ga5,input.NCBITHQ,0.00934
input.york05gm1,input.NCBITHQ,0.00002
input.NLMfusionB,input.NLMfusionA,0.90377
input.NTUgah1,input.NLMfusionA,0.67220
input.NTUgah2,input.NLMfusionA,0.50610
input.OHSUall,input.NLMfusionA,0.02955
input.OHSUkey,input.NLMfusionA,0.39740
input.PDnoSE,input.NLMfusionA,0.30413
input.PDSESe02,input.NLMfusionA,0.03986
input.SFUshi,input.NLMfusionA,0.06976
input.THUIRgen1S,input.NLMfusionA,0.71684
input.THUIRgen2P,input.NLMfusionA,0.80894
input.tnog10,input.NLMfusionA,0.67220
input.tnog10p,input.NLMfusionA,1.00000
input.UAmscombGeFb,input.NLMfusionA,0.80894
input.UAmscombGeMl,input.NLMfusionA,0.22668
input.UBIgeneA,input.NLMfusionA,0.33346
input.UICgen1,input.NLMfusionA,0.00653
input.UIowa05GN101,input.NLMfusionA,0.00057
input.UIowa05GN102,input.NLMfusionA,0.00136
input.UIUCgAuto,input.NLMfusionA,0.90377
input.UIUCgInt,input.NLMfusionA,0.46822
input.UMD01,input.NLMfusionA,0.03986
input.UMD02,input.NLMfusionA,0.00000
input.UniGe2,input.NLMfusionA,0.62868
input.UniGeNe,input.NLMfusionA,0.33346
input.UniNeHug2,input.NLMfusionA,0.39740
input.UniNeHug2c,input.NLMfusionA,0.76247
input.uta05a,input.NLMfusionA,0.76247
input.uta05i,input.NLMfusionA,0.80894
input.uwmtEg05,input.NLMfusionA,0.71684
input.uwmtEg05fb,input.NLMfusionA,0.54553
input.wim1,input.NLMfusionA,0.04607
input.wim2,input.NLMfusionA,0.00371
input.YAMAHASHI1,input.NLMfusionA,0.00007
input.YAMAHASHI2,input.NLMfusionA,0.00023
input.york05ga1,input.NLMfusionA,0.14685
input.york05ga2,input.NLMfusionA,0.90377
input.york05ga3,input.NLMfusionA,0.36456
input.york05ga4,input.NLMfusionA,0.71684
input.york05ga5,input.NLMfusionA,0.85610
input.york05gm1,input.NLMfusionA,0.14685
input.NTUgah1,input.NLMfusionB,0.76247
input.NTUgah2,input.NLMfusionB,0.58642
input.OHSUall,input.NLMfusionB,0.02162
input.OHSUkey,input.NLMfusionB,0.33346
input.PDnoSE,input.NLMfusionB,0.25076
input.PDSESe02,input.NLMfusionB,0.02955
input.SFUshi,input.NLMfusionB,0.05307
input.THUIRgen1S,input.NLMfusionB,0.80894
input.THUIRgen2P,input.NLMfusionB,0.90377
input.tnog10,input.NLMfusionB,0.58642
input.tnog10p,input.NLMfusionB,0.90377
input.UAmscombGeFb,input.NLMfusionB,0.90377
input.UAmscombGeMl,input.NLMfusionB,0.18357
input.UBIgeneA,input.NLMfusionB,0.27657
input.UICgen1,input.NLMfusionB,0.00450
input.UIowa05GN101,input.NLMfusionB,0.00036
input.UIowa05GN102,input.NLMfusionB,0.00089
input.UIUCgAuto,input.NLMfusionB,1.00000
input.UIUCgInt,input.NLMfusionB,0.54553
input.UMD01,input.NLMfusionB,0.02955
input.UMD02,input.NLMfusionB,0.00000
input.UniGe2,input.NLMfusionB,0.54553
input.UniGeNe,input.NLMfusionB,0.27657
input.UniNeHug2,input.NLMfusionB,0.46822
input.UniNeHug2c,input.NLMfusionB,0.67220
input.uta05a,input.NLMfusionB,0.85610
input.uta05i,input.NLMfusionB,0.90377
input.uwmtEg05,input.NLMfusionB,0.80894
input.uwmtEg05fb,input.NLMfusionB,0.46822
input.wim1,input.NLMfusionB,0.03437
input.wim2,input.NLMfusionB,0.00251
input.YAMAHASHI1,input.NLMfusionB,0.00004
input.YAMAHASHI2,input.NLMfusionB,0.00014
input.york05ga1,input.NLMfusionB,0.18357
input.york05ga2,input.NLMfusionB,1.00000
input.york05ga3,input.NLMfusionB,0.43197
input.york05ga4,input.NLMfusionB,0.62868
input.york05ga5,input.NLMfusionB,0.76247
input.york05gm1,input.NLMfusionB,0.18357
input.NTUgah2,input.NTUgah1,0.80894
input.OHSUall,input.NTUgah1,0.00934
input.OHSUkey,input.NTUgah1,0.20430
input.PDnoSE,input.NTUgah1,0.14685
input.PDSESe02,input.NTUgah1,0.01320
input.SFUshi,input.NTUgah1,0.02531
input.THUIRgen1S,input.NTUgah1,0.95180
input.THUIRgen2P,input.NTUgah1,0.85610
input.tnog10,input.NTUgah1,0.39740
input.tnog10p,input.NTUgah1,0.67220
input.UAmscombGeFb,input.NTUgah1,0.85610
input.UAmscombGeMl,input.NTUgah1,0.10266
input.UBIgeneA,input.NTUgah1,0.16444
input.UICgen1,input.NTUgah1,0.00167
input.UIowa05GN101,input.NTUgah1,0.00011
input.UIowa05GN102,input.NTUgah1,0.00029
input.UIUCgAuto,input.NTUgah1,0.76247
input.UIUCgInt,input.NTUgah1,0.76247
input.UMD01,input.NTUgah1,0.01320
input.UMD02,input.NTUgah1,0.00000
input.UniGe2,input.NTUgah1,0.36456
input.UniGeNe,input.NTUgah1,0.16444
input.UniNeHug2,input.NTUgah1,0.67220
input.UniNeHug2c,input.NTUgah1,0.46822
input.uta05a,input.NTUgah1,0.90377
input.uta05i,input.NTUgah1,0.85610
input.uwmtEg05,input.NTUgah1,0.95180
input.uwmtEg05fb,input.NTUgah1,0.30413
input.wim1,input.NTUgah1,0.01561
input.wim2,input.NTUgah1,0.00089
input.YAMAHASHI1,input.NTUgah1,0.00001
input.YAMAHASHI2,input.NTUgah1,0.00004
input.york05ga1,input.NTUgah1,0.30413
input.york05ga2,input.NTUgah1,0.76247
input.york05ga3,input.NTUgah1,0.62868
input.york05ga4,input.NTUgah1,0.43197
input.york05ga5,input.NTUgah1,0.54553
input.york05gm1,input.NTUgah1,0.30413
input.OHSUall,input.NTUgah2,0.00450
input.OHSUkey,input.NTUgah2,0.13074
input.PDnoSE,input.NTUgah2,0.09054
input.PDSESe02,input.NTUgah2,0.00653
input.SFUshi,input.NTUgah2,0.01320
input.THUIRgen1S,input.NTUgah2,0.76247
input.THUIRgen2P,input.NTUgah2,0.67220
input.tnog10,input.NTUgah2,0.27657
input.tnog10p,input.NTUgah2,0.50610
input.UAmscombGeFb,input.NTUgah2,0.67220
input.UAmscombGeMl,input.NTUgah2,0.06095
input.UBIgeneA,input.NTUgah2,0.10266
input.UICgen1,input.NTUgah2,0.00071
input.UIowa05GN101,input.NTUgah2,0.00004
input.UIowa05GN102,input.NTUgah2,0.00011
input.UIUCgAuto,input.NTUgah2,0.58642
input.UIUCgInt,input.NTUgah2,0.95180
input.UMD01,input.NTUgah2,0.00653
input.UMD02,input.NTUgah2,0.00000
input.UniGe2,input.NTUgah2,0.25076
input.UniGeNe,input.NTUgah2,0.10266
input.UniNeHug2,input.NTUgah2,0.85610
input.UniNeHug2c,input.NTUgah2,0.33346
input.uta05a,input.NTUgah2,0.71684
input.uta05i,input.NTUgah2,0.67220
input.uwmtEg05,input.NTUgah2,0.76247
input.uwmtEg05fb,input.NTUgah2,0.20430
input.wim1,input.NTUgah2,0.00782
input.wim2,input.NTUgah2,0.00036
input.YAMAHASHI1,input.NTUgah2,0.00000
input.YAMAHASHI2,input.NTUgah2,0.00001
input.york05ga1,input.NTUgah2,0.43197
input.york05ga2,input.NTUgah2,0.58642
input.york05ga3,input.NTUgah2,0.80894
input.york05ga4,input.NTUgah2,0.30413
input.york05ga5,input.NTUgah2,0.39740
input.york05gm1,input.NTUgah2,0.43197
input.OHSUkey,input.OHSUall,0.18357
input.PDnoSE,input.OHSUall,0.25076
input.PDSESe02,input.OHSUall,0.90377
input.SFUshi,input.OHSUall,0.71684
input.THUIRgen1S,input.OHSUall,0.01112
input.THUIRgen2P,input.OHSUall,0.01561
input.tnog10,input.OHSUall,0.07960
input.tnog10p,input.OHSUall,0.02955
input.UAmscombGeFb,input.OHSUall,0.01561
input.UAmscombGeMl,input.OHSUall,0.33346
input.UBIgeneA,input.OHSUall,0.22668
input.UICgen1,input.OHSUall,0.58642
input.UIowa05GN101,input.OHSUall,0.20430
input.UIowa05GN102,input.OHSUall,0.30413
input.UIUCgAuto,input.OHSUall,0.02162
input.UIUCgInt,input.OHSUall,0.00371
input.UMD01,input.OHSUall,0.90377
input.UMD02,input.OHSUall,0.00011
input.UniGe2,input.OHSUall,0.09054
input.UniGeNe,input.OHSUall,0.22668
input.UniNeHug2,input.OHSUall,0.00251
input.UniNeHug2c,input.OHSUall,0.06095
input.uta05a,input.OHSUall,0.01320
input.uta05i,input.OHSUall,0.01561
input.uwmtEg05,input.OHSUall,0.01112
input.uwmtEg05fb,input.OHSUall,0.11603
input.wim1,input.OHSUall,0.85610
input.wim2,input.OHSUall,0.46822
input.YAMAHASHI1,input.OHSUall,0.06976
input.YAMAHASHI2,input.OHSUall,0.13074
input.york05ga1,input.OHSUall,0.00029
input.york05ga2,input.OHSUall,0.02162
input.york05ga3,input.OHSUall,0.00205
input.york05ga4,input.OHSUall,0.06976
input.york05ga5,input.OHSUall,0.04607
input.york05gm1,input.OHSUall,0.00029
input.PDnoSE,input.OHSUkey,0.85610
input.PDSESe02,input.OHSUkey,0.22668
input.SFUshi,input.OHSUkey,0.33346
input.THUIRgen1S,input.OHSUkey,0.22668
input.THUIRgen2P,input.OHSUkey,0.27657
input.tnog10,input.OHSUkey,0.67220
input.tnog10p,input.OHSUkey,0.39740
input.UAmscombGeFb,input.OHSUkey,0.27657
input.UAmscombGeMl,input.OHSUkey,0.71684
input.UBIgeneA,input.OHSUkey,0.90377
input.UICgen1,input.OHSUkey,0.06095
input.UIowa05GN101,input.OHSUkey,0.00934
input.UIowa05GN102,input.OHSUkey,0.01840
input.UIUCgAuto,input.OHSUkey,0.33346
input.UIUCgInt,input.OHSUkey,0.11603
input.UMD01,input.OHSUkey,0.22668
input.UMD02,input.OHSUkey,0.00000
input.UniGe2,input.OHSUkey,0.71684
input.UniGeNe,input.OHSUkey,0.90377
input.UniNeHug2,input.OHSUkey,0.09054
input.UniNeHug2c,input.OHSUkey,0.58642
input.uta05a,input.OHSUkey,0.25076
input.uta05i,input.OHSUkey,0.27657
input.uwmtEg05,input.OHSUkey,0.22668
input.uwmtEg05fb,input.OHSUkey,0.80894
input.wim1,input.OHSUkey,0.25076
input.wim2,input.OHSUkey,0.03986
input.YAMAHASHI1,input.OHSUkey,0.00167
input.YAMAHASHI2,input.OHSUkey,0.00450
input.york05ga1,input.OHSUkey,0.02162
input.york05ga2,input.OHSUkey,0.33346
input.york05ga3,input.OHSUkey,0.07960
input.york05ga4,input.OHSUkey,0.62868
input.york05ga5,input.OHSUkey,0.50610
input.york05gm1,input.OHSUkey,0.02162
input.PDSESe02,input.PDnoSE,0.30413
input.SFUshi,input.PDnoSE,0.43197
input.THUIRgen1S,input.PDnoSE,0.16444
input.THUIRgen2P,input.PDnoSE,0.20430
input.tnog10,input.PDnoSE,0.54553
input.tnog10p,input.PDnoSE,0.30413
input.UAmscombGeFb,input.PDnoSE,0.20430
input.UAmscombGeMl,input.PDnoSE,0.85610
input.UBIgeneA,input.PDnoSE,0.95180
input.UICgen1,input.PDnoSE,0.09054
input.UIowa05GN101,input.PDnoSE,0.01561
input.UIowa05GN102,input.PDnoSE,0.02955
input.UIUCgAuto,input.PDnoSE,0.25076
input.UIUCgInt,input.PDnoSE,0.07960
input.UMD01,input.PDnoSE,0.30413
input.UMD02,input.PDnoSE,0.00000
input.UniGe2,input.PDnoSE,0.58642
input.UniGeNe,input.PDnoSE,0.95180
input.UniNeHug2,input.PDnoSE,0.06095
input.UniNeHug2c,input.PDnoSE,0.46822
input.uta05a,input.PDnoSE,0.18357
input.uta05i,input.PDnoSE,0.20430
input.uwmtEg05,input.PDnoSE,0.16444
input.uwmtEg05fb,input.PDnoSE,0.67220
input.wim1,input.PDnoSE,0.33346
input.wim2,input.PDnoSE,0.06095
input.YAMAHASHI1,input.PDnoSE,0.00306
input.YAMAHASHI2,input.PDnoSE,0.00782
input.york05ga1,input.PDnoSE,0.01320
input.york05ga2,input.PDnoSE,0.25076
input.york05ga3,input.PDnoSE,0.05307
input.york05ga4,input.PDnoSE,0.50610
input.york05ga5,input.PDnoSE,0.39740
input.york05gm1,input.PDnoSE,0.01320
input.SFUshi,input.PDSESe02,0.80894
input.THUIRgen1S,input.PDSESe02,0.01561
input.THUIRgen2P,input.PDSESe02,0.02162
input.tnog10,input.PDSESe02,0.10266
input.tnog10p,input.PDSESe02,0.03986
input.UAmscombGeFb,input.PDSESe02,0.02162
input.UAmscombGeMl,input.PDSESe02,0.39740
input.UBIgeneA,input.PDSESe02,0.27657
input.UICgen1,input.PDSESe02,0.50610
input.UIowa05GN101,input.PDSESe02,0.16444
input.UIowa05GN102,input.PDSESe02,0.25076
input.UIUCgAuto,input.PDSESe02,0.02955
input.UIUCgInt,input.PDSESe02,0.00543
input.UMD01,input.PDSESe02,1.00000
input.UMD02,input.PDSESe02,0.00007
input.UniGe2,input.PDSESe02,0.11603
input.UniGeNe,input.PDSESe02,0.27657
input.UniNeHug2,input.PDSESe02,0.00371
input.UniNeHug2c,input.PDSESe02,0.07960
input.uta05a,input.PDSESe02,0.01840
input.uta05i,input.PDSESe02,0.02162
input.uwmtEg05,input.PDSESe02,0.01561
input.uwmtEg05fb,input.PDSESe02,0.14685
input.wim1,input.PDSESe02,0.95180
input.wim2,input.PDSESe02,0.39740
input.YAMAHASHI1,input.PDSESe02,0.05307
input.YAMAHASHI2,input.PDSESe02,0.10266
input.york05ga1,input.PDSESe02,0.00045
input.york05ga2,input.PDSESe02,0.02955
input.york05ga3,input.PDSESe02,0.00306
input.york05ga4,input.PDSESe02,0.09054
input.york05ga5,input.PDSESe02,0.06095
input.york05gm1,input.PDSESe02,0.00045
input.THUIRgen1S,input.SFUshi,0.02955
input.THUIRgen2P,input.SFUshi,0.03986
input.tnog10,input.SFUshi,0.16444
input.tnog10p,input.SFUshi,0.06976
input.UAmscombGeFb,input.SFUshi,0.03986
input.UAmscombGeMl,input.SFUshi,0.54553
input.UBIgeneA,input.SFUshi,0.39740
input.UICgen1,input.SFUshi,0.36456
input.UIowa05GN101,input.SFUshi,0.10266
input.UIowa05GN102,input.SFUshi,0.16444
input.UIUCgAuto,input.SFUshi,0.05307
input.UIUCgInt,input.SFUshi,0.01112
input.UMD01,input.SFUshi,0.80894
input.UMD02,input.SFUshi,0.00002
input.UniGe2,input.SFUshi,0.18357
input.UniGeNe,input.SFUshi,0.39740
input.UniNeHug2,input.SFUshi,0.00782
input.UniNeHug2c,input.SFUshi,0.13074
input.uta05a,input.SFUshi,0.03437
input.uta05i,input.SFUshi,0.03986
input.uwmtEg05,input.SFUshi,0.02955
input.uwmtEg05fb,input.SFUshi,0.22668
input.wim1,input.SFUshi,0.85610
input.wim2,input.SFUshi,0.27657
input.YAMAHASHI1,input.SFUshi,0.02955
input.YAMAHASHI2,input.SFUshi,0.06095
input.york05ga1,input.SFUshi,0.00110
input.york05ga2,input.SFUshi,0.05307
input.york05ga3,input.SFUshi,0.00653
input.york05ga4,input.SFUshi,0.14685
input.york05ga5,input.SFUshi,0.10266
input.york05gm1,input.SFUshi,0.00110
input.THUIRgen2P,input.THUIRgen1S,0.90377
input.tnog10,input.THUIRgen1S,0.43197
input.tnog10p,input.THUIRgen1S,0.71684
input.UAmscombGeFb,input.THUIRgen1S,0.90377
input.UAmscombGeMl,input.THUIRgen1S,0.11603
input.UBIgeneA,input.THUIRgen1S,0.18357
input.UICgen1,input.THUIRgen1S,0.00205
input.UIowa05GN101,input.THUIRgen1S,0.00014
input.UIowa05GN102,input.THUIRgen1S,0.00036
input.UIUCgAuto,input.THUIRgen1S,0.80894
input.UIUCgInt,input.THUIRgen1S,0.71684
input.UMD01,input.THUIRgen1S,0.01561
input.UMD02,input.THUIRgen1S,0.00000
input.UniGe2,input.THUIRgen1S,0.39740
input.UniGeNe,input.THUIRgen1S,0.18357
input.UniNeHug2,input.THUIRgen1S,0.62868
input.UniNeHug2c,input.THUIRgen1S,0.50610
input.uta05a,input.THUIRgen1S,0.95180
input.uta05i,input.THUIRgen1S,0.90377
input.uwmtEg05,input.THUIRgen1S,1.00000
input.uwmtEg05fb,input.THUIRgen1S,0.33346
input.wim1,input.THUIRgen1S,0.01840
input.wim2,input.THUIRgen1S,0.00110
input.YAMAHASHI1,input.THUIRgen1S,0.00001
input.YAMAHASHI2,input.THUIRgen1S,0.00005
input.york05ga1,input.THUIRgen1S,0.27657
input.york05ga2,input.THUIRgen1S,0.80894
input.york05ga3,input.THUIRgen1S,0.58642
input.york05ga4,input.THUIRgen1S,0.46822
input.york05ga5,input.THUIRgen1S,0.58642
input.york05gm1,input.THUIRgen1S,0.27657
input.tnog10,input.THUIRgen2P,0.50610
input.tnog10p,input.THUIRgen2P,0.80894
input.UAmscombGeFb,input.THUIRgen2P,1.00000
input.UAmscombGeMl,input.THUIRgen2P,0.14685
input.UBIgeneA,input.THUIRgen2P,0.22668
input.UICgen1,input.THUIRgen2P,0.00306
input.UIowa05GN101,input.THUIRgen2P,0.00023
input.UIowa05GN102,input.THUIRgen2P,0.00057
input.UIUCgAuto,input.THUIRgen2P,0.90377
input.UIUCgInt,input.THUIRgen2P,0.62868
input.UMD01,input.THUIRgen2P,0.02162
input.UMD02,input.THUIRgen2P,0.00000
input.UniGe2,input.THUIRgen2P,0.46822
input.UniGeNe,input.THUIRgen2P,0.22668
input.UniNeHug2,input.THUIRgen2P,0.54553
input.UniNeHug2c,input.THUIRgen2P,0.58642
input.uta05a,input.THUIRgen2P,0.95180
input.uta05i,input.THUIRgen2P,1.00000
input.uwmtEg05,input.THUIRgen2P,0.90377
input.uwmtEg05fb,input.THUIRgen2P,0.39740
input.wim1,input.THUIRgen2P,0.02531
input.wim2,input.THUIRgen2P,0.00167
input.YAMAHASHI1,input.THUIRgen2P,0.00002
input.YAMAHASHI2,input.THUIRgen2P,0.00009
input.york05ga1,input.THUIRgen2P,0.22668
input.york05ga2,input.THUIRgen2P,0.90377
input.york05ga3,input.THUIRgen2P,0.50610
input.york05ga4,input.THUIRgen2P,0.54553
input.york05ga5,input.THUIRgen2P,0.67220
input.york05gm1,input.THUIRgen2P,0.22668
input.tnog10p,input.tnog10,0.67220
input.UAmscombGeFb,input.tnog10,0.50610
input.UAmscombGeMl,input.tnog10,0.43197
input.UBIgeneA,input.tnog10,0.58642
input.UICgen1,input.tnog10,0.02162
input.UIowa05GN101,input.tnog10,0.00251
input.UIowa05GN102,input.tnog10,0.00543
input.UIUCgAuto,input.tnog10,0.58642
input.UIUCgInt,input.tnog10,0.25076
input.UMD01,input.tnog10,0.10266
input.UMD02,input.tnog10,0.00000
input.UniGe2,input.tnog10,0.95180
input.UniGeNe,input.tnog10,0.58642
input.UniNeHug2,input.tnog10,0.20430
input.UniNeHug2c,input.tnog10,0.90377
input.uta05a,input.tnog10,0.46822
input.uta05i,input.tnog10,0.50610
input.uwmtEg05,input.tnog10,0.43197
input.uwmtEg05fb,input.tnog10,0.85610
input.wim1,input.tnog10,0.11603
input.wim2,input.tnog10,0.01320
input.YAMAHASHI1,input.tnog10,0.00036
input.YAMAHASHI2,input.tnog10,0.00110
input.york05ga1,input.tnog10,0.06095
input.york05ga2,input.tnog10,0.58642
input.york05ga3,input.tnog10,0.18357
input.york05ga4,input.tnog10,0.95180
input.york05ga5,input.tnog10,0.80894
input.york05gm1,input.tnog10,0.06095
input.UAmscombGeFb,input.tnog10p,0.80894
input.UAmscombGeMl,input.tnog10p,0.22668
input.UBIgeneA,input.tnog10p,0.33346
input.UICgen1,input.tnog10p,0.00653
input.UIowa05GN101,input.tnog10p,0.00057
input.UIowa05GN102,input.tnog10p,0.00136
input.UIUCgAuto,input.tnog10p,0.90377
input.UIUCgInt,input.tnog10p,0.46822
input.UMD01,input.tnog10p,0.03986
input.UMD02,input.tnog10p,0.00000
input.UniGe2,input.tnog10p,0.62868
input.UniGeNe,input.tnog10p,0.33346
input.UniNeHug2,input.tnog10p,0.39740
input.UniNeHug2c,input.tnog10p,0.76247
input.uta05a,input.tnog10p,0.76247
input.uta05i,input.tnog10p,0.80894
input.uwmtEg05,input.tnog10p,0.71684
input.uwmtEg05fb,input.tnog10p,0.54553
input.wim1,input.tnog10p,0.04607
input.wim2,input.tnog10p,0.00371
input.YAMAHASHI1,input.tnog10p,0.00007
input.YAMAHASHI2,input.tnog10p,0.00023
input.york05ga1,input.tnog10p,0.14685
input.york05ga2,input.tnog10p,0.90377
input.york05ga3,input.tnog10p,0.36456
input.york05ga4,input.tnog10p,0.71684
input.york05ga5,input.tnog10p,0.85610
input.york05gm1,input.tnog10p,0.14685
input.UAmscombGeMl,input.UAmscombGeFb,0.14685
input.UBIgeneA,input.UAmscombGeFb,0.22668
input.UICgen1,input.UAmscombGeFb,0.00306
input.UIowa05GN101,input.UAmscombGeFb,0.00023
input.UIowa05GN102,input.UAmscombGeFb,0.00057
input.UIUCgAuto,input.UAmscombGeFb,0.90377
input.UIUCgInt,input.UAmscombGeFb,0.62868
input.UMD01,input.UAmscombGeFb,0.02162
input.UMD02,input.UAmscombGeFb,0.00000
input.UniGe2,input.UAmscombGeFb,0.46822
input.UniGeNe,input.UAmscombGeFb,0.22668
input.UniNeHug2,input.UAmscombGeFb,0.54553
input.UniNeHug2c,input.UAmscombGeFb,0.58642
input.uta05a,input.UAmscombGeFb,0.95180
input.uta05i,input.UAmscombGeFb,1.00000
input.uwmtEg05,input.UAmscombGeFb,0.90377
input.uwmtEg05fb,input.UAmscombGeFb,0.39740
input.wim1,input.UAmscombGeFb,0.02531
input.wim2,input.UAmscombGeFb,0.00167
input.YAMAHASHI1,input.UAmscombGeFb,0.00002
input.YAMAHASHI2,input.UAmscombGeFb,0.00009
input.york05ga1,input.UAmscombGeFb,0.22668
input.york05ga2,input.UAmscombGeFb,0.90377
input.york05ga3,input.UAmscombGeFb,0.50610
input.york05ga4,input.UAmscombGeFb,0.54553
input.york05ga5,input.UAmscombGeFb,0.67220
input.york05gm1,input.UAmscombGeFb,0.22668
input.UBIgeneA,input.UAmscombGeMl,0.80894
input.UICgen1,input.UAmscombGeMl,0.13074
input.UIowa05GN101,input.UAmscombGeMl,0.02531
input.UIowa05GN102,input.UAmscombGeMl,0.04607
input.UIUCgAuto,input.UAmscombGeMl,0.18357
input.UIUCgInt,input.UAmscombGeMl,0.05307
input.UMD01,input.UAmscombGeMl,0.39740
input.UMD02,input.UAmscombGeMl,0.00000
input.UniGe2,input.UAmscombGeMl,0.46822
input.UniGeNe,input.UAmscombGeMl,0.80894
input.UniNeHug2,input.UAmscombGeMl,0.03986
input.UniNeHug2c,input.UAmscombGeMl,0.36456
input.uta05a,input.UAmscombGeMl,0.13074
input.uta05i,input.UAmscombGeMl,0.14685
input.uwmtEg05,input.UAmscombGeMl,0.11603
input.uwmtEg05fb,input.UAmscombGeMl,0.54553
input.wim1,input.UAmscombGeMl,0.43197
input.wim2,input.UAmscombGeMl,0.09054
input.YAMAHASHI1,input.UAmscombGeMl,0.00543
input.YAMAHASHI2,input.UAmscombGeMl,0.01320
input.york05ga1,input.UAmscombGeMl,0.00782
input.york05ga2,input.UAmscombGeMl,0.18357
input.york05ga3,input.UAmscombGeMl,0.03437
input.york05ga4,input.UAmscombGeMl,0.39740
input.york05ga5,input.UAmscombGeMl,0.30413
input.york05gm1,input.UAmscombGeMl,0.00782
input.UICgen1,input.UBIgeneA,0.07960
input.UIowa05GN101,input.UBIgeneA,0.01320
input.UIowa05GN102,input.UBIgeneA,0.02531
input.UIUCgAuto,input.UBIgeneA,0.27657
input.UIUCgInt,input.UBIgeneA,0.09054
input.UMD01,input.UBIgeneA,0.27657
input.UMD02,input.UBIgeneA,0.00000
input.UniGe2,input.UBIgeneA,0.62868
input.UniGeNe,input.UBIgeneA,1.00000
input.UniNeHug2,input.UBIgeneA,0.06976
input.UniNeHug2c,input.UBIgeneA,0.50610
input.uta05a,input.UBIgeneA,0.20430
input.uta05i,input.UBIgeneA,0.22668
input.uwmtEg05,input.UBIgeneA,0.18357
input.uwmtEg05fb,input.UBIgeneA,0.71684
input.wim1,input.UBIgeneA,0.30413
input.wim2,input.UBIgeneA,0.05307
input.YAMAHASHI1,input.UBIgeneA,0.00251
input.YAMAHASHI2,input.UBIgeneA,0.00653
input.york05ga1,input.UBIgeneA,0.01561
input.york05ga2,input.UBIgeneA,0.27657
input.york05ga3,input.UBIgeneA,0.06095
input.york05ga4,input.UBIgeneA,0.54553
input.york05ga5,input.UBIgeneA,0.43197
input.york05gm1,input.UBIgeneA,0.01561
input.UIowa05GN101,input.UICgen1,0.46822
input.UIowa05GN102,input.UICgen1,0.62868
input.UIUCgAuto,input.UICgen1,0.00450
input.UIUCgInt,input.UICgen1,0.00057
input.UMD01,input.UICgen1,0.50610
input.UMD02,input.UICgen1,0.00089
input.UniGe2,input.UICgen1,0.02531
input.UniGeNe,input.UICgen1,0.07960
input.UniNeHug2,input.UICgen1,0.00036
input.UniNeHug2c,input.UICgen1,0.01561
input.uta05a,input.UICgen1,0.00251
input.uta05i,input.UICgen1,0.00306
input.uwmtEg05,input.UICgen1,0.00205
input.uwmtEg05fb,input.UICgen1,0.03437
input.wim1,input.UICgen1,0.46822
input.wim2,input.UICgen1,0.85610
input.YAMAHASHI1,input.UICgen1,0.20430
input.YAMAHASHI2,input.UICgen1,0.33346
input.york05ga1,input.UICgen1,0.00003
input.york05ga2,input.UICgen1,0.00450
input.york05ga3,input.UICgen1,0.00029
input.york05ga4,input.UICgen1,0.01840
input.york05ga5,input.UICgen1,0.01112
input.york05gm1,input.UICgen1,0.00003
input.UIowa05GN102,input.UIowa05GN101,0.80894
input.UIUCgAuto,input.UIowa05GN101,0.00036
input.UIUCgInt,input.UIowa05GN101,0.00003
input.UMD01,input.UIowa05GN101,0.16444
input.UMD02,input.UIowa05GN101,0.00934
input.UniGe2,input.UIowa05GN101,0.00306
input.UniGeNe,input.UIowa05GN101,0.01320
input.UniNeHug2,input.UIowa05GN101,0.00002
input.UniNeHug2c,input.UIowa05GN101,0.00167
input.uta05a,input.UIowa05GN101,0.00018
input.uta05i,input.UIowa05GN101,0.00023
input.uwmtEg05,input.UIowa05GN101,0.00014
input.uwmtEg05fb,input.UIowa05GN101,0.00450
input.wim1,input.UIowa05GN101,0.14685
input.wim2,input.UIowa05GN101,0.58642
input.YAMAHASHI1,input.UIowa05GN101,0.58642
input.YAMAHASHI2,input.UIowa05GN101,0.80894
input.york05ga1,input.UIowa05GN101,0.00000
input.york05ga2,input.UIowa05GN101,0.00036
input.york05ga3,input.UIowa05GN101,0.00001
input.york05ga4,input.UIowa05GN101,0.00205
input.york05ga5,input.UIowa05GN101,0.00110
input.york05gm1,input.UIowa05GN101,0.00000
input.UIUCgAuto,input.UIowa05GN102,0.00089
input.UIUCgInt,input.UIowa05GN102,0.00009
input.UMD01,input.UIowa05GN102,0.25076
input.UMD02,input.UIowa05GN102,0.00450
input.UniGe2,input.UIowa05GN102,0.00653
input.UniGeNe,input.UIowa05GN102,0.02531
input.UniNeHug2,input.UIowa05GN102,0.00005
input.UniNeHug2c,input.UIowa05GN102,0.00371
input.uta05a,input.UIowa05GN102,0.00045
input.uta05i,input.UIowa05GN102,0.00057
input.uwmtEg05,input.UIowa05GN102,0.00036
input.uwmtEg05fb,input.UIowa05GN102,0.00934
input.wim1,input.UIowa05GN102,0.22668
input.wim2,input.UIowa05GN102,0.76247
input.YAMAHASHI1,input.UIowa05GN102,0.43197
input.YAMAHASHI2,input.UIowa05GN102,0.62868
input.york05ga1,input.UIowa05GN102,0.00000
input.york05ga2,input.UIowa05GN102,0.00089
input.york05ga3,input.UIowa05GN102,0.00004
input.york05ga4,input.UIowa05GN102,0.00450
input.york05ga5,input.UIowa05GN102,0.00251
input.york05gm1,input.UIowa05GN102,0.00000
input.UIUCgInt,input.UIUCgAuto,0.54553
input.UMD01,input.UIUCgAuto,0.02955
input.UMD02,input.UIUCgAuto,0.00000
input.UniGe2,input.UIUCgAuto,0.54553
input.UniGeNe,input.UIUCgAuto,0.27657
input.UniNeHug2,input.UIUCgAuto,0.46822
input.UniNeHug2c,input.UIUCgAuto,0.67220
input.uta05a,input.UIUCgAuto,0.85610
input.uta05i,input.UIUCgAuto,0.90377
input.uwmtEg05,input.UIUCgAuto,0.80894
input.uwmtEg05fb,input.UIUCgAuto,0.46822
input.wim1,input.UIUCgAuto,0.03437
input.wim2,input.UIUCgAuto,0.00251
input.YAMAHASHI1,input.UIUCgAuto,0.00004
input.YAMAHASHI2,input.UIUCgAuto,0.00014
input.york05ga1,input.UIUCgAuto,0.18357
input.york05ga2,input.UIUCgAuto,1.00000
input.york05ga3,input.UIUCgAuto,0.43197
input.york05ga4,input.UIUCgAuto,0.62868
input.york05ga5,input.UIUCgAuto,0.76247
input.york05gm1,input.UIUCgAuto,0.18357
input.UMD01,input.UIUCgInt,0.00543
input.UMD02,input.UIUCgInt,0.00000
input.UniGe2,input.UIUCgInt,0.22668
input.UniGeNe,input.UIUCgInt,0.09054
input.UniNeHug2,input.UIUCgInt,0.90377
input.UniNeHug2c,input.UIUCgInt,0.30413
input.uta05a,input.UIUCgInt,0.67220
input.uta05i,input.UIUCgInt,0.62868
input.uwmtEg05,input.UIUCgInt,0.71684
input.uwmtEg05fb,input.UIUCgInt,0.18357
input.wim1,input.UIUCgInt,0.00653
input.wim2,input.UIUCgInt,0.00029
input.YAMAHASHI1,input.UIUCgInt,0.00000
input.YAMAHASHI2,input.UIUCgInt,0.00001
input.york05ga1,input.UIUCgInt,0.46822
input.york05ga2,input.UIUCgInt,0.54553
input.york05ga3,input.UIUCgInt,0.85610
input.york05ga4,input.UIUCgInt,0.27657
input.york05ga5,input.UIUCgInt,0.36456
input.york05gm1,input.UIUCgInt,0.46822
input.UMD02,input.UMD01,0.00007
input.UniGe2,input.UMD01,0.11603
input.UniGeNe,input.UMD01,0.27657
input.UniNeHug2,input.UMD01,0.00371
input.UniNeHug2c,input.UMD01,0.07960
input.uta05a,input.UMD01,0.01840
input.uta05i,input.UMD01,0.02162
input.uwmtEg05,input.UMD01,0.01561
input.uwmtEg05fb,input.UMD01,0.14685
input.wim1,input.UMD01,0.95180
input.wim2,input.UMD01,0.39740
input.YAMAHASHI1,input.UMD01,0.05307
input.YAMAHASHI2,input.UMD01,0.10266
input.york05ga1,input.UMD01,0.00045
input.york05ga2,input.UMD01,0.02955
input.york05ga3,input.UMD01,0.00306
input.york05ga4,input.UMD01,0.09054
input.york05ga5,input.UMD01,0.06095
input.york05gm1,input.UMD01,0.00045
input.UniGe2,input.UMD02,0.00000
input.UniGeNe,input.UMD02,0.00000
input.UniNeHug2,input.UMD02,0.00000
input.UniNeHug2c,input.UMD02,0.00000
input.uta05a,input.UMD02,0.00000
input.uta05i,input.UMD02,0.00000
input.uwmtEg05,input.UMD02,0.00000
input.uwmtEg05fb,input.UMD02,0.00000
input.wim1,input.UMD02,0.00005
input.wim2,input.UMD02,0.00167
input.YAMAHASHI1,input.UMD02,0.03986
input.YAMAHASHI2,input.UMD02,0.01840
input.york05ga1,input.UMD02,0.00000
input.york05ga2,input.UMD02,0.00000
input.york05ga3,input.UMD02,0.00000
input.york05ga4,input.UMD02,0.00000
input.york05ga5,input.UMD02,0.00000
input.york05gm1,input.UMD02,0.00000
input.UniGeNe,input.UniGe2,0.62868
input.UniNeHug2,input.UniGe2,0.18357
input.UniNeHug2c,input.UniGe2,0.85610
input.uta05a,input.UniGe2,0.43197
input.uta05i,input.UniGe2,0.46822
input.uwmtEg05,input.UniGe2,0.39740
input.uwmtEg05fb,input.UniGe2,0.90377
input.wim1,input.UniGe2,0.13074
input.wim2,input.UniGe2,0.01561
input.YAMAHASHI1,input.UniGe2,0.00045
input.YAMAHASHI2,input.UniGe2,0.00136
input.york05ga1,input.UniGe2,0.05307
input.york05ga2,input.UniGe2,0.54553
input.york05ga3,input.UniGe2,0.16444
input.york05ga4,input.UniGe2,0.90377
input.york05ga5,input.UniGe2,0.76247
input.york05gm1,input.UniGe2,0.05307
input.UniNeHug2,input.UniGeNe,0.06976
input.UniNeHug2c,input.UniGeNe,0.50610
input.uta05a,input.UniGeNe,0.20430
input.uta05i,input.UniGeNe,0.22668
input.uwmtEg05,input.UniGeNe,0.18357
input.uwmtEg05fb,input.UniGeNe,0.71684
input.wim1,input.UniGeNe,0.30413
input.wim2,input.UniGeNe,0.05307
input.YAMAHASHI1,input.UniGeNe,0.00251
input.YAMAHASHI2,input.UniGeNe,0.00653
input.york05ga1,input.UniGeNe,0.01561
input.york05ga2,input.UniGeNe,0.27657
input.york05ga3,input.UniGeNe,0.06095
input.york05ga4,input.UniGeNe,0.54553
input.york05ga5,input.UniGeNe,0.43197
input.york05gm1,input.UniGeNe,0.01561
input.UniNeHug2c,input.UniNeHug2,0.25076
input.uta05a,input.UniNeHug2,0.58642
input.uta05i,input.UniNeHug2,0.54553
input.uwmtEg05,input.UniNeHug2,0.62868
input.uwmtEg05fb,input.UniNeHug2,0.14685
input.wim1,input.UniNeHug2,0.00450
input.wim2,input.UniNeHug2,0.00018
input.YAMAHASHI1,input.UniNeHug2,0.00000
input.YAMAHASHI2,input.UniNeHug2,0.00001
input.york05ga1,input.UniNeHug2,0.54553
input.york05ga2,input.UniNeHug2,0.46822
input.york05ga3,input.UniNeHug2,0.95180
input.york05ga4,input.UniNeHug2,0.22668
input.york05ga5,input.UniNeHug2,0.30413
input.york05gm1,input.UniNeHug2,0.54553
input.uta05a,input.UniNeHug2c,0.54553
input.uta05i,input.UniNeHug2c,0.58642
input.uwmtEg05,input.UniNeHug2c,0.50610
input.uwmtEg05fb,input.UniNeHug2c,0.76247
input.wim1,input.UniNeHug2c,0.09054
input.wim2,input.UniNeHug2c,0.00934
input.YAMAHASHI1,input.UniNeHug2c,0.00023
input.YAMAHASHI2,input.UniNeHug2c,0.00071
input.york05ga1,input.UniNeHug2c,0.07960
input.york05ga2,input.UniNeHug2c,0.67220
input.york05ga3,input.UniNeHug2c,0.22668
input.york05ga4,input.UniNeHug2c,0.95180
input.york05ga5,input.UniNeHug2c,0.90377
input.york05gm1,input.UniNeHug2c,0.07960
input.uta05i,input.uta05a,0.95180
input.uwmtEg05,input.uta05a,0.95180
input.uwmtEg05fb,input.uta05a,0.36456
input.wim1,input.uta05a,0.02162
input.wim2,input.uta05a,0.00136
input.YAMAHASHI1,input.uta05a,0.00002
input.YAMAHASHI2,input.uta05a,0.00007
input.york05ga1,input.uta05a,0.25076
input.york05ga2,input.uta05a,0.85610
input.york05ga3,input.uta05a,0.54553
input.york05ga4,input.uta05a,0.50610
input.york05ga5,input.uta05a,0.62868
input.york05gm1,input.uta05a,0.25076
input.uwmtEg05,input.uta05i,0.90377
input.uwmtEg05fb,input.uta05i,0.39740
input.wim1,input.uta05i,0.02531
input.wim2,input.uta05i,0.00167
input.YAMAHASHI1,input.uta05i,0.00002
input.YAMAHASHI2,input.uta05i,0.00009
input.york05ga1,input.uta05i,0.22668
input.york05ga2,input.uta05i,0.90377
input.york05ga3,input.uta05i,0.50610
input.york05ga4,input.uta05i,0.54553
input.york05ga5,input.uta05i,0.67220
input.york05gm1,input.uta05i,0.22668
input.uwmtEg05fb,input.uwmtEg05,0.33346
input.wim1,input.uwmtEg05,0.01840
input.wim2,input.uwmtEg05,0.00110
input.YAMAHASHI1,input.uwmtEg05,0.00001
input.YAMAHASHI2,input.uwmtEg05,0.00005
input.york05ga1,input.uwmtEg05,0.27657
input.york05ga2,input.uwmtEg05,0.80894
input.york05ga3,input.uwmtEg05,0.58642
input.york05ga4,input.uwmtEg05,0.46822
input.york05ga5,input.uwmtEg05,0.58642
input.york05gm1,input.uwmtEg05,0.27657
input.wim1,input.uwmtEg05fb,0.16444
input.wim2,input.uwmtEg05fb,0.02162
input.YAMAHASHI1,input.uwmtEg05fb,0.00071
input.YAMAHASHI2,input.uwmtEg05fb,0.00205
input.york05ga1,input.uwmtEg05fb,0.03986
input.york05ga2,input.uwmtEg05fb,0.46822
input.york05ga3,input.uwmtEg05fb,0.13074
input.york05ga4,input.uwmtEg05fb,0.80894
input.york05ga5,input.uwmtEg05fb,0.67220
input.york05gm1,input.uwmtEg05fb,0.03986
input.wim2,input.wim1,0.36456
input.YAMAHASHI1,input.wim1,0.04607
input.YAMAHASHI2,input.wim1,0.09054
input.york05ga1,input.wim1,0.00057
input.york05ga2,input.wim1,0.03437
input.york05ga3,input.wim1,0.00371
input.york05ga4,input.wim1,0.10266
input.york05ga5,input.wim1,0.06976
input.york05gm1,input.wim1,0.00057
input.YAMAHASHI1,input.wim2,0.27657
input.YAMAHASHI2,input.wim2,0.43197
input.york05ga1,input.wim2,0.00001
input.york05ga2,input.wim2,0.00251
input.york05ga3,input.wim2,0.00014
input.york05ga4,input.wim2,0.01112
input.york05ga5,input.wim2,0.00653
input.york05gm1,input.wim2,0.00001
input.YAMAHASHI2,input.YAMAHASHI1,0.76247
input.york05ga1,input.YAMAHASHI1,0.00000
input.york05ga2,input.YAMAHASHI1,0.00004
input.york05ga3,input.YAMAHASHI1,0.00000
input.york05ga4,input.YAMAHASHI1,0.00029
input.york05ga5,input.YAMAHASHI1,0.00014
input.york05gm1,input.YAMAHASHI1,0.00000
input.york05ga1,input.YAMAHASHI2,0.00000
input.york05ga2,input.YAMAHASHI2,0.00014
input.york05ga3,input.YAMAHASHI2,0.00000
input.york05ga4,input.YAMAHASHI2,0.00089
input.york05ga5,input.YAMAHASHI2,0.00045
input.york05gm1,input.YAMAHASHI2,0.00000
input.york05ga2,input.york05ga1,0.18357
input.york05ga3,input.york05ga1,0.58642
input.york05ga4,input.york05ga1,0.06976
input.york05ga5,input.york05ga1,0.10266
input.york05gm1,input.york05ga1,1.00000
input.york05ga3,input.york05ga2,0.43197
input.york05ga4,input.york05ga2,0.62868
input.york05ga5,input.york05ga2,0.76247
input.york05gm1,input.york05ga2,0.18357
input.york05ga4,input.york05ga3,0.20430
input.york05ga5,input.york05ga3,0.27657
input.york05gm1,input.york05ga3,0.58642
input.york05ga5,input.york05ga4,0.85610
input.york05gm1,input.york05ga4,0.06976
input.york05gm1,input.york05ga5,0.10266
